complaint_id,complaint_text,normalized_text,category,department,priority,location_type,specific_location,is_duplicate,duplicate_of_id
CMP-00665,"Boys Hostel Washroom la pipe la water leak aagudhu, immediate ah solve pannunga.",boys hostel washroom la pipe la water leak aagudhu immediate ah solve pannunga,Water and Plumbing,Plumbing and Civil Maintenance,High,Canteen,Boys Hostel Washroom,0,
CMP-02261,ID card request delay aagudhu at Accounts Office. Kindly action edunga.,id card request delay aagudhu at accounts office kindly action edunga,Administration and Documents,Administrative Office,Low,Office,Accounts Office,0,
CMP-02141,Please check a vehicle is blocking the campus entrance at Route 3 Bus Stop.,please check a vehicle is blocking the campus entrance at route 3 bus stop,Transport and Parking,Transport Cell,Low,Parking,Route 3 Bus Stop,0,
CMP-01623,North Canteen இல் உணவு சுகாதாரமற்றதாக உள்ளது. உடனடியாக நடவடிக்கை எடுக்கவும்.,north canteen இல உணவ ச க த ரமற றத க உள ளத உடனட ய க நடவட க க எட க கவ ம,Food and Canteen,Canteen Committee,Low,Canteen,North Canteen,0,
CMP-01053,Urgent attention is needed because the room door lock is broken in Boys Hostel Block B.,urgent attention is needed because the room door lock is broken in boys hostel block b,Hostel and Accommodation,Hostel Administration,Medium,Hostel,Boys Hostel Block B,0,
CMP-01501,window damage aagiruku at Boys Hostel Block B. Kindly action edunga.,window damage aagiruku at boys hostel block b kindly action edunga,Hostel and Accommodation,Hostel Administration,High,Hostel,Boys Hostel Block B,0,
CMP-01646,C-101 area la classroom ventilation poor ah iruku.,c 101 area la classroom ventilation poor ah iruku,Classroom and Laboratory,Academic Infrastructure,Medium,Laboratory,C-101,0,
CMP-00402,Please check the bus route was changed without notice at Route 2 Bus Stop.,please check the bus route was changed without notice at route 2 bus stop,Transport and Parking,Transport Cell,Critical,Campus Road,Route 2 Bus Stop,0,
CMP-01073,Engineering Block area la current supply illa.,engineering block area la current supply illa,Electrical and Power,Electrical Maintenance,Medium,Classroom,Engineering Block,0,
CMP-01485,"C-204 la AC work aagala, immediate ah solve pannunga.",c 204 la ac work aagala immediate ah solve pannunga,Classroom and Laboratory,Academic Infrastructure,High,Classroom,C-204,0,
CMP-02039,There is a problem because the canteen service is very slow at North Canteen.,there is a problem because the canteen service is very slow at north canteen,Food and Canteen,Canteen Committee,High,Canteen,North Canteen,0,
CMP-00642,Central Library Reading Hall la ERP login aagala. Please check pannunga.,central library reading hall la erp login aagala please check pannunga,Wi-Fi and IT Services,IT Support and Network Cell,Medium,Laboratory,Central Library Reading Hall,0,
CMP-02766,Route 2 Bus Stop இல் வளாக பேருந்து தாமதமாக வந்தது. உடனடியாக நடவடிக்கை எடுக்கவும்.,route 2 bus stop இல வள க ப ர ந த த மதம க வந தத உடனட ய க நடவட க க எட க கவ ம,Transport and Parking,Transport Cell,Critical,Parking,Route 2 Bus Stop,0,
CMP-03772,Boys Hostel Block B பகுதியில் அறை சுத்தம் செய்யப்படவில்லை. தயவுசெய்து சரிசெய்யவும்.,boys hostel block b பக த ய ல அற ச த தம ச ய யப படவ ல ல தயவ ச ய த சர ச ய யவ ம,Hostel and Accommodation,Hostel Administration,Medium,Hostel,Boys Hostel Block B,1,CMP-01053
CMP-03549,bus route notice illama change pannitanga at Route 2 Bus Stop. Kindly action edunga.,bus route notice illama change pannitanga at route 2 bus stop kindly action edunga,Transport and Parking,Transport Cell,Critical,Parking,Route 2 Bus Stop,1,CMP-02766
CMP-02569,garbage accumulate aagiruku at Girls Hostel Washroom. Kindly action edunga.,garbage accumulate aagiruku at girls hostel washroom kindly action edunga,Cleanliness and Waste,Housekeeping and Sanitation,High,Campus Road,Girls Hostel Washroom,0,
CMP-00656,fan work aagala at Hostel Block B. Kindly action edunga.,fan work aagala at hostel block b kindly action edunga,Electrical and Power,Electrical Maintenance,Medium,Hostel,Hostel Block B,0,
CMP-03012,I want to report that the student portal is not loading in Central Library Reading Hall.,i want to report that the student portal is not loading in central library reading hall,Wi-Fi and IT Services,IT Support and Network Cell,Medium,Laboratory,Central Library Reading Hall,1,CMP-00642
CMP-01991,Accounts Office பகுதியில் அடையாள அட்டை கோரிக்கை தாமதமாகிறது. தயவுசெய்து சரிசெய்யவும்.,accounts office பக த ய ல அட ய ள அட ட க ர க க த மதம க றத தயவ ச ய த சர ச ய யவ ம,Administration and Documents,Administrative Office,Low,Office,Accounts Office,0,
CMP-02861,wifi work aagala at Computer Laboratory. Kindly action edunga.,wifi work aagala at computer laboratory kindly action edunga,Wi-Fi and IT Services,IT Support and Network Cell,High,Classroom,Computer Laboratory,0,
CMP-01472,There is a problem because the room has a damaged window at Hostel Room 214.,there is a problem because the room has a damaged window at hostel room 214,Hostel and Accommodation,Hostel Administration,High,Hostel,Hostel Room 214,0,
CMP-02635,Please check the water tank is overflowing at Engineering Block.,please check the water tank is overflowing at engineering block,Water and Plumbing,Plumbing and Civil Maintenance,Critical,Campus Building,Engineering Block,0,
CMP-01416,Computer Laboratory area la classroom bench broken ah iruku.,computer laboratory area la classroom bench broken ah iruku,Classroom and Laboratory,Academic Infrastructure,Medium,Classroom,Computer Laboratory,0,
CMP-00224,ஆய்வக உபகரணம் வேலை செய்யவில்லை பிரச்சனை C-101 இடத்தில் உள்ளது.,ஆய வக உபகரணம வ ல ச ய யவ ல ல ப ரச சன c 101 இடத த ல உள ளத,Classroom and Laboratory,Academic Infrastructure,Medium,Laboratory,C-101,0,
CMP-02322,There is a problem because there is a broken glass panel at Library Entrance.,there is a problem because there is a broken glass panel at library entrance,Safety and Security,Security Office,Critical,Parking,Library Entrance,0,
CMP-02258,Engineering Block பகுதியில் படிக்கட்டு கைப்பிடி தளர்வாக உள்ளது. தயவுசெய்து சரிசெய்யவும்.,engineering block பக த ய ல பட க கட ட க ப ப ட தளர வ க உள ளத தயவ ச ய த சர ச ய யவ ம,Safety and Security,Security Office,Medium,Hostel,Engineering Block,0,
CMP-02742,"Library Entrance la unauthorized person hostel area la vandhirukanga, immediate ah solve pannunga.",library entrance la unauthorized person hostel area la vandhirukanga immediate ah solve pannunga,Safety and Security,Security Office,Medium,Campus Road,Library Entrance,0,
CMP-03605,Urgent attention is needed because the scholarship application status is not updated in Accounts Office.,urgent attention is needed because the scholarship application status is not updated in accounts office,Administration and Documents,Administrative Office,Low,Office,Accounts Office,1,CMP-02261
CMP-03701,C-101 area la lab equipment work aagala.,c 101 area la lab equipment work aagala,Classroom and Laboratory,Academic Infrastructure,Medium,Laboratory,C-101,1,CMP-00224
CMP-03386,"Engineering Block la pipe la water leak aagudhu, immediate ah solve pannunga.",engineering block la pipe la water leak aagudhu immediate ah solve pannunga,Water and Plumbing,Plumbing and Civil Maintenance,Critical,Campus Building,Engineering Block,1,CMP-02635
CMP-02465,உணவின் தரம் மோசமாக உள்ளது பிரச்சனை North Canteen இடத்தில் உள்ளது.,உணவ ன தரம ம சம க உள ளத ப ரச சன north canteen இடத த ல உள ளத,Food and Canteen,Canteen Committee,Low,Canteen,North Canteen,0,
CMP-01639,I want to report that the room has a damaged window in Hostel Room 214.,i want to report that the room has a damaged window in hostel room 214,Hostel and Accommodation,Hostel Administration,High,Hostel,Hostel Room 214,0,
CMP-00078,Central Library இல் ஈஆர்பி உள்நுழைவு தோல்வியடைந்தது. உடனடியாக நடவடிக்கை எடுக்கவும்.,central library இல ஈஆர ப உள ந ழ வ த ல வ யட ந தத உடனட ய க நடவட க க எட க கவ ம,Wi-Fi and IT Services,IT Support and Network Cell,High,Laboratory,Central Library,0,
CMP-02576,Hostel Block B இல் மின்பலகையின் அருகில் தண்ணீர் கசிகிறது. உடனடியாக நடவடிக்கை எடுக்கவும்.,hostel block b இல ம ன பலக ய ன அர க ல தண ண ர கச க றத உடனட ய க நடவட க க எட க கவ ம,Safety and Security,Security Office,Medium,Campus Road,Hostel Block B,0,
CMP-01364,North Canteen area la food hygiene illa.,north canteen area la food hygiene illa,Food and Canteen,Canteen Committee,Medium,Canteen,North Canteen,0,
CMP-01348,Examination Cell la fee payment portal la update aagala. Please check pannunga.,examination cell la fee payment portal la update aagala please check pannunga,Administration and Documents,Administrative Office,Low,Office,Examination Cell,0,
CMP-02963,I want to report that the bus is overcrowded in Route 1 Bus Stop.,i want to report that the bus is overcrowded in route 1 bus stop,Transport and Parking,Transport Cell,Medium,Parking,Route 1 Bus Stop,0,
CMP-03796,Please check the scholarship application status is not updated at Accounts Office.,please check the scholarship application status is not updated at accounts office,Administration and Documents,Administrative Office,Low,Office,Accounts Office,1,CMP-01991
CMP-03419,I want to report that water is leaking near an electrical panel in Engineering Block.,i want to report that water is leaking near an electrical panel in engineering block,Safety and Security,Security Office,Medium,Hostel,Engineering Block,1,CMP-02258
CMP-01816,Parking Area la campus street light work aagala. Please check pannunga.,parking area la campus street light work aagala please check pannunga,Safety and Security,Security Office,High,Parking,Parking Area,0,
CMP-00580,C-305 பகுதியில் மின்விசிறி வேலை செய்யவில்லை. தயவுசெய்து சரிசெய்யவும்.,c 305 பக த ய ல ம ன வ ச ற வ ல ச ய யவ ல ல தயவ ச ய த சர ச ய யவ ம,Electrical and Power,Electrical Maintenance,Medium,Classroom,C-305,0,
CMP-01700,Urgent attention is needed because an unauthorized person entered the hostel area in Campus Road.,urgent attention is needed because an unauthorized person entered the hostel area in campus road,Safety and Security,Security Office,Medium,Hostel,Campus Road,0,
CMP-01844,Computer Laboratory area la AC work aagala.,computer laboratory area la ac work aagala,Classroom and Laboratory,Academic Infrastructure,High,Laboratory,Computer Laboratory,0,
CMP-01663,Library Washroom area la waste area pakkathula bad smell iruku.,library washroom area la waste area pakkathula bad smell iruku,Cleanliness and Waste,Housekeeping and Sanitation,High,Washroom,Library Washroom,0,
CMP-02038,Computer Laboratory la current supply illa. Please check pannunga.,computer laboratory la current supply illa please check pannunga,Electrical and Power,Electrical Maintenance,Medium,Laboratory,Computer Laboratory,0,
CMP-02971,Hostel Block A area la internet romba slow ah iruku.,hostel block a area la internet romba slow ah iruku,Wi-Fi and IT Services,IT Support and Network Cell,Low,Classroom,Hostel Block A,0,
CMP-03400,Urgent attention is needed because the projector is not displaying in Computer Laboratory.,urgent attention is needed because the projector is not displaying in computer laboratory,Classroom and Laboratory,Academic Infrastructure,Medium,Classroom,Computer Laboratory,1,CMP-01416
CMP-00948,Hostel Block A area la student portal load aagala.,hostel block a area la student portal load aagala,Wi-Fi and IT Services,IT Support and Network Cell,High,Laboratory,Hostel Block A,0,
CMP-02218,glass panel broken ah iruku at Campus Road. Kindly action edunga.,glass panel broken ah iruku at campus road kindly action edunga,Safety and Security,Security Office,Medium,Parking,Campus Road,0,
CMP-02909,வைஃபை வேலை செய்யவில்லை பிரச்சனை Hostel Block A இடத்தில் உள்ளது.,வ ஃப வ ல ச ய யவ ல ல ப ரச சன hostel block a இடத த ல உள ளத,Wi-Fi and IT Services,IT Support and Network Cell,Medium,Hostel,Hostel Block A,0,
CMP-03833,C-305 la current supply illa. Please check pannunga.,c 305 la current supply illa please check pannunga,Electrical and Power,Electrical Maintenance,Medium,Classroom,C-305,1,CMP-00580
CMP-01618,campus street light work aagala at Hostel Block B. Kindly action edunga.,campus street light work aagala at hostel block b kindly action edunga,Safety and Security,Security Office,Critical,Campus Road,Hostel Block B,0,
CMP-00530,I want to report that the campus street light is not working in Campus Road.,i want to report that the campus street light is not working in campus road,Safety and Security,Security Office,Medium,Parking,Campus Road,0,
CMP-00887,"Hostel Room 214 la window damage aagiruku, immediate ah solve pannunga.",hostel room 214 la window damage aagiruku immediate ah solve pannunga,Hostel and Accommodation,Hostel Administration,Medium,Hostel,Hostel Room 214,0,
CMP-00476,There is a problem because a vehicle is blocking the campus entrance at Route 3 Bus Stop.,there is a problem because a vehicle is blocking the campus entrance at route 3 bus stop,Transport and Parking,Transport Cell,Low,Campus Road,Route 3 Bus Stop,0,
CMP-03756,உணவு சுகாதாரமற்றதாக உள்ளது பிரச்சனை North Canteen இடத்தில் உள்ளது.,உணவ ச க த ரமற றத க உள ளத ப ரச சன north canteen இடத த ல உள ளத,Food and Canteen,Canteen Committee,Medium,Canteen,North Canteen,1,CMP-01364
CMP-02517,Electronics Laboratory பகுதியில் ப்ரொஜெக்டர் காட்சி அளிக்கவில்லை. தயவுசெய்து சரிசெய்யவும்.,electronics laboratory பக த ய ல ப ர ஜ க டர க ட ச அள க கவ ல ல தயவ ச ய த சர ச ய யவ ம,Classroom and Laboratory,Academic Infrastructure,Medium,Laboratory,Electronics Laboratory,0,
CMP-02368,Please check the campus bus arrived late at Route 2 Bus Stop.,please check the campus bus arrived late at route 2 bus stop,Transport and Parking,Transport Cell,Low,Parking,Route 2 Bus Stop,0,
CMP-01982,Urgent attention is needed because there is a bad smell near the waste area in Library Washroom.,urgent attention is needed because there is a bad smell near the waste area in library washroom,Cleanliness and Waste,Housekeeping and Sanitation,Low,Campus Road,Library Washroom,0,
CMP-01994,Campus Road பகுதியில் வளாக தெருவிளக்கு வேலை செய்யவில்லை. தயவுசெய்து சரிசெய்யவும்.,campus road பக த ய ல வள க த ர வ ளக க வ ல ச ய யவ ல ல தயவ ச ய த சர ச ய யவ ம,Safety and Security,Security Office,Medium,Parking,Campus Road,0,
CMP-02290,Hostel Room 312 இல் அறை கதவு பூட்டு உடைந்துள்ளது. உடனடியாக நடவடிக்கை எடுக்கவும்.,hostel room 312 இல அற கதவ ப ட ட உட ந த ள ளத உடனட ய க நடவட க க எட க கவ ம,Hostel and Accommodation,Hostel Administration,High,Hostel,Hostel Room 312,0,
CMP-01829,Please check the room door lock is broken at Girls Hostel Block A.,please check the room door lock is broken at girls hostel block a,Hostel and Accommodation,Hostel Administration,High,Hostel,Girls Hostel Block A,0,
CMP-02700,Route 1 Bus Stop பகுதியில் வளாக பேருந்து தாமதமாக வந்தது. தயவுசெய்து சரிசெய்யவும்.,route 1 bus stop பக த ய ல வள க ப ர ந த த மதம க வந தத தயவ ச ய த சர ச ய யவ ம,Transport and Parking,Transport Cell,Medium,Parking,Route 1 Bus Stop,0,
CMP-00469,College Entrance area la bus route notice illama change pannitanga.,college entrance area la bus route notice illama change pannitanga,Transport and Parking,Transport Cell,High,Parking,College Entrance,0,
CMP-01722,Urgent attention is needed because the bus is overcrowded in Route 3 Bus Stop.,urgent attention is needed because the bus is overcrowded in route 3 bus stop,Transport and Parking,Transport Cell,Medium,Campus Road,Route 3 Bus Stop,0,
CMP-03391,I want to report that the Wi-Fi is not working in Hostel Block A.,i want to report that the wi fi is not working in hostel block a,Wi-Fi and IT Services,IT Support and Network Cell,High,Laboratory,Hostel Block A,1,CMP-00948
CMP-00214,I want to report that the water tank is overflowing in Engineering Block.,i want to report that the water tank is overflowing in engineering block,Water and Plumbing,Plumbing and Civil Maintenance,Critical,Canteen,Engineering Block,0,
CMP-00188,I want to report that the drinking water dispenser is not working in North Canteen.,i want to report that the drinking water dispenser is not working in north canteen,Food and Canteen,Canteen Committee,High,Canteen,North Canteen,0,
CMP-03883,Girls Hostel Block A பகுதியில் அறை கதவு பூட்டு உடைந்துள்ளது. தயவுசெய்து சரிசெய்யவும்.,girls hostel block a பக த ய ல அற கதவ ப ட ட உட ந த ள ளத தயவ ச ய த சர ச ய யவ ம,Hostel and Accommodation,Hostel Administration,High,Hostel,Girls Hostel Block A,1,CMP-01829
CMP-03187,glass panel broken ah iruku at Campus Road. Kindly action edunga.,glass panel broken ah iruku at campus road kindly action edunga,Safety and Security,Security Office,Medium,Parking,Campus Road,1,CMP-01994
CMP-03556,Please check the laboratory computer cannot access the network at Hostel Block A.,please check the laboratory computer cannot access the network at hostel block a,Wi-Fi and IT Services,IT Support and Network Cell,Low,Classroom,Hostel Block A,1,CMP-02971
CMP-00086,AI Laboratory இல் வைஃபை வேலை செய்யவில்லை. உடனடியாக நடவடிக்கை எடுக்கவும்.,ai laboratory இல வ ஃப வ ல ச ய யவ ல ல உடனட ய க நடவட க க எட க கவ ம,Wi-Fi and IT Services,IT Support and Network Cell,High,Laboratory,AI Laboratory,0,
CMP-01553,Girls Hostel Block B இல் ஜன்னல் சேதமடைந்துள்ளது. உடனடியாக நடவடிக்கை எடுக்கவும்.,girls hostel block b இல ஜன னல ச தமட ந த ள ளத உடனட ய க நடவட க க எட க கவ ம,Hostel and Accommodation,Hostel Administration,Low,Hostel,Girls Hostel Block B,0,
CMP-02334,I want to report that the student portal is not loading in Central Library.,i want to report that the student portal is not loading in central library,Wi-Fi and IT Services,IT Support and Network Cell,Medium,Laboratory,Central Library,0,
CMP-03145,Urgent attention is needed because the bus is overcrowded in College Entrance.,urgent attention is needed because the bus is overcrowded in college entrance,Transport and Parking,Transport Cell,High,Parking,College Entrance,1,CMP-00469
CMP-00960,Academic Office இல் கட்டண செலுத்துதல் தளத்தில் புதுப்பிக்கப்படவில்லை. உடனடியாக நடவடிக்கை எடுக்கவும்.,academic office இல கட டண ச ல த த தல தளத த ல ப த ப ப க கப படவ ல ல உடனட ய க நடவட க க எட க கவ ம,Administration and Documents,Administrative Office,Medium,Office,Academic Office,0,
CMP-00919,Please check the toilet is blocked at Boys Hostel Washroom.,please check the toilet is blocked at boys hostel washroom,Water and Plumbing,Plumbing and Civil Maintenance,Medium,Campus Building,Boys Hostel Washroom,0,
CMP-01698,Campus Road area la glass panel broken ah iruku.,campus road area la glass panel broken ah iruku,Safety and Security,Security Office,High,Campus Road,Campus Road,0,
CMP-03713,There is a problem because the laboratory equipment is not functioning at Electronics Laboratory.,there is a problem because the laboratory equipment is not functioning at electronics laboratory,Classroom and Laboratory,Academic Infrastructure,Medium,Laboratory,Electronics Laboratory,1,CMP-02517
CMP-00891,I want to report that the classroom bench is broken in C-204.,i want to report that the classroom bench is broken in c 204,Classroom and Laboratory,Academic Infrastructure,Medium,Laboratory,C-204,0,
CMP-02036,"Academic Office la ID card request delay aagudhu, immediate ah solve pannunga.",academic office la id card request delay aagudhu immediate ah solve pannunga,Administration and Documents,Administrative Office,Low,Office,Academic Office,0,
CMP-00470,மின்விசிறி வேலை செய்யவில்லை பிரச்சனை Engineering Block இடத்தில் உள்ளது.,ம ன வ ச ற வ ல ச ய யவ ல ல ப ரச சன engineering block இடத த ல உள ளத,Electrical and Power,Electrical Maintenance,Medium,Campus Building,Engineering Block,0,
CMP-01455,Please check water is leaking from the pipe at Hostel Block C.,please check water is leaking from the pipe at hostel block c,Water and Plumbing,Plumbing and Civil Maintenance,Medium,Campus Building,Hostel Block C,0,
CMP-03783,AI Laboratory la wifi work aagala. Please check pannunga.,ai laboratory la wifi work aagala please check pannunga,Wi-Fi and IT Services,IT Support and Network Cell,High,Laboratory,AI Laboratory,1,CMP-00086
CMP-02947,There is a problem because the food price is incorrect at Hostel Mess.,there is a problem because the food price is incorrect at hostel mess,Food and Canteen,Canteen Committee,Medium,Canteen,Hostel Mess,0,
CMP-00202,Please check the scholarship application status is not updated at Accounts Office.,please check the scholarship application status is not updated at accounts office,Administration and Documents,Administrative Office,Low,Office,Accounts Office,0,
CMP-01580,வளாக பேருந்து தாமதமாக வந்தது பிரச்சனை College Entrance இடத்தில் உள்ளது.,வள க ப ர ந த த மதம க வந தத ப ரச சன college entrance இடத த ல உள ளத,Transport and Parking,Transport Cell,Low,Campus Road,College Entrance,0,
CMP-00949,Urgent attention is needed because the marksheet correction request is pending in Academic Office.,urgent attention is needed because the marksheet correction request is pending in academic office,Administration and Documents,Administrative Office,Medium,Office,Academic Office,0,
CMP-03712,"Academic Office la marksheet correction pending la iruku, immediate ah solve pannunga.",academic office la marksheet correction pending la iruku immediate ah solve pannunga,Administration and Documents,Administrative Office,Medium,Office,Academic Office,1,CMP-00949
CMP-03874,"Hostel Room 312 la cupboard lock work aagala, immediate ah solve pannunga.",hostel room 312 la cupboard lock work aagala immediate ah solve pannunga,Hostel and Accommodation,Hostel Administration,High,Hostel,Hostel Room 312,1,CMP-02290
CMP-02341,Hostel Room 312 பகுதியில் மெத்தை சேதமடைந்துள்ளது. தயவுசெய்து சரிசெய்யவும்.,hostel room 312 பக த ய ல ம த த ச தமட ந த ள ளத தயவ ச ய த சர ச ய யவ ம,Hostel and Accommodation,Hostel Administration,High,Hostel,Hostel Room 312,0,
CMP-01255,I want to report that an unauthorized person entered the hostel area in Library Entrance.,i want to report that an unauthorized person entered the hostel area in library entrance,Safety and Security,Security Office,High,Campus Road,Library Entrance,0,
CMP-00139,Parking Area இல் குப்பை குவிந்துள்ளது. உடனடியாக நடவடிக்கை எடுக்கவும்.,parking area இல க ப ப க வ ந த ள ளத உடனட ய க நடவட க க எட க கவ ம,Cleanliness and Waste,Housekeeping and Sanitation,Low,Campus Road,Parking Area,0,
CMP-01379,Electronics Laboratory பகுதியில் ப்ரொஜெக்டர் காட்சி அளிக்கவில்லை. தயவுசெய்து சரிசெய்யவும்.,electronics laboratory பக த ய ல ப ர ஜ க டர க ட ச அள க கவ ல ல தயவ ச ய த சர ச ய யவ ம,Classroom and Laboratory,Academic Infrastructure,High,Classroom,Electronics Laboratory,0,
CMP-01523,Accounts Office பகுதியில் உதவித்தொகை நிலை புதுப்பிக்கப்படவில்லை. தயவுசெய்து சரிசெய்யவும்.,accounts office பக த ய ல உதவ த த க ந ல ப த ப ப க கப படவ ல ல தயவ ச ய த சர ச ய யவ ம,Administration and Documents,Administrative Office,Low,Office,Accounts Office,0,
CMP-03582,Girls Hostel Block B area la mattress damage aagiruku.,girls hostel block b area la mattress damage aagiruku,Hostel and Accommodation,Hostel Administration,Low,Hostel,Girls Hostel Block B,1,CMP-01553
CMP-03313,Academic Office area la ID card request delay aagudhu.,academic office area la id card request delay aagudhu,Administration and Documents,Administrative Office,Medium,Office,Academic Office,1,CMP-00960
CMP-00817,உணவின் தரம் மோசமாக உள்ளது பிரச்சனை Main Canteen இடத்தில் உள்ளது.,உணவ ன தரம ம சம க உள ளத ப ரச சன main canteen இடத த ல உள ளத,Food and Canteen,Canteen Committee,Medium,Canteen,Main Canteen,0,
CMP-02609,தண்ணீர் வழங்கல் இல்லை பிரச்சனை Boys Hostel Washroom இடத்தில் உள்ளது.,தண ண ர வழங கல இல ல ப ரச சன boys hostel washroom இடத த ல உள ளத,Water and Plumbing,Plumbing and Civil Maintenance,Medium,Hostel,Boys Hostel Washroom,0,
CMP-02540,"Central Library Reading Hall la lab computer network connect aagala, immediate ah solve pannunga.",central library reading hall la lab computer network connect aagala immediate ah solve pannunga,Wi-Fi and IT Services,IT Support and Network Cell,Medium,Classroom,Central Library Reading Hall,0,
CMP-00987,projector display varala at C-204. Kindly action edunga.,projector display varala at c 204 kindly action edunga,Classroom and Laboratory,Academic Infrastructure,Medium,Laboratory,C-204,0,
CMP-01062,Examination Cell பகுதியில் உதவித்தொகை நிலை புதுப்பிக்கப்படவில்லை. தயவுசெய்து சரிசெய்யவும்.,examination cell பக த ய ல உதவ த த க ந ல ப த ப ப க கப படவ ல ல தயவ ச ய த சர ச ய யவ ம,Administration and Documents,Administrative Office,Medium,Office,Examination Cell,0,
CMP-00976,Hostel Mess la food quality poor ah iruku. Please check pannunga.,hostel mess la food quality poor ah iruku please check pannunga,Food and Canteen,Canteen Committee,Critical,Canteen,Hostel Mess,0,
CMP-02254,I want to report that the scholarship application status is not updated in Accounts Office.,i want to report that the scholarship application status is not updated in accounts office,Administration and Documents,Administrative Office,Medium,Office,Accounts Office,0,
CMP-03078,பொனஃபைடு சான்றிதழ் கோரிக்கை நிலுவையில் உள்ளது பிரச்சனை Accounts Office இடத்தில் உள்ளது.,ப னஃப ட ச ன ற தழ க ர க க ந ல வ ய ல உள ளத ப ரச சன accounts office இடத த ல உள ளத,Administration and Documents,Administrative Office,Low,Office,Accounts Office,1,CMP-00202
CMP-02043,Urgent attention is needed because the mattress is damaged in Hostel Room 214.,urgent attention is needed because the mattress is damaged in hostel room 214,Hostel and Accommodation,Hostel Administration,Medium,Hostel,Hostel Room 214,0,
CMP-02111,Urgent attention is needed because the laboratory equipment is not functioning in Computer Laboratory.,urgent attention is needed because the laboratory equipment is not functioning in computer laboratory,Classroom and Laboratory,Academic Infrastructure,Medium,Laboratory,Computer Laboratory,0,
CMP-02468,There is a problem because there is a bad smell near the waste area at Parking Area.,there is a problem because there is a bad smell near the waste area at parking area,Cleanliness and Waste,Housekeeping and Sanitation,Low,Washroom,Parking Area,0,
CMP-01127,I want to report that the ERP login is failing in AI Laboratory.,i want to report that the erp login is failing in ai laboratory,Wi-Fi and IT Services,IT Support and Network Cell,Medium,Laboratory,AI Laboratory,0,
CMP-02209,I want to report that there is no water supply in Girls Hostel Washroom.,i want to report that there is no water supply in girls hostel washroom,Water and Plumbing,Plumbing and Civil Maintenance,High,Canteen,Girls Hostel Washroom,0,
CMP-01887,Computer Laboratory பகுதியில் மின்விசிறி வேலை செய்யவில்லை. தயவுசெய்து சரிசெய்யவும்.,computer laboratory பக த ய ல ம ன வ ச ற வ ல ச ய யவ ல ல தயவ ச ய த சர ச ய யவ ம,Electrical and Power,Electrical Maintenance,Low,Classroom,Computer Laboratory,0,
CMP-02751,Urgent attention is needed because the student portal is not loading in AI Laboratory.,urgent attention is needed because the student portal is not loading in ai laboratory,Wi-Fi and IT Services,IT Support and Network Cell,Medium,Classroom,AI Laboratory,0,
CMP-03587,"Engineering Block la current supply illa, immediate ah solve pannunga.",engineering block la current supply illa immediate ah solve pannunga,Electrical and Power,Electrical Maintenance,Medium,Campus Building,Engineering Block,1,CMP-00470
CMP-01586,drinking water dispenser work aagala at North Canteen. Kindly action edunga.,drinking water dispenser work aagala at north canteen kindly action edunga,Food and Canteen,Canteen Committee,High,Canteen,North Canteen,0,
CMP-03066,Parking Area area la dustbin overflow aagudhu.,parking area area la dustbin overflow aagudhu,Cleanliness and Waste,Housekeeping and Sanitation,Low,Campus Road,Parking Area,1,CMP-00139
CMP-01507,வளாக தெருவிளக்கு வேலை செய்யவில்லை பிரச்சனை Hostel Block B இடத்தில் உள்ளது.,வள க த ர வ ளக க வ ல ச ய யவ ல ல ப ரச சன hostel block b இடத த ல உள ளத,Safety and Security,Security Office,Medium,Parking,Hostel Block B,0,
CMP-01320,ப்ரொஜெக்டர் காட்சி அளிக்கவில்லை பிரச்சனை C-101 இடத்தில் உள்ளது.,ப ர ஜ க டர க ட ச அள க கவ ல ல ப ரச சன c 101 இடத த ல உள ளத,Classroom and Laboratory,Academic Infrastructure,Medium,Laboratory,C-101,0,
CMP-03157,room door lock broken ah iruku at Hostel Room 214. Kindly action edunga.,room door lock broken ah iruku at hostel room 214 kindly action edunga,Hostel and Accommodation,Hostel Administration,Medium,Hostel,Hostel Room 214,1,CMP-02043
CMP-01826,corridor light eriyala at Computer Laboratory. Kindly action edunga.,corridor light eriyala at computer laboratory kindly action edunga,Electrical and Power,Electrical Maintenance,Medium,Hostel,Computer Laboratory,0,
CMP-00117,Examination Cell இல் பொனஃபைடு சான்றிதழ் கோரிக்கை நிலுவையில் உள்ளது. உடனடியாக நடவடிக்கை எடுக்கவும்.,examination cell இல ப னஃப ட ச ன ற தழ க ர க க ந ல வ ய ல உள ளத உடனட ய க நடவட க க எட க கவ ம,Administration and Documents,Administrative Office,High,Office,Examination Cell,0,
CMP-02698,Library Washroom பகுதியில் கழிவறை சுத்தம் செய்யப்படவில்லை. தயவுசெய்து சரிசெய்யவும்.,library washroom பக த ய ல கழ வற ச த தம ச ய யப படவ ல ல தயவ ச ய த சர ச ய யவ ம,Cleanliness and Waste,Housekeeping and Sanitation,High,Washroom,Library Washroom,0,
CMP-02828,கழிவறை சுத்தம் செய்யப்படவில்லை பிரச்சனை Library Washroom இடத்தில் உள்ளது.,கழ வற ச த தம ச ய யப படவ ல ல ப ரச சன library washroom இடத த ல உள ளத,Cleanliness and Waste,Housekeeping and Sanitation,Medium,Canteen,Library Washroom,0,
CMP-02266,Route 2 Bus Stop பகுதியில் அறிவிப்பின்றி பேருந்து பாதை மாற்றப்பட்டது. தயவுசெய்து சரிசெய்யவும்.,route 2 bus stop பக த ய ல அற வ ப ப ன ற ப ர ந த ப த ம ற றப பட டத தயவ ச ய த சர ச ய யவ ம,Transport and Parking,Transport Cell,Medium,Parking,Route 2 Bus Stop,0,
CMP-03427,"Route 2 Bus Stop la campus bus late ah vandhuchu, immediate ah solve pannunga.",route 2 bus stop la campus bus late ah vandhuchu immediate ah solve pannunga,Transport and Parking,Transport Cell,Medium,Parking,Route 2 Bus Stop,1,CMP-02266
CMP-03837,electrical panel pakkathula water leak aagudhu at Hostel Block B. Kindly action edunga.,electrical panel pakkathula water leak aagudhu at hostel block b kindly action edunga,Safety and Security,Security Office,Medium,Parking,Hostel Block B,1,CMP-01507
CMP-03280,"Examination Cell la fee payment portal la update aagala, immediate ah solve pannunga.",examination cell la fee payment portal la update aagala immediate ah solve pannunga,Administration and Documents,Administrative Office,High,Office,Examination Cell,1,CMP-00117
CMP-01332,I want to report that the water tank is overflowing in Hostel Block C.,i want to report that the water tank is overflowing in hostel block c,Water and Plumbing,Plumbing and Civil Maintenance,High,Canteen,Hostel Block C,0,
CMP-00419,Please check the fee payment is not updated in the portal at Examination Cell.,please check the fee payment is not updated in the portal at examination cell,Administration and Documents,Administrative Office,High,Office,Examination Cell,0,
CMP-01481,தண்ணீர் வழங்கல் இல்லை பிரச்சனை Hostel Block A இடத்தில் உள்ளது.,தண ண ர வழங கல இல ல ப ரச சன hostel block a இடத த ல உள ளத,Water and Plumbing,Plumbing and Civil Maintenance,Low,Washroom,Hostel Block A,0,
CMP-03663,Accounts Office பகுதியில் உதவித்தொகை நிலை புதுப்பிக்கப்படவில்லை. தயவுசெய்து சரிசெய்யவும்.,accounts office பக த ய ல உதவ த த க ந ல ப த ப ப க கப படவ ல ல தயவ ச ய த சர ச ய யவ ம,Administration and Documents,Administrative Office,Medium,Office,Accounts Office,1,CMP-02254
CMP-00259,There is a problem because the room has a damaged window at Boys Hostel Block B.,there is a problem because the room has a damaged window at boys hostel block b,Hostel and Accommodation,Hostel Administration,Low,Hostel,Boys Hostel Block B,0,
CMP-00859,I want to report that there is a broken glass panel in Campus Road.,i want to report that there is a broken glass panel in campus road,Safety and Security,Security Office,Medium,Campus Road,Campus Road,0,
CMP-01953,Girls Hostel Block A la mattress damage aagiruku. Please check pannunga.,girls hostel block a la mattress damage aagiruku please check pannunga,Hostel and Accommodation,Hostel Administration,Medium,Hostel,Girls Hostel Block A,0,
CMP-03257,lab equipment work aagala at Computer Laboratory. Kindly action edunga.,lab equipment work aagala at computer laboratory kindly action edunga,Classroom and Laboratory,Academic Infrastructure,Medium,Laboratory,Computer Laboratory,1,CMP-02111
CMP-03292,C-101 area la projector display varala.,c 101 area la projector display varala,Classroom and Laboratory,Academic Infrastructure,Medium,Laboratory,C-101,1,CMP-01320
CMP-03577,Please check there is a bad smell near the waste area at Library Washroom.,please check there is a bad smell near the waste area at library washroom,Cleanliness and Waste,Housekeeping and Sanitation,High,Washroom,Library Washroom,1,CMP-02698
CMP-02729,Main Canteen la food hygiene illa. Please check pannunga.,main canteen la food hygiene illa please check pannunga,Food and Canteen,Canteen Committee,Medium,Canteen,Main Canteen,0,
CMP-00877,Urgent attention is needed because the mattress is damaged in Girls Hostel Block A.,urgent attention is needed because the mattress is damaged in girls hostel block a,Hostel and Accommodation,Hostel Administration,Low,Hostel,Girls Hostel Block A,0,
CMP-02548,I want to report that the cupboard lock is not working in Boys Hostel Block B.,i want to report that the cupboard lock is not working in boys hostel block b,Hostel and Accommodation,Hostel Administration,Low,Hostel,Boys Hostel Block B,0,
CMP-02881,There is a problem because the electrical switch is damaged at Computer Laboratory.,there is a problem because the electrical switch is damaged at computer laboratory,Electrical and Power,Electrical Maintenance,Critical,Laboratory,Computer Laboratory,0,
CMP-01939,I want to report that the ceiling fan is not working in Engineering Block.,i want to report that the ceiling fan is not working in engineering block,Electrical and Power,Electrical Maintenance,Low,Hostel,Engineering Block,0,
CMP-03889,Computer Laboratory la corridor light eriyala. Please check pannunga.,computer laboratory la corridor light eriyala please check pannunga,Electrical and Power,Electrical Maintenance,Critical,Laboratory,Computer Laboratory,1,CMP-02881
CMP-02475,Examination Cell la bonafide certificate request pending la iruku. Please check pannunga.,examination cell la bonafide certificate request pending la iruku please check pannunga,Administration and Documents,Administrative Office,Medium,Office,Examination Cell,0,
CMP-03245,Please check the room has a damaged window at Girls Hostel Block A.,please check the room has a damaged window at girls hostel block a,Hostel and Accommodation,Hostel Administration,Medium,Hostel,Girls Hostel Block A,1,CMP-01953
CMP-03017,"Hostel Block A la water supply varala, immediate ah solve pannunga.",hostel block a la water supply varala immediate ah solve pannunga,Water and Plumbing,Plumbing and Civil Maintenance,Low,Washroom,Hostel Block A,1,CMP-01481
CMP-02784,AI Laboratory பகுதியில் மாணவர் தளம் திறக்கவில்லை. தயவுசெய்து சரிசெய்யவும்.,ai laboratory பக த ய ல ம ணவர தளம த றக கவ ல ல தயவ ச ய த சர ச ய யவ ம,Wi-Fi and IT Services,IT Support and Network Cell,High,Hostel,AI Laboratory,0,
CMP-03732,"AI Laboratory la internet romba slow ah iruku, immediate ah solve pannunga.",ai laboratory la internet romba slow ah iruku immediate ah solve pannunga,Wi-Fi and IT Services,IT Support and Network Cell,Medium,Classroom,AI Laboratory,1,CMP-02751
CMP-01282,Urgent attention is needed because the food appears unhygienic in Hostel Mess.,urgent attention is needed because the food appears unhygienic in hostel mess,Food and Canteen,Canteen Committee,Low,Canteen,Hostel Mess,0,
CMP-02873,AI Laboratory இல் வைஃபை வேலை செய்யவில்லை. உடனடியாக நடவடிக்கை எடுக்கவும்.,ai laboratory இல வ ஃப வ ல ச ய யவ ல ல உடனட ய க நடவட க க எட க கவ ம,Wi-Fi and IT Services,IT Support and Network Cell,Medium,Hostel,AI Laboratory,0,
CMP-00157,Hostel Block A area la ERP login aagala.,hostel block a area la erp login aagala,Wi-Fi and IT Services,IT Support and Network Cell,Medium,Hostel,Hostel Block A,0,
CMP-01427,I want to report that the washroom tap is broken in Hostel Block B.,i want to report that the washroom tap is broken in hostel block b,Water and Plumbing,Plumbing and Civil Maintenance,High,Canteen,Hostel Block B,0,
CMP-02566,"Hostel Mess la food quality poor ah iruku, immediate ah solve pannunga.",hostel mess la food quality poor ah iruku immediate ah solve pannunga,Food and Canteen,Canteen Committee,Medium,Canteen,Hostel Mess,0,
CMP-02515,C-305 பகுதியில் குழல் விளக்கு மின்னுகிறது. தயவுசெய்து சரிசெய்யவும்.,c 305 பக த ய ல க ழல வ ளக க ம ன ன க றத தயவ ச ய த சர ச ய யவ ம,Electrical and Power,Electrical Maintenance,Low,Classroom,C-305,0,
CMP-02685,There is a problem because there is a power outage at Computer Laboratory.,there is a problem because there is a power outage at computer laboratory,Electrical and Power,Electrical Maintenance,Medium,Hostel,Computer Laboratory,0,
CMP-01549,பொனஃபைடு சான்றிதழ் கோரிக்கை நிலுவையில் உள்ளது பிரச்சனை Academic Office இடத்தில் உள்ளது.,ப னஃப ட ச ன ற தழ க ர க க ந ல வ ய ல உள ளத ப ரச சன academic office இடத த ல உள ளத,Administration and Documents,Administrative Office,Low,Office,Academic Office,0,
CMP-00226,Please check the classroom has poor ventilation at AI Laboratory.,please check the classroom has poor ventilation at ai laboratory,Classroom and Laboratory,Academic Infrastructure,Medium,Classroom,AI Laboratory,0,
CMP-01628,Hostel Block B இல் வளாக தெருவிளக்கு வேலை செய்யவில்லை. உடனடியாக நடவடிக்கை எடுக்கவும்.,hostel block b இல வள க த ர வ ளக க வ ல ச ய யவ ல ல உடனட ய க நடவட க க எட க கவ ம,Safety and Security,Security Office,Critical,Campus Building,Hostel Block B,0,
CMP-00816,Please check the corridor light is not working at Engineering Block.,please check the corridor light is not working at engineering block,Electrical and Power,Electrical Maintenance,High,Laboratory,Engineering Block,0,
CMP-00428,Please check the drinking water dispenser is not working at Main Canteen.,please check the drinking water dispenser is not working at main canteen,Food and Canteen,Canteen Committee,High,Canteen,Main Canteen,0,
CMP-02510,வளாக தெருவிளக்கு வேலை செய்யவில்லை பிரச்சனை Hostel Block B இடத்தில் உள்ளது.,வள க த ர வ ளக க வ ல ச ய யவ ல ல ப ரச சன hostel block b இடத த ல உள ளத,Safety and Security,Security Office,Critical,Campus Road,Hostel Block B,0,
CMP-00149,"Route 3 Bus Stop la bus route notice illama change pannitanga, immediate ah solve pannunga.",route 3 bus stop la bus route notice illama change pannitanga immediate ah solve pannunga,Transport and Parking,Transport Cell,Medium,Parking,Route 3 Bus Stop,0,
CMP-01374,Please check the water tank is overflowing at Hostel Block A.,please check the water tank is overflowing at hostel block a,Water and Plumbing,Plumbing and Civil Maintenance,High,Canteen,Hostel Block A,0,
CMP-03686,Computer Laboratory இல் குழல் விளக்கு மின்னுகிறது. உடனடியாக நடவடிக்கை எடுக்கவும்.,computer laboratory இல க ழல வ ளக க ம ன ன க றத உடனட ய க நடவட க க எட க கவ ம,Electrical and Power,Electrical Maintenance,Medium,Hostel,Computer Laboratory,1,CMP-02685
CMP-03172,Engineering Block la fan work aagala. Please check pannunga.,engineering block la fan work aagala please check pannunga,Electrical and Power,Electrical Maintenance,Low,Hostel,Engineering Block,1,CMP-01939
CMP-00962,Urgent attention is needed because the hostel room is not cleaned in Boys Hostel Block A.,urgent attention is needed because the hostel room is not cleaned in boys hostel block a,Hostel and Accommodation,Hostel Administration,Medium,Hostel,Boys Hostel Block A,0,
CMP-02903,"Route 3 Bus Stop la parking space illa, immediate ah solve pannunga.",route 3 bus stop la parking space illa immediate ah solve pannunga,Transport and Parking,Transport Cell,High,Parking,Route 3 Bus Stop,0,
CMP-01128,There is a problem because the cupboard lock is not working at Boys Hostel Block B.,there is a problem because the cupboard lock is not working at boys hostel block b,Hostel and Accommodation,Hostel Administration,Low,Hostel,Boys Hostel Block B,0,
CMP-01735,Hostel Block A பகுதியில் மின்சாரம் இல்லை. தயவுசெய்து சரிசெய்யவும்.,hostel block a பக த ய ல ம ன ச ரம இல ல தயவ ச ய த சர ச ய யவ ம,Electrical and Power,Electrical Maintenance,Medium,Classroom,Hostel Block A,0,
CMP-00406,Please check the air conditioner is not working at AI Laboratory.,please check the air conditioner is not working at ai laboratory,Classroom and Laboratory,Academic Infrastructure,High,Classroom,AI Laboratory,0,
CMP-01309,Electronics Laboratory la lab equipment work aagala. Please check pannunga.,electronics laboratory la lab equipment work aagala please check pannunga,Classroom and Laboratory,Academic Infrastructure,Critical,Classroom,Electronics Laboratory,0,
CMP-01965,washroom clean pannala at Parking Area. Kindly action edunga.,washroom clean pannala at parking area kindly action edunga,Cleanliness and Waste,Housekeeping and Sanitation,High,Washroom,Parking Area,0,
CMP-00520,Please check the ceiling fan is not working at Computer Laboratory.,please check the ceiling fan is not working at computer laboratory,Electrical and Power,Electrical Maintenance,Medium,Laboratory,Computer Laboratory,0,
CMP-01627,Urgent attention is needed because the air conditioner is not working in C-204.,urgent attention is needed because the air conditioner is not working in c 204,Classroom and Laboratory,Academic Infrastructure,Low,Laboratory,C-204,0,
CMP-02460,There is a problem because the marksheet correction request is pending at Student Service Centre.,there is a problem because the marksheet correction request is pending at student service centre,Administration and Documents,Administrative Office,Low,Office,Student Service Centre,0,
CMP-03209,There is a problem because there is a power outage at C-305.,there is a problem because there is a power outage at c 305,Electrical and Power,Electrical Maintenance,Low,Classroom,C-305,1,CMP-02515
CMP-03669,Main Canteen area la drinking water dispenser work aagala.,main canteen area la drinking water dispenser work aagala,Food and Canteen,Canteen Committee,High,Canteen,Main Canteen,1,CMP-00428
CMP-02323,College Entrance இல் வளாக பேருந்து தாமதமாக வந்தது. உடனடியாக நடவடிக்கை எடுக்கவும்.,college entrance இல வள க ப ர ந த த மதம க வந தத உடனட ய க நடவட க க எட க கவ ம,Transport and Parking,Transport Cell,Low,Campus Road,College Entrance,0,
CMP-03622,தண்ணீர் வழங்கல் இல்லை பிரச்சனை Hostel Block B இடத்தில் உள்ளது.,தண ண ர வழங கல இல ல ப ரச சன hostel block b இடத த ல உள ளத,Water and Plumbing,Plumbing and Civil Maintenance,High,Canteen,Hostel Block B,1,CMP-01427
CMP-00216,Boys Hostel Washroom la garbage accumulate aagiruku. Please check pannunga.,boys hostel washroom la garbage accumulate aagiruku please check pannunga,Cleanliness and Waste,Housekeeping and Sanitation,Low,Campus Road,Boys Hostel Washroom,0,
CMP-00004,Computer Laboratory இல் ப்ரொஜெக்டர் காட்சி அளிக்கவில்லை. உடனடியாக நடவடிக்கை எடுக்கவும்.,computer laboratory இல ப ர ஜ க டர க ட ச அள க கவ ல ல உடனட ய க நடவட க க எட க கவ ம,Classroom and Laboratory,Academic Infrastructure,Medium,Laboratory,Computer Laboratory,0,
CMP-02573,வைஃபை வேலை செய்யவில்லை பிரச்சனை Central Library இடத்தில் உள்ளது.,வ ஃப வ ல ச ய யவ ல ல ப ரச சன central library இடத த ல உள ளத,Wi-Fi and IT Services,IT Support and Network Cell,High,Library,Central Library,0,
CMP-01163,Please check there is a broken glass panel at Library Entrance.,please check there is a broken glass panel at library entrance,Safety and Security,Security Office,Medium,Campus Road,Library Entrance,0,
CMP-00814,மாணவர் தளம் திறக்கவில்லை பிரச்சனை AI Laboratory இடத்தில் உள்ளது.,ம ணவர தளம த றக கவ ல ல ப ரச சன ai laboratory இடத த ல உள ளத,Wi-Fi and IT Services,IT Support and Network Cell,High,Laboratory,AI Laboratory,0,
CMP-02119,Urgent attention is needed because the campus street light is not working in Library Entrance.,urgent attention is needed because the campus street light is not working in library entrance,Safety and Security,Security Office,Critical,Campus Road,Library Entrance,0,
CMP-02385,food price wrong ah iruku at Main Canteen. Kindly action edunga.,food price wrong ah iruku at main canteen kindly action edunga,Food and Canteen,Canteen Committee,Medium,Canteen,Main Canteen,0,
CMP-01272,கட்டண செலுத்துதல் தளத்தில் புதுப்பிக்கப்படவில்லை பிரச்சனை Scholarship Office இடத்தில் உள்ளது.,கட டண ச ல த த தல தளத த ல ப த ப ப க கப படவ ல ல ப ரச சன scholarship office இடத த ல உள ளத,Administration and Documents,Administrative Office,Low,Office,Scholarship Office,0,
CMP-01156,Urgent attention is needed because the staircase railing is loose in Campus Road.,urgent attention is needed because the staircase railing is loose in campus road,Safety and Security,Security Office,Critical,Parking,Campus Road,0,
CMP-03137,Parking Area பகுதியில் குப்பை இடத்தின் அருகில் துர்நாற்றம் உள்ளது. தயவுசெய்து சரிசெய்யவும்.,parking area பக த ய ல க ப ப இடத த ன அர க ல த ர ந ற றம உள ளத தயவ ச ய த சர ச ய யவ ம,Cleanliness and Waste,Housekeeping and Sanitation,High,Washroom,Parking Area,1,CMP-01965
CMP-01392,Boys Hostel Washroom area la corridor dirty ah iruku.,boys hostel washroom area la corridor dirty ah iruku,Cleanliness and Waste,Housekeeping and Sanitation,Medium,Washroom,Boys Hostel Washroom,0,
CMP-02592,"Main Parking Area la bus romba crowded ah iruku, immediate ah solve pannunga.",main parking area la bus romba crowded ah iruku immediate ah solve pannunga,Transport and Parking,Transport Cell,Medium,Campus Road,Main Parking Area,0,
CMP-01767,Academic Office இல் கட்டண செலுத்துதல் தளத்தில் புதுப்பிக்கப்படவில்லை. உடனடியாக நடவடிக்கை எடுக்கவும்.,academic office இல கட டண ச ல த த தல தளத த ல ப த ப ப க கப படவ ல ல உடனட ய க நடவட க க எட க கவ ம,Administration and Documents,Administrative Office,Low,Office,Academic Office,0,
CMP-01897,Girls Hostel Washroom இல் குப்பை குவிந்துள்ளது. உடனடியாக நடவடிக்கை எடுக்கவும்.,girls hostel washroom இல க ப ப க வ ந த ள ளத உடனட ய க நடவட க க எட க கவ ம,Cleanliness and Waste,Housekeeping and Sanitation,High,Washroom,Girls Hostel Washroom,0,
CMP-02851,Urgent attention is needed because the marksheet correction request is pending in Academic Office.,urgent attention is needed because the marksheet correction request is pending in academic office,Administration and Documents,Administrative Office,High,Office,Academic Office,0,
CMP-00646,Urgent attention is needed because there is no parking space available in College Entrance.,urgent attention is needed because there is no parking space available in college entrance,Transport and Parking,Transport Cell,Medium,Parking,College Entrance,0,
CMP-00215,wifi work aagala at AI Laboratory. Kindly action edunga.,wifi work aagala at ai laboratory kindly action edunga,Wi-Fi and IT Services,IT Support and Network Cell,High,Library,AI Laboratory,0,
CMP-00447,Main Canteen area la food price wrong ah iruku.,main canteen area la food price wrong ah iruku,Food and Canteen,Canteen Committee,Low,Canteen,Main Canteen,0,
CMP-02470,Urgent attention is needed because the fee payment is not updated in the portal in Examination Cell.,urgent attention is needed because the fee payment is not updated in the portal in examination cell,Administration and Documents,Administrative Office,Low,Office,Examination Cell,0,
CMP-01080,AI Laboratory area la lab computer network connect aagala.,ai laboratory area la lab computer network connect aagala,Wi-Fi and IT Services,IT Support and Network Cell,Low,Hostel,AI Laboratory,0,
CMP-01376,Hostel Block A இல் மின்சாரம் இல்லை. உடனடியாக நடவடிக்கை எடுக்கவும்.,hostel block a இல ம ன ச ரம இல ல உடனட ய க நடவட க க எட க கவ ம,Electrical and Power,Electrical Maintenance,Low,Classroom,Hostel Block A,0,
CMP-03765,Library Entrance இல் மின்பலகையின் அருகில் தண்ணீர் கசிகிறது. உடனடியாக நடவடிக்கை எடுக்கவும்.,library entrance இல ம ன பலக ய ன அர க ல தண ண ர கச க றத உடனட ய க நடவட க க எட க கவ ம,Safety and Security,Security Office,Medium,Campus Road,Library Entrance,1,CMP-01163
CMP-03275,current supply illa at Computer Laboratory. Kindly action edunga.,current supply illa at computer laboratory kindly action edunga,Electrical and Power,Electrical Maintenance,Medium,Laboratory,Computer Laboratory,1,CMP-00520
CMP-03753,I want to report that there is no parking space available in College Entrance.,i want to report that there is no parking space available in college entrance,Transport and Parking,Transport Cell,Low,Campus Road,College Entrance,1,CMP-02323
CMP-02616,There is a problem because the bus is overcrowded at Main Parking Area.,there is a problem because the bus is overcrowded at main parking area,Transport and Parking,Transport Cell,High,Parking,Main Parking Area,0,
CMP-03604,Urgent attention is needed because the ceiling fan is not working in Hostel Block A.,urgent attention is needed because the ceiling fan is not working in hostel block a,Electrical and Power,Electrical Maintenance,Low,Classroom,Hostel Block A,1,CMP-01376
CMP-03168,Urgent attention is needed because the classroom bench is broken in Electronics Laboratory.,urgent attention is needed because the classroom bench is broken in electronics laboratory,Classroom and Laboratory,Academic Infrastructure,Critical,Classroom,Electronics Laboratory,1,CMP-01309
CMP-00210,Urgent attention is needed because the Wi-Fi is not working in Central Library.,urgent attention is needed because the wi fi is not working in central library,Wi-Fi and IT Services,IT Support and Network Cell,Medium,Hostel,Central Library,0,
CMP-03513,Hostel Block A la fan work aagala. Please check pannunga.,hostel block a la fan work aagala please check pannunga,Electrical and Power,Electrical Maintenance,Medium,Classroom,Hostel Block A,1,CMP-01735
CMP-02116,Urgent attention is needed because the student portal is not loading in Central Library Reading Hall.,urgent attention is needed because the student portal is not loading in central library reading hall,Wi-Fi and IT Services,IT Support and Network Cell,High,Hostel,Central Library Reading Hall,0,
CMP-01069,Please check there is a power outage at Engineering Block.,please check there is a power outage at engineering block,Electrical and Power,Electrical Maintenance,High,Campus Building,Engineering Block,0,
CMP-02353,There is a problem because the washroom tap is broken at Engineering Block.,there is a problem because the washroom tap is broken at engineering block,Water and Plumbing,Plumbing and Civil Maintenance,Medium,Canteen,Engineering Block,0,
CMP-01252,Urgent attention is needed because the cupboard lock is not working in Girls Hostel Block A.,urgent attention is needed because the cupboard lock is not working in girls hostel block a,Hostel and Accommodation,Hostel Administration,Medium,Hostel,Girls Hostel Block A,0,
CMP-03507,Engineering Block இல் மின்விசிறி வேலை செய்யவில்லை. உடனடியாக நடவடிக்கை எடுக்கவும்.,engineering block இல ம ன வ ச ற வ ல ச ய யவ ல ல உடனட ய க நடவட க க எட க கவ ம,Electrical and Power,Electrical Maintenance,High,Campus Building,Engineering Block,1,CMP-01069
CMP-01123,Urgent attention is needed because there is a bad smell near the waste area in Academic Block Corridor.,urgent attention is needed because there is a bad smell near the waste area in academic block corridor,Cleanliness and Waste,Housekeeping and Sanitation,High,Campus Road,Academic Block Corridor,0,
CMP-02795,Route 3 Bus Stop la campus bus late ah vandhuchu. Please check pannunga.,route 3 bus stop la campus bus late ah vandhuchu please check pannunga,Transport and Parking,Transport Cell,Low,Parking,Route 3 Bus Stop,0,
CMP-03136,Urgent attention is needed because the Wi-Fi is not working in AI Laboratory.,urgent attention is needed because the wi fi is not working in ai laboratory,Wi-Fi and IT Services,IT Support and Network Cell,High,Laboratory,AI Laboratory,1,CMP-00814
CMP-00114,Hostel Room 214 பகுதியில் மெத்தை சேதமடைந்துள்ளது. தயவுசெய்து சரிசெய்யவும்.,hostel room 214 பக த ய ல ம த த ச தமட ந த ள ளத தயவ ச ய த சர ச ய யவ ம,Hostel and Accommodation,Hostel Administration,Low,Hostel,Hostel Room 214,0,
CMP-01550,Accounts Office area la scholarship status update aagala.,accounts office area la scholarship status update aagala,Administration and Documents,Administrative Office,High,Office,Accounts Office,0,
CMP-03086,fee payment portal la update aagala at Scholarship Office. Kindly action edunga.,fee payment portal la update aagala at scholarship office kindly action edunga,Administration and Documents,Administrative Office,Low,Office,Scholarship Office,1,CMP-01272
CMP-01458,There is a problem because the bus route was changed without notice at Route 3 Bus Stop.,there is a problem because the bus route was changed without notice at route 3 bus stop,Transport and Parking,Transport Cell,Medium,Parking,Route 3 Bus Stop,0,
CMP-02436,"Library Entrance la unauthorized person hostel area la vandhirukanga, immediate ah solve pannunga.",library entrance la unauthorized person hostel area la vandhirukanga immediate ah solve pannunga,Safety and Security,Security Office,Critical,Hostel,Library Entrance,0,
CMP-01544,Hostel Block A area la student portal load aagala.,hostel block a area la student portal load aagala,Wi-Fi and IT Services,IT Support and Network Cell,Low,Classroom,Hostel Block A,0,
CMP-01847,Urgent attention is needed because the air conditioner is not working in Computer Laboratory.,urgent attention is needed because the air conditioner is not working in computer laboratory,Classroom and Laboratory,Academic Infrastructure,High,Laboratory,Computer Laboratory,0,
CMP-01690,"Computer Laboratory la corridor light eriyala, immediate ah solve pannunga.",computer laboratory la corridor light eriyala immediate ah solve pannunga,Electrical and Power,Electrical Maintenance,High,Classroom,Computer Laboratory,0,
CMP-00547,"Route 3 Bus Stop la bus romba crowded ah iruku, immediate ah solve pannunga.",route 3 bus stop la bus romba crowded ah iruku immediate ah solve pannunga,Transport and Parking,Transport Cell,Medium,Campus Road,Route 3 Bus Stop,0,
CMP-00526,அறை சுத்தம் செய்யப்படவில்லை பிரச்சனை Boys Hostel Block A இடத்தில் உள்ளது.,அற ச த தம ச ய யப படவ ல ல ப ரச சன boys hostel block a இடத த ல உள ளத,Hostel and Accommodation,Hostel Administration,Medium,Hostel,Boys Hostel Block A,0,
CMP-03256,Academic Block Corridor la washroom clean pannala. Please check pannunga.,academic block corridor la washroom clean pannala please check pannunga,Cleanliness and Waste,Housekeeping and Sanitation,High,Campus Road,Academic Block Corridor,1,CMP-01123
CMP-03529,Route 3 Bus Stop இல் வளாக பேருந்து தாமதமாக வந்தது. உடனடியாக நடவடிக்கை எடுக்கவும்.,route 3 bus stop இல வள க ப ர ந த த மதம க வந தத உடனட ய க நடவட க க எட க கவ ம,Transport and Parking,Transport Cell,Medium,Parking,Route 3 Bus Stop,1,CMP-01458
CMP-03106,Library Entrance இல் கண்ணாடி பலகம் உடைந்துள்ளது. உடனடியாக நடவடிக்கை எடுக்கவும்.,library entrance இல கண ண ட பலகம உட ந த ள ளத உடனட ய க நடவட க க எட க கவ ம,Safety and Security,Security Office,Critical,Hostel,Library Entrance,1,CMP-02436
CMP-03776,There is a problem because the dustbin is overflowing at Girls Hostel Washroom.,there is a problem because the dustbin is overflowing at girls hostel washroom,Cleanliness and Waste,Housekeeping and Sanitation,High,Washroom,Girls Hostel Washroom,1,CMP-01897
CMP-02297,Please check the food quality is poor at Main Canteen.,please check the food quality is poor at main canteen,Food and Canteen,Canteen Committee,Low,Canteen,Main Canteen,0,
CMP-01493,C-101 la classroom bench broken ah iruku. Please check pannunga.,c 101 la classroom bench broken ah iruku please check pannunga,Classroom and Laboratory,Academic Infrastructure,High,Classroom,C-101,0,
CMP-02820,Please check the room has a damaged window at Hostel Room 312.,please check the room has a damaged window at hostel room 312,Hostel and Accommodation,Hostel Administration,High,Hostel,Hostel Room 312,0,
CMP-00106,குளிர்சாதன வசதி வேலை செய்யவில்லை பிரச்சனை Computer Laboratory இடத்தில் உள்ளது.,க ள ர ச தன வசத வ ல ச ய யவ ல ல ப ரச சன computer laboratory இடத த ல உள ளத,Classroom and Laboratory,Academic Infrastructure,High,Classroom,Computer Laboratory,0,
CMP-01931,குழல் விளக்கு மின்னுகிறது பிரச்சனை Engineering Block இடத்தில் உள்ளது.,க ழல வ ளக க ம ன ன க றத ப ரச சன engineering block இடத த ல உள ளத,Electrical and Power,Electrical Maintenance,Medium,Campus Building,Engineering Block,0,
CMP-02982,unauthorized person hostel area la vandhirukanga at Hostel Block B. Kindly action edunga.,unauthorized person hostel area la vandhirukanga at hostel block b kindly action edunga,Safety and Security,Security Office,Medium,Hostel,Hostel Block B,0,
CMP-01822,Electronics Laboratory இல் ஆய்வக உபகரணம் வேலை செய்யவில்லை. உடனடியாக நடவடிக்கை எடுக்கவும்.,electronics laboratory இல ஆய வக உபகரணம வ ல ச ய யவ ல ல உடனட ய க நடவட க க எட க கவ ம,Classroom and Laboratory,Academic Infrastructure,High,Laboratory,Electronics Laboratory,0,
CMP-01297,Please check the corridor light is not working at C-305.,please check the corridor light is not working at c 305,Electrical and Power,Electrical Maintenance,High,Hostel,C-305,0,
CMP-02825,drinking water dispenser work aagala at North Canteen. Kindly action edunga.,drinking water dispenser work aagala at north canteen kindly action edunga,Food and Canteen,Canteen Committee,Medium,Canteen,North Canteen,0,
CMP-01315,There is a problem because the water tank is overflowing at Hostel Block B.,there is a problem because the water tank is overflowing at hostel block b,Water and Plumbing,Plumbing and Civil Maintenance,Critical,Campus Building,Hostel Block B,0,
CMP-03294,Urgent attention is needed because the projector is not displaying in C-101.,urgent attention is needed because the projector is not displaying in c 101,Classroom and Laboratory,Academic Infrastructure,High,Classroom,C-101,1,CMP-01493
CMP-02640,Route 2 Bus Stop area la campus bus late ah vandhuchu.,route 2 bus stop area la campus bus late ah vandhuchu,Transport and Parking,Transport Cell,Medium,Campus Road,Route 2 Bus Stop,0,
CMP-03752,I want to report that the campus street light is not working in Hostel Block B.,i want to report that the campus street light is not working in hostel block b,Safety and Security,Security Office,Medium,Hostel,Hostel Block B,1,CMP-02982
CMP-03188,Computer Laboratory பகுதியில் ஆய்வக உபகரணம் வேலை செய்யவில்லை. தயவுசெய்து சரிசெய்யவும்.,computer laboratory பக த ய ல ஆய வக உபகரணம வ ல ச ய யவ ல ல தயவ ச ய த சர ச ய யவ ம,Classroom and Laboratory,Academic Infrastructure,High,Laboratory,Computer Laboratory,1,CMP-01847
CMP-02490,College Entrance area la campus bus late ah vandhuchu.,college entrance area la campus bus late ah vandhuchu,Transport and Parking,Transport Cell,Medium,Parking,College Entrance,0,
CMP-02361,There is a problem because the food appears unhygienic at Hostel Mess.,there is a problem because the food appears unhygienic at hostel mess,Food and Canteen,Canteen Committee,Medium,Canteen,Hostel Mess,0,
CMP-01237,There is a problem because the fee payment is not updated in the portal at Accounts Office.,there is a problem because the fee payment is not updated in the portal at accounts office,Administration and Documents,Administrative Office,Medium,Office,Accounts Office,0,
CMP-02732,Please check the canteen service is very slow at Hostel Mess.,please check the canteen service is very slow at hostel mess,Food and Canteen,Canteen Committee,High,Canteen,Hostel Mess,0,
CMP-03119,Please check the ERP login is failing at Hostel Block A.,please check the erp login is failing at hostel block a,Wi-Fi and IT Services,IT Support and Network Cell,Low,Classroom,Hostel Block A,1,CMP-01544
CMP-00531,Please check the cupboard lock is not working at Hostel Room 214.,please check the cupboard lock is not working at hostel room 214,Hostel and Accommodation,Hostel Administration,Medium,Hostel,Hostel Room 214,0,
CMP-01933,There is a problem because the student portal is not loading at Computer Laboratory.,there is a problem because the student portal is not loading at computer laboratory,Wi-Fi and IT Services,IT Support and Network Cell,Medium,Library,Computer Laboratory,0,
CMP-02136,Urgent attention is needed because the projector is not displaying in Computer Laboratory.,urgent attention is needed because the projector is not displaying in computer laboratory,Classroom and Laboratory,Academic Infrastructure,Medium,Classroom,Computer Laboratory,0,
CMP-03061,Computer Laboratory பகுதியில் மின்சார சுவிட்ச் சேதமடைந்துள்ளது. தயவுசெய்து சரிசெய்யவும்.,computer laboratory பக த ய ல ம ன ச ர ச வ ட ச ச தமட ந த ள ளத தயவ ச ய த சர ச ய யவ ம,Electrical and Power,Electrical Maintenance,High,Classroom,Computer Laboratory,1,CMP-01690
CMP-00243,There is a problem because the washroom tap is broken at Main Canteen.,there is a problem because the washroom tap is broken at main canteen,Water and Plumbing,Plumbing and Civil Maintenance,Critical,Washroom,Main Canteen,0,
CMP-03065,தண்ணீர் வழங்கல் இல்லை பிரச்சனை Hostel Block B இடத்தில் உள்ளது.,தண ண ர வழங கல இல ல ப ரச சன hostel block b இடத த ல உள ளத,Water and Plumbing,Plumbing and Civil Maintenance,Critical,Campus Building,Hostel Block B,1,CMP-01315
CMP-00182,staircase railing loose ah iruku at Parking Area. Kindly action edunga.,staircase railing loose ah iruku at parking area kindly action edunga,Safety and Security,Security Office,High,Parking,Parking Area,0,
CMP-03025,There is a problem because the air conditioner is not working at Computer Laboratory.,there is a problem because the air conditioner is not working at computer laboratory,Classroom and Laboratory,Academic Infrastructure,High,Classroom,Computer Laboratory,1,CMP-00106
CMP-02151,"Route 2 Bus Stop la vehicle campus entrance block pannudhu, immediate ah solve pannunga.",route 2 bus stop la vehicle campus entrance block pannudhu immediate ah solve pannunga,Transport and Parking,Transport Cell,Medium,Parking,Route 2 Bus Stop,0,
CMP-00864,There is a problem because the water tank is overflowing at Boys Hostel Washroom.,there is a problem because the water tank is overflowing at boys hostel washroom,Water and Plumbing,Plumbing and Civil Maintenance,Medium,Campus Building,Boys Hostel Washroom,0,
CMP-01530,Main Canteen இல் கழிவறை சுத்தம் செய்யப்படவில்லை. உடனடியாக நடவடிக்கை எடுக்கவும்.,main canteen இல கழ வற ச த தம ச ய யப படவ ல ல உடனட ய க நடவட க க எட க கவ ம,Cleanliness and Waste,Housekeeping and Sanitation,Medium,Hostel,Main Canteen,0,
CMP-00889,There is a problem because the student portal is not loading at Hostel Block B.,there is a problem because the student portal is not loading at hostel block b,Wi-Fi and IT Services,IT Support and Network Cell,Medium,Laboratory,Hostel Block B,0,
CMP-01288,Library Entrance இல் மின்பலகையின் அருகில் தண்ணீர் கசிகிறது. உடனடியாக நடவடிக்கை எடுக்கவும்.,library entrance இல ம ன பலக ய ன அர க ல தண ண ர கச க றத உடனட ய க நடவட க க எட க கவ ம,Safety and Security,Security Office,High,Campus Building,Library Entrance,0,
CMP-00650,Urgent attention is needed because the cupboard lock is not working in Boys Hostel Block A.,urgent attention is needed because the cupboard lock is not working in boys hostel block a,Hostel and Accommodation,Hostel Administration,Low,Hostel,Boys Hostel Block A,0,
CMP-00514,Computer Laboratory பகுதியில் குளிர்சாதன வசதி வேலை செய்யவில்லை. தயவுசெய்து சரிசெய்யவும்.,computer laboratory பக த ய ல க ள ர ச தன வசத வ ல ச ய யவ ல ல தயவ ச ய த சர ச ய யவ ம,Classroom and Laboratory,Academic Infrastructure,High,Classroom,Computer Laboratory,0,
CMP-02951,குளிர்சாதன வசதி வேலை செய்யவில்லை பிரச்சனை Electronics Laboratory இடத்தில் உள்ளது.,க ள ர ச தன வசத வ ல ச ய யவ ல ல ப ரச சன electronics laboratory இடத த ல உள ளத,Classroom and Laboratory,Academic Infrastructure,High,Classroom,Electronics Laboratory,0,
CMP-02185,Please check water is leaking from the pipe at Engineering Block.,please check water is leaking from the pipe at engineering block,Water and Plumbing,Plumbing and Civil Maintenance,Medium,Washroom,Engineering Block,0,
CMP-03870,There is a problem because the projector is not displaying at Computer Laboratory.,there is a problem because the projector is not displaying at computer laboratory,Classroom and Laboratory,Academic Infrastructure,High,Classroom,Computer Laboratory,1,CMP-00514
CMP-01970,Campus Road இல் மின்பலகையின் அருகில் தண்ணீர் கசிகிறது. உடனடியாக நடவடிக்கை எடுக்கவும்.,campus road இல ம ன பலக ய ன அர க ல தண ண ர கச க றத உடனட ய க நடவட க க எட க கவ ம,Safety and Security,Security Office,High,Hostel,Campus Road,0,
CMP-02558,I want to report that the bus route was changed without notice in College Entrance.,i want to report that the bus route was changed without notice in college entrance,Transport and Parking,Transport Cell,Medium,Parking,College Entrance,0,
CMP-01391,I want to report that the classroom has poor ventilation in Electronics Laboratory.,i want to report that the classroom has poor ventilation in electronics laboratory,Classroom and Laboratory,Academic Infrastructure,Medium,Laboratory,Electronics Laboratory,0,
CMP-03679,Boys Hostel Washroom பகுதியில் குழாயில் தண்ணீர் கசிகிறது. தயவுசெய்து சரிசெய்யவும்.,boys hostel washroom பக த ய ல க ழ ய ல தண ண ர கச க றத தயவ ச ய த சர ச ய யவ ம,Water and Plumbing,Plumbing and Civil Maintenance,Medium,Campus Building,Boys Hostel Washroom,1,CMP-00864
CMP-01404,Girls Hostel Washroom la waste area pakkathula bad smell iruku. Please check pannunga.,girls hostel washroom la waste area pakkathula bad smell iruku please check pannunga,Cleanliness and Waste,Housekeeping and Sanitation,High,Campus Road,Girls Hostel Washroom,0,
CMP-03553,There is a problem because the classroom bench is broken at Electronics Laboratory.,there is a problem because the classroom bench is broken at electronics laboratory,Classroom and Laboratory,Academic Infrastructure,High,Classroom,Electronics Laboratory,1,CMP-02951
CMP-00361,Urgent attention is needed because the campus bus arrived late in Main Parking Area.,urgent attention is needed because the campus bus arrived late in main parking area,Transport and Parking,Transport Cell,High,Campus Road,Main Parking Area,0,
CMP-03029,Hostel Mess பகுதியில் உணவின் விலை தவறாக உள்ளது. தயவுசெய்து சரிசெய்யவும்.,hostel mess பக த ய ல உணவ ன வ ல தவற க உள ளத தயவ ச ய த சர ச ய யவ ம,Food and Canteen,Canteen Committee,High,Canteen,Hostel Mess,1,CMP-02732
CMP-01302,toilet block aagiruku at Girls Hostel Washroom. Kindly action edunga.,toilet block aagiruku at girls hostel washroom kindly action edunga,Water and Plumbing,Plumbing and Civil Maintenance,Low,Hostel,Girls Hostel Washroom,0,
CMP-00685,Urgent attention is needed because there is no parking space available in College Entrance.,urgent attention is needed because there is no parking space available in college entrance,Transport and Parking,Transport Cell,Medium,Parking,College Entrance,0,
CMP-01766,Please check the internet connection is very slow at AI Laboratory.,please check the internet connection is very slow at ai laboratory,Wi-Fi and IT Services,IT Support and Network Cell,Low,Laboratory,AI Laboratory,0,
CMP-00191,I want to report that the food price is incorrect in Hostel Mess.,i want to report that the food price is incorrect in hostel mess,Food and Canteen,Canteen Committee,Low,Canteen,Hostel Mess,0,
CMP-01307,Please check the campus bus arrived late at Main Parking Area.,please check the campus bus arrived late at main parking area,Transport and Parking,Transport Cell,Medium,Parking,Main Parking Area,0,
CMP-03525,"Campus Road la glass panel broken ah iruku, immediate ah solve pannunga.",campus road la glass panel broken ah iruku immediate ah solve pannunga,Safety and Security,Security Office,High,Hostel,Campus Road,1,CMP-01970
CMP-03575,Main Canteen இல் கழிவறை குழாய் உடைந்துள்ளது. உடனடியாக நடவடிக்கை எடுக்கவும்.,main canteen இல கழ வற க ழ ய உட ந த ள ளத உடனட ய க நடவட க க எட க கவ ம,Water and Plumbing,Plumbing and Civil Maintenance,Critical,Washroom,Main Canteen,1,CMP-00243
CMP-00935,Urgent attention is needed because there is no water supply in Hostel Block A.,urgent attention is needed because there is no water supply in hostel block a,Water and Plumbing,Plumbing and Civil Maintenance,Medium,Campus Building,Hostel Block A,0,
CMP-00162,Please check the toilet is blocked at Hostel Block B.,please check the toilet is blocked at hostel block b,Water and Plumbing,Plumbing and Civil Maintenance,Medium,Hostel,Hostel Block B,0,
CMP-03565,Hostel Mess பகுதியில் உணவு சுகாதாரமற்றதாக உள்ளது. தயவுசெய்து சரிசெய்யவும்.,hostel mess பக த ய ல உணவ ச க த ரமற றத க உள ளத தயவ ச ய த சர ச ய யவ ம,Food and Canteen,Canteen Committee,Low,Canteen,Hostel Mess,1,CMP-00191
CMP-02018,There is a problem because the student portal is not loading at Central Library.,there is a problem because the student portal is not loading at central library,Wi-Fi and IT Services,IT Support and Network Cell,High,Hostel,Central Library,0,
CMP-03449,Hostel Block B இல் ஈஆர்பி உள்நுழைவு தோல்வியடைந்தது. உடனடியாக நடவடிக்கை எடுக்கவும்.,hostel block b இல ஈஆர ப உள ந ழ வ த ல வ யட ந தத உடனட ய க நடவட க க எட க கவ ம,Wi-Fi and IT Services,IT Support and Network Cell,Medium,Laboratory,Hostel Block B,1,CMP-00889
CMP-00823,Hostel Block B area la student portal load aagala.,hostel block b area la student portal load aagala,Wi-Fi and IT Services,IT Support and Network Cell,Medium,Laboratory,Hostel Block B,0,
CMP-03270,"Main Canteen la dustbin overflow aagudhu, immediate ah solve pannunga.",main canteen la dustbin overflow aagudhu immediate ah solve pannunga,Cleanliness and Waste,Housekeeping and Sanitation,Medium,Hostel,Main Canteen,1,CMP-01530
CMP-01462,Academic Office area la marksheet correction pending la iruku.,academic office area la marksheet correction pending la iruku,Administration and Documents,Administrative Office,Low,Office,Academic Office,0,
CMP-02143,நடைபாதை அழுக்காக உள்ளது பிரச்சனை Library Washroom இடத்தில் உள்ளது.,நட ப த அழ க க க உள ளத ப ரச சன library washroom இடத த ல உள ளத,Cleanliness and Waste,Housekeeping and Sanitation,High,Campus Road,Library Washroom,0,
CMP-00752,Engineering Block area la unauthorized person hostel area la vandhirukanga.,engineering block area la unauthorized person hostel area la vandhirukanga,Safety and Security,Security Office,Critical,Hostel,Engineering Block,0,
CMP-01355,Central Library Reading Hall area la internet romba slow ah iruku.,central library reading hall area la internet romba slow ah iruku,Wi-Fi and IT Services,IT Support and Network Cell,Medium,Library,Central Library Reading Hall,0,
CMP-01384,Engineering Block la tube light flicker aagudhu. Please check pannunga.,engineering block la tube light flicker aagudhu please check pannunga,Electrical and Power,Electrical Maintenance,Critical,Hostel,Engineering Block,0,
CMP-02866,There is a problem because the drinking water dispenser is not working at North Canteen.,there is a problem because the drinking water dispenser is not working at north canteen,Food and Canteen,Canteen Committee,High,Canteen,North Canteen,0,
CMP-03687,Engineering Block area la water tank overflow aagudhu.,engineering block area la water tank overflow aagudhu,Water and Plumbing,Plumbing and Civil Maintenance,Medium,Washroom,Engineering Block,1,CMP-02185
CMP-01898,"Campus Road la staircase railing loose ah iruku, immediate ah solve pannunga.",campus road la staircase railing loose ah iruku immediate ah solve pannunga,Safety and Security,Security Office,Critical,Parking,Campus Road,0,
CMP-02063,Urgent attention is needed because the classroom has poor ventilation in C-305.,urgent attention is needed because the classroom has poor ventilation in c 305,Classroom and Laboratory,Academic Infrastructure,High,Classroom,C-305,0,
CMP-01330,I want to report that the toilet is blocked in Boys Hostel Washroom.,i want to report that the toilet is blocked in boys hostel washroom,Water and Plumbing,Plumbing and Civil Maintenance,High,Canteen,Boys Hostel Washroom,0,
CMP-03176,College Entrance la bus route notice illama change pannitanga. Please check pannunga.,college entrance la bus route notice illama change pannitanga please check pannunga,Transport and Parking,Transport Cell,Medium,Parking,College Entrance,1,CMP-02558
CMP-03558,Girls Hostel Washroom இல் கழிவறை சுத்தம் செய்யப்படவில்லை. உடனடியாக நடவடிக்கை எடுக்கவும்.,girls hostel washroom இல கழ வற ச த தம ச ய யப படவ ல ல உடனட ய க நடவட க க எட க கவ ம,Cleanliness and Waste,Housekeeping and Sanitation,High,Campus Road,Girls Hostel Washroom,1,CMP-01404
CMP-01159,I want to report that the dustbin is overflowing in Main Canteen.,i want to report that the dustbin is overflowing in main canteen,Cleanliness and Waste,Housekeeping and Sanitation,Low,Campus Road,Main Canteen,0,
CMP-01577,Library Washroom la corridor dirty ah iruku. Please check pannunga.,library washroom la corridor dirty ah iruku please check pannunga,Cleanliness and Waste,Housekeeping and Sanitation,Low,Hostel,Library Washroom,0,
CMP-03584,Please check the washroom has not been cleaned at Library Washroom.,please check the washroom has not been cleaned at library washroom,Cleanliness and Waste,Housekeeping and Sanitation,High,Campus Road,Library Washroom,1,CMP-02143
CMP-01224,Accounts Office இல் பொனஃபைடு சான்றிதழ் கோரிக்கை நிலுவையில் உள்ளது. உடனடியாக நடவடிக்கை எடுக்கவும்.,accounts office இல ப னஃப ட ச ன ற தழ க ர க க ந ல வ ய ல உள ளத உடனட ய க நடவட க க எட க கவ ம,Administration and Documents,Administrative Office,High,Office,Accounts Office,0,
CMP-01326,Urgent attention is needed because the laboratory computer cannot access the network in Central Library Reading Hall.,urgent attention is needed because the laboratory computer cannot access the network in central library reading hall,Wi-Fi and IT Services,IT Support and Network Cell,High,Library,Central Library Reading Hall,0,
CMP-01917,Academic Office area la fee payment portal la update aagala.,academic office area la fee payment portal la update aagala,Administration and Documents,Administrative Office,Low,Office,Academic Office,0,
CMP-02272,Boys Hostel Washroom பகுதியில் கழிவறை சுத்தம் செய்யப்படவில்லை. தயவுசெய்து சரிசெய்யவும்.,boys hostel washroom பக த ய ல கழ வற ச த தம ச ய யப படவ ல ல தயவ ச ய த சர ச ய யவ ம,Cleanliness and Waste,Housekeeping and Sanitation,High,Campus Road,Boys Hostel Washroom,0,
CMP-02940,switch damage aagiruku at C-305. Kindly action edunga.,switch damage aagiruku at c 305 kindly action edunga,Electrical and Power,Electrical Maintenance,High,Hostel,C-305,0,
CMP-00804,"Hostel Mess la canteen service romba slow ah iruku, immediate ah solve pannunga.",hostel mess la canteen service romba slow ah iruku immediate ah solve pannunga,Food and Canteen,Canteen Committee,High,Canteen,Hostel Mess,0,
CMP-02228,Main Gate பகுதியில் கண்ணாடி பலகம் உடைந்துள்ளது. தயவுசெய்து சரிசெய்யவும்.,main gate பக த ய ல கண ண ட பலகம உட ந த ள ளத தயவ ச ய த சர ச ய யவ ம,Safety and Security,Security Office,Medium,Campus Road,Main Gate,0,
CMP-00727,Urgent attention is needed because the room door lock is broken in Girls Hostel Block A.,urgent attention is needed because the room door lock is broken in girls hostel block a,Hostel and Accommodation,Hostel Administration,Low,Hostel,Girls Hostel Block A,0,
CMP-02839,Hostel Block B area la electrical panel pakkathula water leak aagudhu.,hostel block b area la electrical panel pakkathula water leak aagudhu,Safety and Security,Security Office,High,Hostel,Hostel Block B,0,
CMP-00156,"Hostel Block A la water tank overflow aagudhu, immediate ah solve pannunga.",hostel block a la water tank overflow aagudhu immediate ah solve pannunga,Water and Plumbing,Plumbing and Civil Maintenance,Critical,Canteen,Hostel Block A,0,
CMP-02925,Urgent attention is needed because the dustbin is overflowing in Library Washroom.,urgent attention is needed because the dustbin is overflowing in library washroom,Cleanliness and Waste,Housekeeping and Sanitation,Critical,Campus Road,Library Washroom,0,
CMP-03038,Please check the marksheet correction request is pending at Academic Office.,please check the marksheet correction request is pending at academic office,Administration and Documents,Administrative Office,Low,Office,Academic Office,1,CMP-01462
CMP-02758,Accounts Office la scholarship status update aagala. Please check pannunga.,accounts office la scholarship status update aagala please check pannunga,Administration and Documents,Administrative Office,Low,Office,Accounts Office,0,
CMP-03364,Library Washroom இல் கழிவறை சுத்தம் செய்யப்படவில்லை. உடனடியாக நடவடிக்கை எடுக்கவும்.,library washroom இல கழ வற ச த தம ச ய யப படவ ல ல உடனட ய க நடவட க க எட க கவ ம,Cleanliness and Waste,Housekeeping and Sanitation,Low,Hostel,Library Washroom,1,CMP-01577
CMP-00414,I want to report that the student portal is not loading in Hostel Block A.,i want to report that the student portal is not loading in hostel block a,Wi-Fi and IT Services,IT Support and Network Cell,Medium,Library,Hostel Block A,0,
CMP-02584,There is a problem because the bus is overcrowded at College Entrance.,there is a problem because the bus is overcrowded at college entrance,Transport and Parking,Transport Cell,Low,Campus Road,College Entrance,0,
CMP-02122,There is a problem because the student portal is not loading at Computer Laboratory.,there is a problem because the student portal is not loading at computer laboratory,Wi-Fi and IT Services,IT Support and Network Cell,High,Laboratory,Computer Laboratory,0,
CMP-01403,corridor light eriyala at C-305. Kindly action edunga.,corridor light eriyala at c 305 kindly action edunga,Electrical and Power,Electrical Maintenance,Low,Hostel,C-305,0,
CMP-03034,Girls Hostel Block A இல் மெத்தை சேதமடைந்துள்ளது. உடனடியாக நடவடிக்கை எடுக்கவும்.,girls hostel block a இல ம த த ச தமட ந த ள ளத உடனட ய க நடவட க க எட க கவ ம,Hostel and Accommodation,Hostel Administration,Low,Hostel,Girls Hostel Block A,1,CMP-00727
CMP-01357,Urgent attention is needed because the corridor light is not working in C-305.,urgent attention is needed because the corridor light is not working in c 305,Electrical and Power,Electrical Maintenance,Medium,Campus Building,C-305,0,
CMP-00801,Computer Laboratory la projector display varala. Please check pannunga.,computer laboratory la projector display varala please check pannunga,Classroom and Laboratory,Academic Infrastructure,High,Laboratory,Computer Laboratory,0,
CMP-01088,North Canteen பகுதியில் உணவு சுகாதாரமற்றதாக உள்ளது. தயவுசெய்து சரிசெய்யவும்.,north canteen பக த ய ல உணவ ச க த ரமற றத க உள ளத தயவ ச ய த சர ச ய யவ ம,Food and Canteen,Canteen Committee,Critical,Canteen,North Canteen,0,
CMP-00080,I want to report that water is leaking near an electrical panel in Parking Area.,i want to report that water is leaking near an electrical panel in parking area,Safety and Security,Security Office,Critical,Hostel,Parking Area,0,
CMP-01398,Main Gate area la staircase railing loose ah iruku.,main gate area la staircase railing loose ah iruku,Safety and Security,Security Office,Critical,Hostel,Main Gate,0,
CMP-01401,Route 1 Bus Stop பகுதியில் வளாக பேருந்து தாமதமாக வந்தது. தயவுசெய்து சரிசெய்யவும்.,route 1 bus stop பக த ய ல வள க ப ர ந த த மதம க வந தத தயவ ச ய த சர ச ய யவ ம,Transport and Parking,Transport Cell,High,Campus Road,Route 1 Bus Stop,0,
CMP-00664,Main Gate la unauthorized person hostel area la vandhirukanga. Please check pannunga.,main gate la unauthorized person hostel area la vandhirukanga please check pannunga,Safety and Security,Security Office,Medium,Parking,Main Gate,0,
CMP-00699,Urgent attention is needed because the staircase railing is loose in Main Gate.,urgent attention is needed because the staircase railing is loose in main gate,Safety and Security,Security Office,High,Campus Building,Main Gate,0,
CMP-02242,இணைய இணைப்பு மிகவும் மெதுவாக உள்ளது பிரச்சனை AI Laboratory இடத்தில் உள்ளது.,இண ய இண ப ப ம கவ ம ம த வ க உள ளத ப ரச சன ai laboratory இடத த ல உள ளத,Wi-Fi and IT Services,IT Support and Network Cell,Medium,Library,AI Laboratory,0,
CMP-00748,There is a problem because there is a bad smell near the waste area at Library Washroom.,there is a problem because there is a bad smell near the waste area at library washroom,Cleanliness and Waste,Housekeeping and Sanitation,High,Washroom,Library Washroom,0,
CMP-01188,Please check the ERP login is failing at Central Library.,please check the erp login is failing at central library,Wi-Fi and IT Services,IT Support and Network Cell,High,Classroom,Central Library,0,
CMP-03282,"Central Library Reading Hall la wifi work aagala, immediate ah solve pannunga.",central library reading hall la wifi work aagala immediate ah solve pannunga,Wi-Fi and IT Services,IT Support and Network Cell,High,Library,Central Library Reading Hall,1,CMP-01326
CMP-01390,Hostel Block B பகுதியில் வைஃபை வேலை செய்யவில்லை. தயவுசெய்து சரிசெய்யவும்.,hostel block b பக த ய ல வ ஃப வ ல ச ய யவ ல ல தயவ ச ய த சர ச ய யவ ம,Wi-Fi and IT Services,IT Support and Network Cell,High,Library,Hostel Block B,0,
CMP-03664,campus street light work aagala at Main Gate. Kindly action edunga.,campus street light work aagala at main gate kindly action edunga,Safety and Security,Security Office,Medium,Campus Road,Main Gate,1,CMP-02228
CMP-02379,AI Laboratory la wifi work aagala. Please check pannunga.,ai laboratory la wifi work aagala please check pannunga,Wi-Fi and IT Services,IT Support and Network Cell,Medium,Hostel,AI Laboratory,0,
CMP-00886,Please check the bonafide certificate request is pending at Scholarship Office.,please check the bonafide certificate request is pending at scholarship office,Administration and Documents,Administrative Office,Medium,Office,Scholarship Office,0,
CMP-01245,North Canteen la food price wrong ah iruku. Please check pannunga.,north canteen la food price wrong ah iruku please check pannunga,Food and Canteen,Canteen Committee,Critical,Canteen,North Canteen,0,
CMP-01790,Please check the mattress is damaged at Boys Hostel Block B.,please check the mattress is damaged at boys hostel block b,Hostel and Accommodation,Hostel Administration,Medium,Hostel,Boys Hostel Block B,0,
CMP-00286,Main Parking Area பகுதியில் வாகனம் வளாக நுழைவாயிலை மறைத்துள்ளது. தயவுசெய்து சரிசெய்யவும்.,main parking area பக த ய ல வ கனம வள க ந ழ வ ய ல மற த த ள ளத தயவ ச ய த சர ச ய யவ ம,Transport and Parking,Transport Cell,Medium,Campus Road,Main Parking Area,0,
CMP-03487,Main Gate la glass panel broken ah iruku. Please check pannunga.,main gate la glass panel broken ah iruku please check pannunga,Safety and Security,Security Office,High,Campus Building,Main Gate,1,CMP-00699
CMP-03835,lab computer network connect aagala at Hostel Block B. Kindly action edunga.,lab computer network connect aagala at hostel block b kindly action edunga,Wi-Fi and IT Services,IT Support and Network Cell,High,Library,Hostel Block B,1,CMP-01390
CMP-03515,Main Gate பகுதியில் கண்ணாடி பலகம் உடைந்துள்ளது. தயவுசெய்து சரிசெய்யவும்.,main gate பக த ய ல கண ண ட பலகம உட ந த ள ளத தயவ ச ய த சர ச ய யவ ம,Safety and Security,Security Office,Medium,Parking,Main Gate,1,CMP-00664
CMP-02675,I want to report that garbage has accumulated in Girls Hostel Washroom.,i want to report that garbage has accumulated in girls hostel washroom,Cleanliness and Waste,Housekeeping and Sanitation,Medium,Campus Road,Girls Hostel Washroom,0,
CMP-02003,Main Canteen area la canteen service romba slow ah iruku.,main canteen area la canteen service romba slow ah iruku,Food and Canteen,Canteen Committee,Low,Canteen,Main Canteen,0,
CMP-02655,குளிர்சாதன வசதி வேலை செய்யவில்லை பிரச்சனை C-101 இடத்தில் உள்ளது.,க ள ர ச தன வசத வ ல ச ய யவ ல ல ப ரச சன c 101 இடத த ல உள ளத,Classroom and Laboratory,Academic Infrastructure,Medium,Laboratory,C-101,0,
CMP-02180,I want to report that the washroom has not been cleaned in Girls Hostel Washroom.,i want to report that the washroom has not been cleaned in girls hostel washroom,Cleanliness and Waste,Housekeeping and Sanitation,Medium,Canteen,Girls Hostel Washroom,0,
CMP-01547,Please check there is a bad smell near the waste area at Academic Block Corridor.,please check there is a bad smell near the waste area at academic block corridor,Cleanliness and Waste,Housekeeping and Sanitation,High,Hostel,Academic Block Corridor,0,
CMP-00213,food hygiene illa at Main Canteen. Kindly action edunga.,food hygiene illa at main canteen kindly action edunga,Food and Canteen,Canteen Committee,Low,Canteen,Main Canteen,0,
CMP-02232,Girls Hostel Washroom இல் குழாயில் தண்ணீர் கசிகிறது. உடனடியாக நடவடிக்கை எடுக்கவும்.,girls hostel washroom இல க ழ ய ல தண ண ர கச க றத உடனட ய க நடவட க க எட க கவ ம,Water and Plumbing,Plumbing and Civil Maintenance,Medium,Canteen,Girls Hostel Washroom,0,
CMP-02233,Scholarship Office la scholarship status update aagala. Please check pannunga.,scholarship office la scholarship status update aagala please check pannunga,Administration and Documents,Administrative Office,Medium,Office,Scholarship Office,0,
CMP-02511,There is a problem because the mattress is damaged at Boys Hostel Block B.,there is a problem because the mattress is damaged at boys hostel block b,Hostel and Accommodation,Hostel Administration,Medium,Hostel,Boys Hostel Block B,0,
CMP-02073,நிறுத்துமிடம் கிடைக்கவில்லை பிரச்சனை College Entrance இடத்தில் உள்ளது.,ந ற த த ம டம க ட க கவ ல ல ப ரச சன college entrance இடத த ல உள ளத,Transport and Parking,Transport Cell,Medium,Parking,College Entrance,0,
CMP-01659,Route 3 Bus Stop இல் வாகனம் வளாக நுழைவாயிலை மறைத்துள்ளது. உடனடியாக நடவடிக்கை எடுக்கவும்.,route 3 bus stop இல வ கனம வள க ந ழ வ ய ல மற த த ள ளத உடனட ய க நடவட க க எட க கவ ம,Transport and Parking,Transport Cell,Medium,Campus Road,Route 3 Bus Stop,0,
CMP-00775,Urgent attention is needed because the staircase railing is loose in Campus Road.,urgent attention is needed because the staircase railing is loose in campus road,Safety and Security,Security Office,High,Campus Building,Campus Road,0,
CMP-02210,There is a problem because an unauthorized person entered the hostel area at Main Gate.,there is a problem because an unauthorized person entered the hostel area at main gate,Safety and Security,Security Office,Medium,Hostel,Main Gate,0,
CMP-03196,Please check the Wi-Fi is not working at AI Laboratory.,please check the wi fi is not working at ai laboratory,Wi-Fi and IT Services,IT Support and Network Cell,Medium,Hostel,AI Laboratory,1,CMP-02379
CMP-00798,room clean pannala at Hostel Room 214. Kindly action edunga.,room clean pannala at hostel room 214 kindly action edunga,Hostel and Accommodation,Hostel Administration,Medium,Hostel,Hostel Room 214,0,
CMP-02666,Scholarship Office இல் கட்டண செலுத்துதல் தளத்தில் புதுப்பிக்கப்படவில்லை. உடனடியாக நடவடிக்கை எடுக்கவும்.,scholarship office இல கட டண ச ல த த தல தளத த ல ப த ப ப க கப படவ ல ல உடனட ய க நடவட க க எட க கவ ம,Administration and Documents,Administrative Office,Medium,Office,Scholarship Office,0,
CMP-02946,C-204 area la corridor light eriyala.,c 204 area la corridor light eriyala,Electrical and Power,Electrical Maintenance,Medium,Campus Building,C-204,0,
CMP-00129,"Academic Block Corridor la waste area pakkathula bad smell iruku, immediate ah solve pannunga.",academic block corridor la waste area pakkathula bad smell iruku immediate ah solve pannunga,Cleanliness and Waste,Housekeeping and Sanitation,Medium,Campus Road,Academic Block Corridor,0,
CMP-00454,Route 2 Bus Stop பகுதியில் வளாக பேருந்து தாமதமாக வந்தது. தயவுசெய்து சரிசெய்யவும்.,route 2 bus stop பக த ய ல வள க ப ர ந த த மதம க வந தத தயவ ச ய த சர ச ய யவ ம,Transport and Parking,Transport Cell,High,Campus Road,Route 2 Bus Stop,0,
CMP-00495,Girls Hostel Block A பகுதியில் ஜன்னல் சேதமடைந்துள்ளது. தயவுசெய்து சரிசெய்யவும்.,girls hostel block a பக த ய ல ஜன னல ச தமட ந த ள ளத தயவ ச ய த சர ச ய யவ ம,Hostel and Accommodation,Hostel Administration,Low,Hostel,Girls Hostel Block A,0,
CMP-00063,Main Canteen இல் உணவின் விலை தவறாக உள்ளது. உடனடியாக நடவடிக்கை எடுக்கவும்.,main canteen இல உணவ ன வ ல தவற க உள ளத உடனட ய க நடவட க க எட க கவ ம,Food and Canteen,Canteen Committee,Medium,Canteen,Main Canteen,0,
CMP-02438,Urgent attention is needed because the classroom has poor ventilation in C-204.,urgent attention is needed because the classroom has poor ventilation in c 204,Classroom and Laboratory,Academic Infrastructure,Medium,Classroom,C-204,0,
CMP-02072,Library Washroom la garbage accumulate aagiruku. Please check pannunga.,library washroom la garbage accumulate aagiruku please check pannunga,Cleanliness and Waste,Housekeeping and Sanitation,Low,Canteen,Library Washroom,0,
CMP-00326,Urgent attention is needed because the drinking water dispenser is not working in Main Canteen.,urgent attention is needed because the drinking water dispenser is not working in main canteen,Food and Canteen,Canteen Committee,Medium,Canteen,Main Canteen,0,
CMP-03191,Academic Block Corridor இல் கழிவறை சுத்தம் செய்யப்படவில்லை. உடனடியாக நடவடிக்கை எடுக்கவும்.,academic block corridor இல கழ வற ச த தம ச ய யப படவ ல ல உடனட ய க நடவட க க எட க கவ ம,Cleanliness and Waste,Housekeeping and Sanitation,High,Hostel,Academic Block Corridor,1,CMP-01547
CMP-02961,Please check the marksheet correction request is pending at Accounts Office.,please check the marksheet correction request is pending at accounts office,Administration and Documents,Administrative Office,Medium,Office,Accounts Office,0,
CMP-00477,bus romba crowded ah iruku at Main Parking Area. Kindly action edunga.,bus romba crowded ah iruku at main parking area kindly action edunga,Transport and Parking,Transport Cell,Medium,Parking,Main Parking Area,0,
CMP-03341,Urgent attention is needed because the food price is incorrect in Main Canteen.,urgent attention is needed because the food price is incorrect in main canteen,Food and Canteen,Canteen Committee,Low,Canteen,Main Canteen,1,CMP-02003
CMP-03690,Boys Hostel Block B la room door lock broken ah iruku. Please check pannunga.,boys hostel block b la room door lock broken ah iruku please check pannunga,Hostel and Accommodation,Hostel Administration,Medium,Hostel,Boys Hostel Block B,1,CMP-02511
CMP-03112,Main Canteen area la food quality poor ah iruku.,main canteen area la food quality poor ah iruku,Food and Canteen,Canteen Committee,Medium,Canteen,Main Canteen,1,CMP-00326
CMP-01372,I want to report that the washroom has not been cleaned in Girls Hostel Washroom.,i want to report that the washroom has not been cleaned in girls hostel washroom,Cleanliness and Waste,Housekeeping and Sanitation,Medium,Campus Road,Girls Hostel Washroom,0,
CMP-00993,AI Laboratory area la projector display varala.,ai laboratory area la projector display varala,Classroom and Laboratory,Academic Infrastructure,High,Laboratory,AI Laboratory,0,
CMP-00166,Main Parking Area பகுதியில் வளாக பேருந்து தாமதமாக வந்தது. தயவுசெய்து சரிசெய்யவும்.,main parking area பக த ய ல வள க ப ர ந த த மதம க வந தத தயவ ச ய த சர ச ய யவ ம,Transport and Parking,Transport Cell,Medium,Parking,Main Parking Area,0,
CMP-00381,Urgent attention is needed because the classroom has poor ventilation in Electronics Laboratory.,urgent attention is needed because the classroom has poor ventilation in electronics laboratory,Classroom and Laboratory,Academic Infrastructure,Low,Laboratory,Electronics Laboratory,0,
CMP-00500,There is a problem because there is a broken glass panel at Hostel Block B.,there is a problem because there is a broken glass panel at hostel block b,Safety and Security,Security Office,Medium,Hostel,Hostel Block B,0,
CMP-01796,Urgent attention is needed because the marksheet correction request is pending in Academic Office.,urgent attention is needed because the marksheet correction request is pending in academic office,Administration and Documents,Administrative Office,Medium,Office,Academic Office,0,
CMP-01864,Urgent attention is needed because the room door lock is broken in Boys Hostel Block B.,urgent attention is needed because the room door lock is broken in boys hostel block b,Hostel and Accommodation,Hostel Administration,Medium,Hostel,Boys Hostel Block B,0,
CMP-02456,College Entrance பகுதியில் வாகனம் வளாக நுழைவாயிலை மறைத்துள்ளது. தயவுசெய்து சரிசெய்யவும்.,college entrance பக த ய ல வ கனம வள க ந ழ வ ய ல மற த த ள ளத தயவ ச ய த சர ச ய யவ ம,Transport and Parking,Transport Cell,High,Parking,College Entrance,0,
CMP-03818,Please check the scholarship application status is not updated at Scholarship Office.,please check the scholarship application status is not updated at scholarship office,Administration and Documents,Administrative Office,Medium,Office,Scholarship Office,1,CMP-02233
CMP-03278,There is a problem because the campus bus arrived late at Main Parking Area.,there is a problem because the campus bus arrived late at main parking area,Transport and Parking,Transport Cell,Medium,Parking,Main Parking Area,1,CMP-00166
CMP-02553,Please check the ID card request is delayed at Academic Office.,please check the id card request is delayed at academic office,Administration and Documents,Administrative Office,High,Office,Academic Office,0,
CMP-02667,Please check the ID card request is delayed at Academic Office.,please check the id card request is delayed at academic office,Administration and Documents,Administrative Office,Medium,Office,Academic Office,0,
CMP-03218,College Entrance area la campus bus late ah vandhuchu.,college entrance area la campus bus late ah vandhuchu,Transport and Parking,Transport Cell,Medium,Parking,College Entrance,1,CMP-02073
CMP-00973,"Academic Office la fee payment portal la update aagala, immediate ah solve pannunga.",academic office la fee payment portal la update aagala immediate ah solve pannunga,Administration and Documents,Administrative Office,Medium,Office,Academic Office,0,
CMP-03321,Urgent attention is needed because the mattress is damaged in Hostel Room 214.,urgent attention is needed because the mattress is damaged in hostel room 214,Hostel and Accommodation,Hostel Administration,Medium,Hostel,Hostel Room 214,1,CMP-00798
CMP-01092,Urgent attention is needed because the tube light is flickering in C-204.,urgent attention is needed because the tube light is flickering in c 204,Electrical and Power,Electrical Maintenance,High,Hostel,C-204,0,
CMP-00276,Please check the ceiling fan is not working at Computer Laboratory.,please check the ceiling fan is not working at computer laboratory,Electrical and Power,Electrical Maintenance,Medium,Laboratory,Computer Laboratory,0,
CMP-00900,I want to report that the washroom has not been cleaned in Boys Hostel Washroom.,i want to report that the washroom has not been cleaned in boys hostel washroom,Cleanliness and Waste,Housekeeping and Sanitation,Medium,Campus Road,Boys Hostel Washroom,0,
CMP-02956,There is a problem because the toilet is blocked at Boys Hostel Washroom.,there is a problem because the toilet is blocked at boys hostel washroom,Water and Plumbing,Plumbing and Civil Maintenance,Low,Canteen,Boys Hostel Washroom,0,
CMP-02821,C-204 la current supply illa. Please check pannunga.,c 204 la current supply illa please check pannunga,Electrical and Power,Electrical Maintenance,Low,Campus Building,C-204,0,
CMP-03182,C-204 la lab equipment work aagala. Please check pannunga.,c 204 la lab equipment work aagala please check pannunga,Classroom and Laboratory,Academic Infrastructure,Medium,Classroom,C-204,1,CMP-02438
CMP-03358,Boys Hostel Washroom இல் கழிவறை சுத்தம் செய்யப்படவில்லை. உடனடியாக நடவடிக்கை எடுக்கவும்.,boys hostel washroom இல கழ வற ச த தம ச ய யப படவ ல ல உடனட ய க நடவட க க எட க கவ ம,Cleanliness and Waste,Housekeeping and Sanitation,Medium,Campus Road,Boys Hostel Washroom,1,CMP-00900
CMP-03126,I want to report that the laboratory equipment is not functioning in AI Laboratory.,i want to report that the laboratory equipment is not functioning in ai laboratory,Classroom and Laboratory,Academic Infrastructure,High,Laboratory,AI Laboratory,1,CMP-00993
CMP-01574,Boys Hostel Block B பகுதியில் அறை சுத்தம் செய்யப்படவில்லை. தயவுசெய்து சரிசெய்யவும்.,boys hostel block b பக த ய ல அற ச த தம ச ய யப படவ ல ல தயவ ச ய த சர ச ய யவ ம,Hostel and Accommodation,Hostel Administration,Low,Hostel,Boys Hostel Block B,0,
CMP-03299,Computer Laboratory பகுதியில் மின்விசிறி வேலை செய்யவில்லை. தயவுசெய்து சரிசெய்யவும்.,computer laboratory பக த ய ல ம ன வ ச ற வ ல ச ய யவ ல ல தயவ ச ய த சர ச ய யவ ம,Electrical and Power,Electrical Maintenance,Medium,Laboratory,Computer Laboratory,1,CMP-00276
CMP-00607,There is a problem because the ceiling fan is not working at Hostel Block A.,there is a problem because the ceiling fan is not working at hostel block a,Electrical and Power,Electrical Maintenance,Medium,Laboratory,Hostel Block A,0,
CMP-00871,"Computer Laboratory la classroom ventilation poor ah iruku, immediate ah solve pannunga.",computer laboratory la classroom ventilation poor ah iruku immediate ah solve pannunga,Classroom and Laboratory,Academic Infrastructure,High,Laboratory,Computer Laboratory,0,
CMP-00583,There is a problem because the room door lock is broken at Girls Hostel Block B.,there is a problem because the room door lock is broken at girls hostel block b,Hostel and Accommodation,Hostel Administration,Low,Hostel,Girls Hostel Block B,0,
CMP-00800,"Main Canteen la water tank overflow aagudhu, immediate ah solve pannunga.",main canteen la water tank overflow aagudhu immediate ah solve pannunga,Water and Plumbing,Plumbing and Civil Maintenance,Medium,Hostel,Main Canteen,0,
CMP-03067,room clean pannala at Boys Hostel Block B. Kindly action edunga.,room clean pannala at boys hostel block b kindly action edunga,Hostel and Accommodation,Hostel Administration,Medium,Hostel,Boys Hostel Block B,1,CMP-01864
CMP-01926,I want to report that the ceiling fan is not working in Hostel Block A.,i want to report that the ceiling fan is not working in hostel block a,Electrical and Power,Electrical Maintenance,Low,Classroom,Hostel Block A,0,
CMP-00736,குழாயில் தண்ணீர் கசிகிறது பிரச்சனை Engineering Block இடத்தில் உள்ளது.,க ழ ய ல தண ண ர கச க றத ப ரச சன engineering block இடத த ல உள ளத,Water and Plumbing,Plumbing and Civil Maintenance,High,Washroom,Engineering Block,0,
CMP-00034,Urgent attention is needed because garbage has accumulated in Girls Hostel Washroom.,urgent attention is needed because garbage has accumulated in girls hostel washroom,Cleanliness and Waste,Housekeeping and Sanitation,High,Canteen,Girls Hostel Washroom,0,
CMP-02689,There is a problem because the ID card request is delayed at Scholarship Office.,there is a problem because the id card request is delayed at scholarship office,Administration and Documents,Administrative Office,High,Office,Scholarship Office,0,
CMP-02249,There is a problem because the toilet is blocked at Main Canteen.,there is a problem because the toilet is blocked at main canteen,Water and Plumbing,Plumbing and Civil Maintenance,Low,Campus Building,Main Canteen,0,
CMP-03121,There is a problem because the hostel room is not cleaned at Boys Hostel Block B.,there is a problem because the hostel room is not cleaned at boys hostel block b,Hostel and Accommodation,Hostel Administration,Low,Hostel,Boys Hostel Block B,1,CMP-01574
CMP-00254,Route 1 Bus Stop பகுதியில் வளாக பேருந்து தாமதமாக வந்தது. தயவுசெய்து சரிசெய்யவும்.,route 1 bus stop பக த ய ல வள க ப ர ந த த மதம க வந தத தயவ ச ய த சர ச ய யவ ம,Transport and Parking,Transport Cell,Medium,Parking,Route 1 Bus Stop,0,
CMP-00345,Engineering Block area la pipe la water leak aagudhu.,engineering block area la pipe la water leak aagudhu,Water and Plumbing,Plumbing and Civil Maintenance,Medium,Campus Building,Engineering Block,0,
CMP-02890,Please check the bus is overcrowded at Route 2 Bus Stop.,please check the bus is overcrowded at route 2 bus stop,Transport and Parking,Transport Cell,Low,Parking,Route 2 Bus Stop,0,
CMP-00358,"Route 2 Bus Stop la parking space illa, immediate ah solve pannunga.",route 2 bus stop la parking space illa immediate ah solve pannunga,Transport and Parking,Transport Cell,Medium,Parking,Route 2 Bus Stop,0,
CMP-01444,Hostel Block B பகுதியில் மாணவர் தளம் திறக்கவில்லை. தயவுசெய்து சரிசெய்யவும்.,hostel block b பக த ய ல ம ணவர தளம த றக கவ ல ல தயவ ச ய த சர ச ய யவ ம,Wi-Fi and IT Services,IT Support and Network Cell,Medium,Hostel,Hostel Block B,0,
CMP-01030,I want to report that garbage has accumulated in Academic Block Corridor.,i want to report that garbage has accumulated in academic block corridor,Cleanliness and Waste,Housekeeping and Sanitation,Medium,Canteen,Academic Block Corridor,0,
CMP-02464,Route 3 Bus Stop இல் வாகனம் வளாக நுழைவாயிலை மறைத்துள்ளது. உடனடியாக நடவடிக்கை எடுக்கவும்.,route 3 bus stop இல வ கனம வள க ந ழ வ ய ல மற த த ள ளத உடனட ய க நடவட க க எட க கவ ம,Transport and Parking,Transport Cell,Low,Campus Road,Route 3 Bus Stop,0,
CMP-02448,பொனஃபைடு சான்றிதழ் கோரிக்கை நிலுவையில் உள்ளது பிரச்சனை Academic Office இடத்தில் உள்ளது.,ப னஃப ட ச ன ற தழ க ர க க ந ல வ ய ல உள ளத ப ரச சன academic office இடத த ல உள ளத,Administration and Documents,Administrative Office,Low,Office,Academic Office,0,
CMP-00475,Please check the washroom tap is broken at Main Canteen.,please check the washroom tap is broken at main canteen,Water and Plumbing,Plumbing and Civil Maintenance,Medium,Hostel,Main Canteen,0,
CMP-01339,Hostel Block B area la switch damage aagiruku.,hostel block b area la switch damage aagiruku,Electrical and Power,Electrical Maintenance,Low,Classroom,Hostel Block B,0,
CMP-01046,Main Canteen பகுதியில் உணவு சுகாதாரமற்றதாக உள்ளது. தயவுசெய்து சரிசெய்யவும்.,main canteen பக த ய ல உணவ ச க த ரமற றத க உள ளத தயவ ச ய த சர ச ய யவ ம,Food and Canteen,Canteen Committee,Medium,Canteen,Main Canteen,0,
CMP-00379,I want to report that an unauthorized person entered the hostel area in Parking Area.,i want to report that an unauthorized person entered the hostel area in parking area,Safety and Security,Security Office,High,Hostel,Parking Area,0,
CMP-00722,parking space illa at Route 1 Bus Stop. Kindly action edunga.,parking space illa at route 1 bus stop kindly action edunga,Transport and Parking,Transport Cell,High,Campus Road,Route 1 Bus Stop,0,
CMP-01140,AI Laboratory la classroom bench broken ah iruku. Please check pannunga.,ai laboratory la classroom bench broken ah iruku please check pannunga,Classroom and Laboratory,Academic Infrastructure,Low,Classroom,AI Laboratory,0,
CMP-01854,"Computer Laboratory la lab equipment work aagala, immediate ah solve pannunga.",computer laboratory la lab equipment work aagala immediate ah solve pannunga,Classroom and Laboratory,Academic Infrastructure,Medium,Laboratory,Computer Laboratory,0,
CMP-02886,There is a problem because the room door lock is broken at Boys Hostel Block A.,there is a problem because the room door lock is broken at boys hostel block a,Hostel and Accommodation,Hostel Administration,High,Hostel,Boys Hostel Block A,0,
CMP-02656,Urgent attention is needed because the air conditioner is not working in C-204.,urgent attention is needed because the air conditioner is not working in c 204,Classroom and Laboratory,Academic Infrastructure,High,Laboratory,C-204,0,
CMP-00390,water tank overflow aagudhu at Boys Hostel Washroom. Kindly action edunga.,water tank overflow aagudhu at boys hostel washroom kindly action edunga,Water and Plumbing,Plumbing and Civil Maintenance,Medium,Washroom,Boys Hostel Washroom,0,
CMP-02213,Please check the ceiling fan is not working at Computer Laboratory.,please check the ceiling fan is not working at computer laboratory,Electrical and Power,Electrical Maintenance,Low,Hostel,Computer Laboratory,0,
CMP-02936,Urgent attention is needed because a vehicle is blocking the campus entrance in Main Parking Area.,urgent attention is needed because a vehicle is blocking the campus entrance in main parking area,Transport and Parking,Transport Cell,Low,Campus Road,Main Parking Area,0,
CMP-02064,food quality poor ah iruku at Main Canteen. Kindly action edunga.,food quality poor ah iruku at main canteen kindly action edunga,Food and Canteen,Canteen Committee,Medium,Canteen,Main Canteen,0,
CMP-02778,Please check there is a bad smell near the waste area at Boys Hostel Washroom.,please check there is a bad smell near the waste area at boys hostel washroom,Cleanliness and Waste,Housekeeping and Sanitation,Low,Campus Road,Boys Hostel Washroom,0,
CMP-02546,Please check the staircase railing is loose at Campus Road.,please check the staircase railing is loose at campus road,Safety and Security,Security Office,High,Campus Building,Campus Road,0,
CMP-03236,"Route 2 Bus Stop la vehicle campus entrance block pannudhu, immediate ah solve pannunga.",route 2 bus stop la vehicle campus entrance block pannudhu immediate ah solve pannunga,Transport and Parking,Transport Cell,Low,Parking,Route 2 Bus Stop,1,CMP-02890
CMP-03637,Academic Office la marksheet correction pending la iruku. Please check pannunga.,academic office la marksheet correction pending la iruku please check pannunga,Administration and Documents,Administrative Office,Low,Office,Academic Office,1,CMP-02448
CMP-00100,Please check the room has a damaged window at Boys Hostel Block B.,please check the room has a damaged window at boys hostel block b,Hostel and Accommodation,Hostel Administration,Low,Hostel,Boys Hostel Block B,0,
CMP-02196,Boys Hostel Block B la room door lock broken ah iruku. Please check pannunga.,boys hostel block b la room door lock broken ah iruku please check pannunga,Hostel and Accommodation,Hostel Administration,High,Hostel,Boys Hostel Block B,0,
CMP-01785,I want to report that the air conditioner is not working in Electronics Laboratory.,i want to report that the air conditioner is not working in electronics laboratory,Classroom and Laboratory,Academic Infrastructure,Medium,Laboratory,Electronics Laboratory,0,
CMP-02518,Please check the dustbin is overflowing at Boys Hostel Washroom.,please check the dustbin is overflowing at boys hostel washroom,Cleanliness and Waste,Housekeeping and Sanitation,High,Hostel,Boys Hostel Washroom,0,
CMP-02001,I want to report that the drinking water dispenser is not working in Main Canteen.,i want to report that the drinking water dispenser is not working in main canteen,Food and Canteen,Canteen Committee,Low,Canteen,Main Canteen,0,
CMP-00104,Urgent attention is needed because the electrical switch is damaged in Computer Laboratory.,urgent attention is needed because the electrical switch is damaged in computer laboratory,Electrical and Power,Electrical Maintenance,Medium,Campus Building,Computer Laboratory,0,
CMP-02416,dustbin overflow aagudhu at Library Washroom. Kindly action edunga.,dustbin overflow aagudhu at library washroom kindly action edunga,Cleanliness and Waste,Housekeeping and Sanitation,Medium,Washroom,Library Washroom,0,
CMP-03723,Please check the laboratory equipment is not functioning at Computer Laboratory.,please check the laboratory equipment is not functioning at computer laboratory,Classroom and Laboratory,Academic Infrastructure,Medium,Laboratory,Computer Laboratory,1,CMP-01854
CMP-02458,electrical panel pakkathula water leak aagudhu at Hostel Block B. Kindly action edunga.,electrical panel pakkathula water leak aagudhu at hostel block b kindly action edunga,Safety and Security,Security Office,High,Hostel,Hostel Block B,0,
CMP-00850,Main Canteen இல் தண்ணீர் வழங்கல் இல்லை. உடனடியாக நடவடிக்கை எடுக்கவும்.,main canteen இல தண ண ர வழங கல இல ல உடனட ய க நடவட க க எட க கவ ம,Water and Plumbing,Plumbing and Civil Maintenance,Low,Washroom,Main Canteen,0,
CMP-03332,There is a problem because the food quality is poor at Main Canteen.,there is a problem because the food quality is poor at main canteen,Food and Canteen,Canteen Committee,Medium,Canteen,Main Canteen,1,CMP-02064
CMP-01448,மின்விசிறி வேலை செய்யவில்லை பிரச்சனை Hostel Block B இடத்தில் உள்ளது.,ம ன வ ச ற வ ல ச ய யவ ல ல ப ரச சன hostel block b இடத த ல உள ளத,Electrical and Power,Electrical Maintenance,Medium,Laboratory,Hostel Block B,0,
CMP-01979,Urgent attention is needed because the washroom has not been cleaned in Academic Block Corridor.,urgent attention is needed because the washroom has not been cleaned in academic block corridor,Cleanliness and Waste,Housekeeping and Sanitation,High,Hostel,Academic Block Corridor,0,
CMP-02299,ஜன்னல் சேதமடைந்துள்ளது பிரச்சனை Girls Hostel Block B இடத்தில் உள்ளது.,ஜன னல ச தமட ந த ள ளத ப ரச சன girls hostel block b இடத த ல உள ளத,Hostel and Accommodation,Hostel Administration,Low,Hostel,Girls Hostel Block B,0,
CMP-02806,"Hostel Mess la canteen service romba slow ah iruku, immediate ah solve pannunga.",hostel mess la canteen service romba slow ah iruku immediate ah solve pannunga,Food and Canteen,Canteen Committee,Medium,Canteen,Hostel Mess,0,
CMP-02494,Urgent attention is needed because there is no parking space available in Main Parking Area.,urgent attention is needed because there is no parking space available in main parking area,Transport and Parking,Transport Cell,Medium,Parking,Main Parking Area,0,
CMP-03006,Electronics Laboratory இல் வகுப்பறை மேசை உடைந்துள்ளது. உடனடியாக நடவடிக்கை எடுக்கவும்.,electronics laboratory இல வக ப பற ம ச உட ந த ள ளத உடனட ய க நடவட க க எட க கவ ம,Classroom and Laboratory,Academic Infrastructure,Medium,Laboratory,Electronics Laboratory,1,CMP-01785
CMP-03808,Urgent attention is needed because the internet connection is very slow in Hostel Block B.,urgent attention is needed because the internet connection is very slow in hostel block b,Wi-Fi and IT Services,IT Support and Network Cell,Medium,Hostel,Hostel Block B,1,CMP-01444
CMP-01484,"Campus Road la staircase railing loose ah iruku, immediate ah solve pannunga.",campus road la staircase railing loose ah iruku immediate ah solve pannunga,Safety and Security,Security Office,High,Campus Building,Campus Road,0,
CMP-01810,Please check the food quality is poor at Main Canteen.,please check the food quality is poor at main canteen,Food and Canteen,Canteen Committee,Medium,Canteen,Main Canteen,0,
CMP-00792,College Entrance la bus romba crowded ah iruku. Please check pannunga.,college entrance la bus romba crowded ah iruku please check pannunga,Transport and Parking,Transport Cell,Medium,Parking,College Entrance,0,
CMP-00295,I want to report that the room door lock is broken in Girls Hostel Block A.,i want to report that the room door lock is broken in girls hostel block a,Hostel and Accommodation,Hostel Administration,High,Hostel,Girls Hostel Block A,0,
CMP-03715,Campus Road area la campus street light work aagala.,campus road area la campus street light work aagala,Safety and Security,Security Office,High,Campus Building,Campus Road,1,CMP-02546
CMP-00835,Main Canteen பகுதியில் நடைபாதை அழுக்காக உள்ளது. தயவுசெய்து சரிசெய்யவும்.,main canteen பக த ய ல நட ப த அழ க க க உள ளத தயவ ச ய த சர ச ய யவ ம,Cleanliness and Waste,Housekeeping and Sanitation,Medium,Campus Road,Main Canteen,0,
CMP-00902,Urgent attention is needed because there is no water supply in Engineering Block.,urgent attention is needed because there is no water supply in engineering block,Water and Plumbing,Plumbing and Civil Maintenance,High,Campus Building,Engineering Block,0,
CMP-02824,garbage accumulate aagiruku at Library Washroom. Kindly action edunga.,garbage accumulate aagiruku at library washroom kindly action edunga,Cleanliness and Waste,Housekeeping and Sanitation,High,Campus Road,Library Washroom,0,
CMP-02202,unauthorized person hostel area la vandhirukanga at Engineering Block. Kindly action edunga.,unauthorized person hostel area la vandhirukanga at engineering block kindly action edunga,Safety and Security,Security Office,High,Parking,Engineering Block,0,
CMP-03222,Please check there is a broken glass panel at Campus Road.,please check there is a broken glass panel at campus road,Safety and Security,Security Office,High,Campus Building,Campus Road,1,CMP-01484
CMP-00869,I want to report that there is no water supply in Hostel Block B.,i want to report that there is no water supply in hostel block b,Water and Plumbing,Plumbing and Civil Maintenance,High,Campus Building,Hostel Block B,0,
CMP-01806,I want to report that the toilet is blocked in Boys Hostel Washroom.,i want to report that the toilet is blocked in boys hostel washroom,Water and Plumbing,Plumbing and Civil Maintenance,High,Canteen,Boys Hostel Washroom,0,
CMP-00478,I want to report that the tube light is flickering in Hostel Block B.,i want to report that the tube light is flickering in hostel block b,Electrical and Power,Electrical Maintenance,Medium,Campus Building,Hostel Block B,0,
CMP-03114,தண்ணீர் வழங்கல் இல்லை பிரச்சனை Hostel Block B இடத்தில் உள்ளது.,தண ண ர வழங கல இல ல ப ரச சன hostel block b இடத த ல உள ளத,Water and Plumbing,Plumbing and Civil Maintenance,High,Campus Building,Hostel Block B,1,CMP-00869
CMP-03076,Hostel Block B area la switch damage aagiruku.,hostel block b area la switch damage aagiruku,Electrical and Power,Electrical Maintenance,Medium,Laboratory,Hostel Block B,1,CMP-01448
CMP-03730,Main Canteen area la canteen service romba slow ah iruku.,main canteen area la canteen service romba slow ah iruku,Food and Canteen,Canteen Committee,Low,Canteen,Main Canteen,1,CMP-02001
CMP-02872,bus route notice illama change pannitanga at Main Parking Area. Kindly action edunga.,bus route notice illama change pannitanga at main parking area kindly action edunga,Transport and Parking,Transport Cell,Medium,Parking,Main Parking Area,0,
CMP-02485,Parking Area area la corridor dirty ah iruku.,parking area area la corridor dirty ah iruku,Cleanliness and Waste,Housekeeping and Sanitation,Critical,Canteen,Parking Area,0,
CMP-02120,Girls Hostel Block A இல் ஜன்னல் சேதமடைந்துள்ளது. உடனடியாக நடவடிக்கை எடுக்கவும்.,girls hostel block a இல ஜன னல ச தமட ந த ள ளத உடனட ய க நடவட க க எட க கவ ம,Hostel and Accommodation,Hostel Administration,Medium,Hostel,Girls Hostel Block A,0,
CMP-01011,Urgent attention is needed because the toilet is blocked in Hostel Block B.,urgent attention is needed because the toilet is blocked in hostel block b,Water and Plumbing,Plumbing and Civil Maintenance,High,Hostel,Hostel Block B,0,
CMP-02590,I want to report that the canteen service is very slow in Hostel Mess.,i want to report that the canteen service is very slow in hostel mess,Food and Canteen,Canteen Committee,Medium,Canteen,Hostel Mess,0,
CMP-02841,corridor dirty ah iruku at Parking Area. Kindly action edunga.,corridor dirty ah iruku at parking area kindly action edunga,Cleanliness and Waste,Housekeeping and Sanitation,High,Campus Road,Parking Area,0,
CMP-03849,Girls Hostel Block A பகுதியில் அறை கதவு பூட்டு உடைந்துள்ளது. தயவுசெய்து சரிசெய்யவும்.,girls hostel block a பக த ய ல அற கதவ ப ட ட உட ந த ள ளத தயவ ச ய த சர ச ய யவ ம,Hostel and Accommodation,Hostel Administration,High,Hostel,Girls Hostel Block A,1,CMP-00295
CMP-01867,Hostel Block A la water tank overflow aagudhu. Please check pannunga.,hostel block a la water tank overflow aagudhu please check pannunga,Water and Plumbing,Plumbing and Civil Maintenance,Medium,Washroom,Hostel Block A,0,
CMP-00847,Please check the hostel room is not cleaned at Girls Hostel Block B.,please check the hostel room is not cleaned at girls hostel block b,Hostel and Accommodation,Hostel Administration,Medium,Hostel,Girls Hostel Block B,0,
CMP-00929,There is a problem because the corridor light is not working at C-305.,there is a problem because the corridor light is not working at c 305,Electrical and Power,Electrical Maintenance,Medium,Campus Building,C-305,0,
CMP-03011,Hostel Block B பகுதியில் மின்பலகையின் அருகில் தண்ணீர் கசிகிறது. தயவுசெய்து சரிசெய்யவும்.,hostel block b பக த ய ல ம ன பலக ய ன அர க ல தண ண ர கச க றத தயவ ச ய த சர ச ய யவ ம,Safety and Security,Security Office,High,Hostel,Hostel Block B,1,CMP-02458
CMP-02388,Route 2 Bus Stop பகுதியில் நிறுத்துமிடம் கிடைக்கவில்லை. தயவுசெய்து சரிசெய்யவும்.,route 2 bus stop பக த ய ல ந ற த த ம டம க ட க கவ ல ல தயவ ச ய த சர ச ய யவ ம,Transport and Parking,Transport Cell,Medium,Parking,Route 2 Bus Stop,0,
CMP-01540,Computer Laboratory area la classroom ventilation poor ah iruku.,computer laboratory area la classroom ventilation poor ah iruku,Classroom and Laboratory,Academic Infrastructure,Medium,Laboratory,Computer Laboratory,0,
CMP-02718,கண்ணாடி பலகம் உடைந்துள்ளது பிரச்சனை Hostel Block B இடத்தில் உள்ளது.,கண ண ட பலகம உட ந த ள ளத ப ரச சன hostel block b இடத த ல உள ளத,Safety and Security,Security Office,Critical,Parking,Hostel Block B,0,
CMP-00551,Urgent attention is needed because there is no water supply in Boys Hostel Washroom.,urgent attention is needed because there is no water supply in boys hostel washroom,Water and Plumbing,Plumbing and Civil Maintenance,Medium,Hostel,Boys Hostel Washroom,0,
CMP-00540,I want to report that the room door lock is broken in Girls Hostel Block A.,i want to report that the room door lock is broken in girls hostel block a,Hostel and Accommodation,Hostel Administration,Low,Hostel,Girls Hostel Block A,0,
CMP-03224,மின்விசிறி வேலை செய்யவில்லை பிரச்சனை Hostel Block B இடத்தில் உள்ளது.,ம ன வ ச ற வ ல ச ய யவ ல ல ப ரச சன hostel block b இடத த ல உள ளத,Electrical and Power,Electrical Maintenance,Medium,Campus Building,Hostel Block B,1,CMP-00478
CMP-03198,Parking Area பகுதியில் கழிவறை சுத்தம் செய்யப்படவில்லை. தயவுசெய்து சரிசெய்யவும்.,parking area பக த ய ல கழ வற ச த தம ச ய யப படவ ல ல தயவ ச ய த சர ச ய யவ ம,Cleanliness and Waste,Housekeeping and Sanitation,Critical,Canteen,Parking Area,1,CMP-02485
CMP-03014,water supply varala at Engineering Block. Kindly action edunga.,water supply varala at engineering block kindly action edunga,Water and Plumbing,Plumbing and Civil Maintenance,High,Campus Building,Engineering Block,1,CMP-00902
CMP-03774,There is a problem because water is leaking near an electrical panel at Hostel Block B.,there is a problem because water is leaking near an electrical panel at hostel block b,Safety and Security,Security Office,Critical,Parking,Hostel Block B,1,CMP-02718
CMP-00084,Computer Laboratory பகுதியில் வகுப்பறை மேசை உடைந்துள்ளது. தயவுசெய்து சரிசெய்யவும்.,computer laboratory பக த ய ல வக ப பற ம ச உட ந த ள ளத தயவ ச ய த சர ச ய யவ ம,Classroom and Laboratory,Academic Infrastructure,Medium,Classroom,Computer Laboratory,0,
CMP-01963,Urgent attention is needed because the projector is not displaying in Electronics Laboratory.,urgent attention is needed because the projector is not displaying in electronics laboratory,Classroom and Laboratory,Academic Infrastructure,Low,Laboratory,Electronics Laboratory,0,
CMP-02189,I want to report that the washroom has not been cleaned in Library Washroom.,i want to report that the washroom has not been cleaned in library washroom,Cleanliness and Waste,Housekeeping and Sanitation,High,Campus Road,Library Washroom,0,
CMP-01947,Urgent attention is needed because there is a bad smell near the waste area in Library Washroom.,urgent attention is needed because there is a bad smell near the waste area in library washroom,Cleanliness and Waste,Housekeeping and Sanitation,High,Washroom,Library Washroom,0,
CMP-01185,Girls Hostel Block A la room door lock broken ah iruku. Please check pannunga.,girls hostel block a la room door lock broken ah iruku please check pannunga,Hostel and Accommodation,Hostel Administration,Low,Hostel,Girls Hostel Block A,0,
CMP-03793,Library Washroom பகுதியில் கழிவறை சுத்தம் செய்யப்படவில்லை. தயவுசெய்து சரிசெய்யவும்.,library washroom பக த ய ல கழ வற ச த தம ச ய யப படவ ல ல தயவ ச ய த சர ச ய யவ ம,Cleanliness and Waste,Housekeeping and Sanitation,High,Washroom,Library Washroom,1,CMP-01947
CMP-00714,I want to report that the bus route was changed without notice in Route 2 Bus Stop.,i want to report that the bus route was changed without notice in route 2 bus stop,Transport and Parking,Transport Cell,High,Parking,Route 2 Bus Stop,0,
CMP-00632,"Hostel Block B la water supply varala, immediate ah solve pannunga.",hostel block b la water supply varala immediate ah solve pannunga,Water and Plumbing,Plumbing and Civil Maintenance,Medium,Canteen,Hostel Block B,0,
CMP-01251,Route 1 Bus Stop இல் வளாக பேருந்து தாமதமாக வந்தது. உடனடியாக நடவடிக்கை எடுக்கவும்.,route 1 bus stop இல வள க ப ர ந த த மதம க வந தத உடனட ய க நடவட க க எட க கவ ம,Transport and Parking,Transport Cell,Medium,Parking,Route 1 Bus Stop,0,
CMP-02942,Please check the washroom has not been cleaned at Girls Hostel Washroom.,please check the washroom has not been cleaned at girls hostel washroom,Cleanliness and Waste,Housekeeping and Sanitation,High,Canteen,Girls Hostel Washroom,0,
CMP-00612,Urgent attention is needed because the marksheet correction request is pending in Examination Cell.,urgent attention is needed because the marksheet correction request is pending in examination cell,Administration and Documents,Administrative Office,Medium,Office,Examination Cell,0,
CMP-00918,நிறுத்துமிடம் கிடைக்கவில்லை பிரச்சனை Route 2 Bus Stop இடத்தில் உள்ளது.,ந ற த த ம டம க ட க கவ ல ல ப ரச சன route 2 bus stop இடத த ல உள ளத,Transport and Parking,Transport Cell,High,Parking,Route 2 Bus Stop,0,
CMP-00505,There is a problem because the room door lock is broken at Girls Hostel Block B.,there is a problem because the room door lock is broken at girls hostel block b,Hostel and Accommodation,Hostel Administration,High,Hostel,Girls Hostel Block B,0,
CMP-02406,Girls Hostel Washroom பகுதியில் குப்பை குவிந்துள்ளது. தயவுசெய்து சரிசெய்யவும்.,girls hostel washroom பக த ய ல க ப ப க வ ந த ள ளத தயவ ச ய த சர ச ய யவ ம,Cleanliness and Waste,Housekeeping and Sanitation,Medium,Hostel,Girls Hostel Washroom,0,
CMP-02101,I want to report that the washroom has not been cleaned in Main Canteen.,i want to report that the washroom has not been cleaned in main canteen,Cleanliness and Waste,Housekeeping and Sanitation,Medium,Campus Road,Main Canteen,0,
CMP-00591,College Entrance la parking space illa. Please check pannunga.,college entrance la parking space illa please check pannunga,Transport and Parking,Transport Cell,Medium,Parking,College Entrance,0,
CMP-03357,There is a problem because the toilet is blocked at Hostel Block A.,there is a problem because the toilet is blocked at hostel block a,Water and Plumbing,Plumbing and Civil Maintenance,Medium,Washroom,Hostel Block A,1,CMP-01867
CMP-02904,cupboard lock work aagala at Girls Hostel Block A. Kindly action edunga.,cupboard lock work aagala at girls hostel block a kindly action edunga,Hostel and Accommodation,Hostel Administration,High,Hostel,Girls Hostel Block A,0,
CMP-01636,"Girls Hostel Block B la mattress damage aagiruku, immediate ah solve pannunga.",girls hostel block b la mattress damage aagiruku immediate ah solve pannunga,Hostel and Accommodation,Hostel Administration,High,Hostel,Girls Hostel Block B,0,
CMP-01675,bus romba crowded ah iruku at Route 2 Bus Stop. Kindly action edunga.,bus romba crowded ah iruku at route 2 bus stop kindly action edunga,Transport and Parking,Transport Cell,Medium,Campus Road,Route 2 Bus Stop,0,
CMP-03154,"Girls Hostel Block B la room door lock broken ah iruku, immediate ah solve pannunga.",girls hostel block b la room door lock broken ah iruku immediate ah solve pannunga,Hostel and Accommodation,Hostel Administration,Medium,Hostel,Girls Hostel Block B,1,CMP-00847
CMP-00107,I want to report that the scholarship application status is not updated in Academic Office.,i want to report that the scholarship application status is not updated in academic office,Administration and Documents,Administrative Office,Low,Office,Academic Office,0,
CMP-02048,"Girls Hostel Washroom la waste area pakkathula bad smell iruku, immediate ah solve pannunga.",girls hostel washroom la waste area pakkathula bad smell iruku immediate ah solve pannunga,Cleanliness and Waste,Housekeeping and Sanitation,Medium,Canteen,Girls Hostel Washroom,0,
CMP-02728,Please check the washroom has not been cleaned at Library Washroom.,please check the washroom has not been cleaned at library washroom,Cleanliness and Waste,Housekeeping and Sanitation,Critical,Canteen,Library Washroom,0,
CMP-01029,Urgent attention is needed because the campus bus arrived late in Main Parking Area.,urgent attention is needed because the campus bus arrived late in main parking area,Transport and Parking,Transport Cell,Medium,Parking,Main Parking Area,0,
CMP-00324,There is a problem because a vehicle is blocking the campus entrance at College Entrance.,there is a problem because a vehicle is blocking the campus entrance at college entrance,Transport and Parking,Transport Cell,High,Campus Road,College Entrance,0,
CMP-02816,"Examination Cell la fee payment portal la update aagala, immediate ah solve pannunga.",examination cell la fee payment portal la update aagala immediate ah solve pannunga,Administration and Documents,Administrative Office,Low,Office,Examination Cell,0,
CMP-00721,current supply illa at Computer Laboratory. Kindly action edunga.,current supply illa at computer laboratory kindly action edunga,Electrical and Power,Electrical Maintenance,Medium,Campus Building,Computer Laboratory,0,
CMP-03411,நடைபாதை அழுக்காக உள்ளது பிரச்சனை Girls Hostel Washroom இடத்தில் உள்ளது.,நட ப த அழ க க க உள ளத ப ரச சன girls hostel washroom இடத த ல உள ளத,Cleanliness and Waste,Housekeeping and Sanitation,Medium,Canteen,Girls Hostel Washroom,1,CMP-02048
CMP-01383,Please check the corridor is dirty at Girls Hostel Washroom.,please check the corridor is dirty at girls hostel washroom,Cleanliness and Waste,Housekeeping and Sanitation,Medium,Campus Road,Girls Hostel Washroom,0,
CMP-02495,Please check the food price is incorrect at Main Canteen.,please check the food price is incorrect at main canteen,Food and Canteen,Canteen Committee,High,Canteen,Main Canteen,0,
CMP-00767,"AI Laboratory la lab equipment work aagala, immediate ah solve pannunga.",ai laboratory la lab equipment work aagala immediate ah solve pannunga,Classroom and Laboratory,Academic Infrastructure,Low,Laboratory,AI Laboratory,0,
CMP-02479,I want to report that the cupboard lock is not working in Boys Hostel Block A.,i want to report that the cupboard lock is not working in boys hostel block a,Hostel and Accommodation,Hostel Administration,High,Hostel,Boys Hostel Block A,0,
CMP-00654,pipe la water leak aagudhu at Hostel Block B. Kindly action edunga.,pipe la water leak aagudhu at hostel block b kindly action edunga,Water and Plumbing,Plumbing and Civil Maintenance,Low,Washroom,Hostel Block B,0,
CMP-03306,I want to report that a vehicle is blocking the campus entrance in Route 2 Bus Stop.,i want to report that a vehicle is blocking the campus entrance in route 2 bus stop,Transport and Parking,Transport Cell,Medium,Campus Road,Route 2 Bus Stop,1,CMP-01675
CMP-01689,Hostel Block B area la campus street light work aagala.,hostel block b area la campus street light work aagala,Safety and Security,Security Office,High,Hostel,Hostel Block B,0,
CMP-03301,There is a problem because the bus is overcrowded at Route 2 Bus Stop.,there is a problem because the bus is overcrowded at route 2 bus stop,Transport and Parking,Transport Cell,High,Parking,Route 2 Bus Stop,1,CMP-00918
CMP-02425,campus street light work aagala at Library Entrance. Kindly action edunga.,campus street light work aagala at library entrance kindly action edunga,Safety and Security,Security Office,Critical,Campus Building,Library Entrance,0,
CMP-01114,I want to report that the bus route was changed without notice in Route 3 Bus Stop.,i want to report that the bus route was changed without notice in route 3 bus stop,Transport and Parking,Transport Cell,High,Parking,Route 3 Bus Stop,0,
CMP-00802,There is a problem because the bonafide certificate request is pending at Scholarship Office.,there is a problem because the bonafide certificate request is pending at scholarship office,Administration and Documents,Administrative Office,Low,Office,Scholarship Office,0,
CMP-02011,There is a problem because the corridor is dirty at Parking Area.,there is a problem because the corridor is dirty at parking area,Cleanliness and Waste,Housekeeping and Sanitation,High,Hostel,Parking Area,0,
CMP-01641,"Parking Area la washroom clean pannala, immediate ah solve pannunga.",parking area la washroom clean pannala immediate ah solve pannunga,Cleanliness and Waste,Housekeeping and Sanitation,Low,Canteen,Parking Area,0,
CMP-01828,There is a problem because the Wi-Fi is not working at Central Library Reading Hall.,there is a problem because the wi fi is not working at central library reading hall,Wi-Fi and IT Services,IT Support and Network Cell,Medium,Hostel,Central Library Reading Hall,0,
CMP-01164,Please check the water tank is overflowing at Hostel Block A.,please check the water tank is overflowing at hostel block a,Water and Plumbing,Plumbing and Civil Maintenance,Medium,Washroom,Hostel Block A,0,
CMP-01368,"C-305 la classroom bench broken ah iruku, immediate ah solve pannunga.",c 305 la classroom bench broken ah iruku immediate ah solve pannunga,Classroom and Laboratory,Academic Infrastructure,Medium,Laboratory,C-305,0,
CMP-00082,Hostel Block A பகுதியில் கழிவறை குழாய் உடைந்துள்ளது. தயவுசெய்து சரிசெய்யவும்.,hostel block a பக த ய ல கழ வற க ழ ய உட ந த ள ளத தயவ ச ய த சர ச ய யவ ம,Water and Plumbing,Plumbing and Civil Maintenance,Medium,Canteen,Hostel Block A,0,
CMP-00289,"Girls Hostel Block A la mattress damage aagiruku, immediate ah solve pannunga.",girls hostel block a la mattress damage aagiruku immediate ah solve pannunga,Hostel and Accommodation,Hostel Administration,Medium,Hostel,Girls Hostel Block A,0,
CMP-02908,North Canteen area la food hygiene illa.,north canteen area la food hygiene illa,Food and Canteen,Canteen Committee,Medium,Canteen,North Canteen,0,
CMP-02457,I want to report that an unauthorized person entered the hostel area in Hostel Block B.,i want to report that an unauthorized person entered the hostel area in hostel block b,Safety and Security,Security Office,Low,Parking,Hostel Block B,0,
CMP-00749,"Boys Hostel Block A la cupboard lock work aagala, immediate ah solve pannunga.",boys hostel block a la cupboard lock work aagala immediate ah solve pannunga,Hostel and Accommodation,Hostel Administration,Low,Hostel,Boys Hostel Block A,0,
CMP-01154,Please check there is no water supply at Hostel Block B.,please check there is no water supply at hostel block b,Water and Plumbing,Plumbing and Civil Maintenance,Medium,Canteen,Hostel Block B,0,
CMP-03630,North Canteen இல் உணவின் தரம் மோசமாக உள்ளது. உடனடியாக நடவடிக்கை எடுக்கவும்.,north canteen இல உணவ ன தரம ம சம க உள ளத உடனட ய க நடவட க க எட க கவ ம,Food and Canteen,Canteen Committee,Medium,Canteen,North Canteen,1,CMP-02908
CMP-00168,Central Library இல் மாணவர் தளம் திறக்கவில்லை. உடனடியாக நடவடிக்கை எடுக்கவும்.,central library இல ம ணவர தளம த றக கவ ல ல உடனட ய க நடவட க க எட க கவ ம,Wi-Fi and IT Services,IT Support and Network Cell,Medium,Laboratory,Central Library,0,
CMP-02356,"C-305 la projector display varala, immediate ah solve pannunga.",c 305 la projector display varala immediate ah solve pannunga,Classroom and Laboratory,Academic Infrastructure,Critical,Classroom,C-305,0,
CMP-01571,Urgent attention is needed because the electrical switch is damaged in Computer Laboratory.,urgent attention is needed because the electrical switch is damaged in computer laboratory,Electrical and Power,Electrical Maintenance,Medium,Classroom,Computer Laboratory,0,
CMP-03261,Computer Laboratory பகுதியில் மின்சாரம் இல்லை. தயவுசெய்து சரிசெய்யவும்.,computer laboratory பக த ய ல ம ன ச ரம இல ல தயவ ச ய த சர ச ய யவ ம,Electrical and Power,Electrical Maintenance,Medium,Classroom,Computer Laboratory,1,CMP-01571
CMP-00443,Main Canteen la washroom tap broken ah iruku. Please check pannunga.,main canteen la washroom tap broken ah iruku please check pannunga,Water and Plumbing,Plumbing and Civil Maintenance,Medium,Washroom,Main Canteen,0,
CMP-02455,AC work aagala at Computer Laboratory. Kindly action edunga.,ac work aagala at computer laboratory kindly action edunga,Classroom and Laboratory,Academic Infrastructure,High,Classroom,Computer Laboratory,0,
CMP-01824,There is a problem because the air conditioner is not working at AI Laboratory.,there is a problem because the air conditioner is not working at ai laboratory,Classroom and Laboratory,Academic Infrastructure,Low,Laboratory,AI Laboratory,0,
CMP-02264,campus street light work aagala at Library Entrance. Kindly action edunga.,campus street light work aagala at library entrance kindly action edunga,Safety and Security,Security Office,Critical,Hostel,Library Entrance,0,
CMP-02662,There is a problem because the marksheet correction request is pending at Academic Office.,there is a problem because the marksheet correction request is pending at academic office,Administration and Documents,Administrative Office,Low,Office,Academic Office,0,
CMP-00995,"Main Canteen la water tank overflow aagudhu, immediate ah solve pannunga.",main canteen la water tank overflow aagudhu immediate ah solve pannunga,Water and Plumbing,Plumbing and Civil Maintenance,Medium,Campus Building,Main Canteen,0,
CMP-02488,Examination Cell பகுதியில் கட்டண செலுத்துதல் தளத்தில் புதுப்பிக்கப்படவில்லை. தயவுசெய்து சரிசெய்யவும்.,examination cell பக த ய ல கட டண ச ல த த தல தளத த ல ப த ப ப க கப படவ ல ல தயவ ச ய த சர ச ய யவ ம,Administration and Documents,Administrative Office,High,Office,Examination Cell,0,
CMP-00360,Please check the mattress is damaged at Hostel Room 214.,please check the mattress is damaged at hostel room 214,Hostel and Accommodation,Hostel Administration,Medium,Hostel,Hostel Room 214,0,
CMP-03441,அடையாள அட்டை கோரிக்கை தாமதமாகிறது பிரச்சனை Scholarship Office இடத்தில் உள்ளது.,அட ய ள அட ட க ர க க த மதம க றத ப ரச சன scholarship office இடத த ல உள ளத,Administration and Documents,Administrative Office,Low,Office,Scholarship Office,1,CMP-00802
CMP-01969,There is a problem because the washroom has not been cleaned at Library Washroom.,there is a problem because the washroom has not been cleaned at library washroom,Cleanliness and Waste,Housekeeping and Sanitation,Medium,Canteen,Library Washroom,0,
CMP-01257,Accounts Office la ID card request delay aagudhu. Please check pannunga.,accounts office la id card request delay aagudhu please check pannunga,Administration and Documents,Administrative Office,High,Office,Accounts Office,0,
CMP-02071,மின்பலகையின் அருகில் தண்ணீர் கசிகிறது பிரச்சனை Main Gate இடத்தில் உள்ளது.,ம ன பலக ய ன அர க ல தண ண ர கச க றத ப ரச சன main gate இடத த ல உள ளத,Safety and Security,Security Office,Low,Parking,Main Gate,0,
CMP-02934,மின்சார சுவிட்ச் சேதமடைந்துள்ளது பிரச்சனை Hostel Block A இடத்தில் உள்ளது.,ம ன ச ர ச வ ட ச ச தமட ந த ள ளத ப ரச சன hostel block a இடத த ல உள ளத,Electrical and Power,Electrical Maintenance,Medium,Campus Building,Hostel Block A,0,
CMP-01915,Computer Laboratory la ERP login aagala. Please check pannunga.,computer laboratory la erp login aagala please check pannunga,Wi-Fi and IT Services,IT Support and Network Cell,Medium,Laboratory,Computer Laboratory,0,
CMP-02792,Please check the ERP login is failing at Computer Laboratory.,please check the erp login is failing at computer laboratory,Wi-Fi and IT Services,IT Support and Network Cell,Medium,Library,Computer Laboratory,0,
CMP-00597,Hostel Block A பகுதியில் மின்சாரம் இல்லை. தயவுசெய்து சரிசெய்யவும்.,hostel block a பக த ய ல ம ன ச ரம இல ல தயவ ச ய த சர ச ய யவ ம,Electrical and Power,Electrical Maintenance,High,Campus Building,Hostel Block A,0,
CMP-01256,There is a problem because garbage has accumulated at Library Washroom.,there is a problem because garbage has accumulated at library washroom,Cleanliness and Waste,Housekeeping and Sanitation,Medium,Campus Road,Library Washroom,0,
CMP-02059,bonafide certificate request pending la iruku at Scholarship Office. Kindly action edunga.,bonafide certificate request pending la iruku at scholarship office kindly action edunga,Administration and Documents,Administrative Office,Medium,Office,Scholarship Office,0,
CMP-00503,Engineering Block area la electrical panel pakkathula water leak aagudhu.,engineering block area la electrical panel pakkathula water leak aagudhu,Safety and Security,Security Office,High,Campus Building,Engineering Block,0,
CMP-03718,Please check the toilet is blocked at Main Canteen.,please check the toilet is blocked at main canteen,Water and Plumbing,Plumbing and Civil Maintenance,Medium,Washroom,Main Canteen,1,CMP-00443
CMP-01277,"Boys Hostel Washroom la pipe la water leak aagudhu, immediate ah solve pannunga.",boys hostel washroom la pipe la water leak aagudhu immediate ah solve pannunga,Water and Plumbing,Plumbing and Civil Maintenance,High,Hostel,Boys Hostel Washroom,0,
CMP-00043,I want to report that the washroom has not been cleaned in Boys Hostel Washroom.,i want to report that the washroom has not been cleaned in boys hostel washroom,Cleanliness and Waste,Housekeeping and Sanitation,Critical,Hostel,Boys Hostel Washroom,0,
CMP-02087,food hygiene illa at Main Canteen. Kindly action edunga.,food hygiene illa at main canteen kindly action edunga,Food and Canteen,Canteen Committee,Medium,Canteen,Main Canteen,0,
CMP-03735,I want to report that there is a broken glass panel in Main Gate.,i want to report that there is a broken glass panel in main gate,Safety and Security,Security Office,Low,Parking,Main Gate,1,CMP-02071
CMP-02948,Main Canteen இல் உணவின் விலை தவறாக உள்ளது. உடனடியாக நடவடிக்கை எடுக்கவும்.,main canteen இல உணவ ன வ ல தவற க உள ளத உடனட ய க நடவட க க எட க கவ ம,Food and Canteen,Canteen Committee,High,Canteen,Main Canteen,0,
CMP-00239,I want to report that the ERP login is failing in Computer Laboratory.,i want to report that the erp login is failing in computer laboratory,Wi-Fi and IT Services,IT Support and Network Cell,High,Hostel,Computer Laboratory,0,
CMP-03559,There is a problem because the canteen service is very slow at Main Canteen.,there is a problem because the canteen service is very slow at main canteen,Food and Canteen,Canteen Committee,High,Canteen,Main Canteen,1,CMP-02948
CMP-03854,Accounts Office இல் கட்டண செலுத்துதல் தளத்தில் புதுப்பிக்கப்படவில்லை. உடனடியாக நடவடிக்கை எடுக்கவும்.,accounts office இல கட டண ச ல த த தல தளத த ல ப த ப ப க கப படவ ல ல உடனட ய க நடவட க க எட க கவ ம,Administration and Documents,Administrative Office,High,Office,Accounts Office,1,CMP-01257
CMP-01055,Please check the scholarship application status is not updated at Academic Office.,please check the scholarship application status is not updated at academic office,Administration and Documents,Administrative Office,Low,Office,Academic Office,0,
CMP-02555,அறை கதவு பூட்டு உடைந்துள்ளது பிரச்சனை Girls Hostel Block B இடத்தில் உள்ளது.,அற கதவ ப ட ட உட ந த ள ளத ப ரச சன girls hostel block b இடத த ல உள ளத,Hostel and Accommodation,Hostel Administration,Medium,Hostel,Girls Hostel Block B,0,
CMP-00318,Urgent attention is needed because there is no parking space available in Route 2 Bus Stop.,urgent attention is needed because there is no parking space available in route 2 bus stop,Transport and Parking,Transport Cell,Low,Parking,Route 2 Bus Stop,0,
CMP-02147,I want to report that there is no parking space available in Route 1 Bus Stop.,i want to report that there is no parking space available in route 1 bus stop,Transport and Parking,Transport Cell,High,Parking,Route 1 Bus Stop,0,
CMP-02477,I want to report that the washroom has not been cleaned in Boys Hostel Washroom.,i want to report that the washroom has not been cleaned in boys hostel washroom,Cleanliness and Waste,Housekeeping and Sanitation,Medium,Campus Road,Boys Hostel Washroom,0,
CMP-01830,I want to report that the food quality is poor in Hostel Mess.,i want to report that the food quality is poor in hostel mess,Food and Canteen,Canteen Committee,High,Canteen,Hostel Mess,0,
CMP-01465,Boys Hostel Block B இல் அறை சுத்தம் செய்யப்படவில்லை. உடனடியாக நடவடிக்கை எடுக்கவும்.,boys hostel block b இல அற ச த தம ச ய யப படவ ல ல உடனட ய க நடவட க க எட க கவ ம,Hostel and Accommodation,Hostel Administration,High,Hostel,Boys Hostel Block B,0,
CMP-02085,மின்விசிறி வேலை செய்யவில்லை பிரச்சனை Hostel Block B இடத்தில் உள்ளது.,ம ன வ ச ற வ ல ச ய யவ ல ல ப ரச சன hostel block b இடத த ல உள ளத,Electrical and Power,Electrical Maintenance,Medium,Classroom,Hostel Block B,0,
CMP-02503,C-305 la tube light flicker aagudhu. Please check pannunga.,c 305 la tube light flicker aagudhu please check pannunga,Electrical and Power,Electrical Maintenance,Medium,Hostel,C-305,0,
CMP-02411,"Computer Laboratory la internet romba slow ah iruku, immediate ah solve pannunga.",computer laboratory la internet romba slow ah iruku immediate ah solve pannunga,Wi-Fi and IT Services,IT Support and Network Cell,High,Library,Computer Laboratory,0,
CMP-01082,Urgent attention is needed because an unauthorized person entered the hostel area in Parking Area.,urgent attention is needed because an unauthorized person entered the hostel area in parking area,Safety and Security,Security Office,High,Campus Road,Parking Area,0,
CMP-01721,food quality poor ah iruku at North Canteen. Kindly action edunga.,food quality poor ah iruku at north canteen kindly action edunga,Food and Canteen,Canteen Committee,Medium,Canteen,North Canteen,0,
CMP-00439,Library Entrance பகுதியில் படிக்கட்டு கைப்பிடி தளர்வாக உள்ளது. தயவுசெய்து சரிசெய்யவும்.,library entrance பக த ய ல பட க கட ட க ப ப ட தளர வ க உள ளத தயவ ச ய த சர ச ய யவ ம,Safety and Security,Security Office,Critical,Parking,Library Entrance,0,
CMP-02885,staircase railing loose ah iruku at Library Entrance. Kindly action edunga.,staircase railing loose ah iruku at library entrance kindly action edunga,Safety and Security,Security Office,High,Campus Building,Library Entrance,0,
CMP-00890,There is a problem because the cupboard lock is not working at Boys Hostel Block B.,there is a problem because the cupboard lock is not working at boys hostel block b,Hostel and Accommodation,Hostel Administration,Medium,Hostel,Boys Hostel Block B,0,
CMP-01556,Central Library Reading Hall area la lab computer network connect aagala.,central library reading hall area la lab computer network connect aagala,Wi-Fi and IT Services,IT Support and Network Cell,Medium,Hostel,Central Library Reading Hall,0,
CMP-03232,unauthorized person hostel area la vandhirukanga at Parking Area. Kindly action edunga.,unauthorized person hostel area la vandhirukanga at parking area kindly action edunga,Safety and Security,Security Office,High,Campus Road,Parking Area,1,CMP-01082
CMP-00916,I want to report that the marksheet correction request is pending in Academic Office.,i want to report that the marksheet correction request is pending in academic office,Administration and Documents,Administrative Office,Low,Office,Academic Office,0,
CMP-00744,AI Laboratory area la classroom ventilation poor ah iruku.,ai laboratory area la classroom ventilation poor ah iruku,Classroom and Laboratory,Academic Infrastructure,Low,Classroom,AI Laboratory,0,
CMP-02080,AC work aagala at Computer Laboratory. Kindly action edunga.,ac work aagala at computer laboratory kindly action edunga,Classroom and Laboratory,Academic Infrastructure,Medium,Classroom,Computer Laboratory,0,
CMP-03115,உணவின் விலை தவறாக உள்ளது பிரச்சனை Hostel Mess இடத்தில் உள்ளது.,உணவ ன வ ல தவற க உள ளத ப ரச சன hostel mess இடத த ல உள ளத,Food and Canteen,Canteen Committee,High,Canteen,Hostel Mess,1,CMP-01830
CMP-01758,Urgent attention is needed because the Wi-Fi is not working in Computer Laboratory.,urgent attention is needed because the wi fi is not working in computer laboratory,Wi-Fi and IT Services,IT Support and Network Cell,Critical,Classroom,Computer Laboratory,0,
CMP-02004,bonafide certificate request pending la iruku at Examination Cell. Kindly action edunga.,bonafide certificate request pending la iruku at examination cell kindly action edunga,Administration and Documents,Administrative Office,Low,Office,Examination Cell,0,
CMP-01620,Please check the laboratory computer cannot access the network at Central Library Reading Hall.,please check the laboratory computer cannot access the network at central library reading hall,Wi-Fi and IT Services,IT Support and Network Cell,Medium,Laboratory,Central Library Reading Hall,0,
CMP-00763,"Scholarship Office la fee payment portal la update aagala, immediate ah solve pannunga.",scholarship office la fee payment portal la update aagala immediate ah solve pannunga,Administration and Documents,Administrative Office,Low,Office,Scholarship Office,0,
CMP-02092,I want to report that the classroom has poor ventilation in Computer Laboratory.,i want to report that the classroom has poor ventilation in computer laboratory,Classroom and Laboratory,Academic Infrastructure,High,Laboratory,Computer Laboratory,0,
CMP-02283,I want to report that the Wi-Fi is not working in AI Laboratory.,i want to report that the wi fi is not working in ai laboratory,Wi-Fi and IT Services,IT Support and Network Cell,Medium,Hostel,AI Laboratory,0,
CMP-03215,Route 1 Bus Stop பகுதியில் வளாக பேருந்து தாமதமாக வந்தது. தயவுசெய்து சரிசெய்யவும்.,route 1 bus stop பக த ய ல வள க ப ர ந த த மதம க வந தத தயவ ச ய த சர ச ய யவ ம,Transport and Parking,Transport Cell,High,Parking,Route 1 Bus Stop,1,CMP-02147
CMP-02585,Urgent attention is needed because the drinking water dispenser is not working in North Canteen.,urgent attention is needed because the drinking water dispenser is not working in north canteen,Food and Canteen,Canteen Committee,Medium,Canteen,North Canteen,0,
CMP-00466,Student Service Centre இல் பொனஃபைடு சான்றிதழ் கோரிக்கை நிலுவையில் உள்ளது. உடனடியாக நடவடிக்கை எடுக்கவும்.,student service centre இல ப னஃப ட ச ன ற தழ க ர க க ந ல வ ய ல உள ளத உடனட ய க நடவட க க எட க கவ ம,Administration and Documents,Administrative Office,Medium,Office,Student Service Centre,0,
CMP-02722,I want to report that the room door lock is broken in Girls Hostel Block A.,i want to report that the room door lock is broken in girls hostel block a,Hostel and Accommodation,Hostel Administration,Medium,Hostel,Girls Hostel Block A,0,
CMP-02677,Urgent attention is needed because the classroom has poor ventilation in C-305.,urgent attention is needed because the classroom has poor ventilation in c 305,Classroom and Laboratory,Academic Infrastructure,High,Classroom,C-305,0,
CMP-02545,parking space illa at Main Parking Area. Kindly action edunga.,parking space illa at main parking area kindly action edunga,Transport and Parking,Transport Cell,High,Parking,Main Parking Area,0,
CMP-00910,food hygiene illa at Hostel Mess. Kindly action edunga.,food hygiene illa at hostel mess kindly action edunga,Food and Canteen,Canteen Committee,Medium,Canteen,Hostel Mess,0,
CMP-03291,Urgent attention is needed because the laboratory computer cannot access the network in Central Library Reading Hall.,urgent attention is needed because the laboratory computer cannot access the network in central library reading hall,Wi-Fi and IT Services,IT Support and Network Cell,Medium,Hostel,Central Library Reading Hall,1,CMP-01556
CMP-01595,Urgent attention is needed because water is leaking near an electrical panel in Hostel Block B.,urgent attention is needed because water is leaking near an electrical panel in hostel block b,Safety and Security,Security Office,High,Hostel,Hostel Block B,0,
CMP-01517,I want to report that the hostel room is not cleaned in Hostel Room 214.,i want to report that the hostel room is not cleaned in hostel room 214,Hostel and Accommodation,Hostel Administration,Low,Hostel,Hostel Room 214,0,
CMP-00634,Engineering Block பகுதியில் குழல் விளக்கு மின்னுகிறது. தயவுசெய்து சரிசெய்யவும்.,engineering block பக த ய ல க ழல வ ளக க ம ன ன க றத தயவ ச ய த சர ச ய யவ ம,Electrical and Power,Electrical Maintenance,High,Classroom,Engineering Block,0,
CMP-00493,Please check the bus route was changed without notice at Route 2 Bus Stop.,please check the bus route was changed without notice at route 2 bus stop,Transport and Parking,Transport Cell,Low,Campus Road,Route 2 Bus Stop,0,
CMP-00684,I want to report that the classroom bench is broken in C-101.,i want to report that the classroom bench is broken in c 101,Classroom and Laboratory,Academic Infrastructure,Low,Laboratory,C-101,0,
CMP-00050,ERP login aagala at Central Library. Kindly action edunga.,erp login aagala at central library kindly action edunga,Wi-Fi and IT Services,IT Support and Network Cell,Low,Classroom,Central Library,0,
CMP-01679,There is a problem because the classroom has poor ventilation at C-101.,there is a problem because the classroom has poor ventilation at c 101,Classroom and Laboratory,Academic Infrastructure,Medium,Classroom,C-101,0,
CMP-01797,I want to report that the food quality is poor in Hostel Mess.,i want to report that the food quality is poor in hostel mess,Food and Canteen,Canteen Committee,Medium,Canteen,Hostel Mess,0,
CMP-03255,ப்ரொஜெக்டர் காட்சி அளிக்கவில்லை பிரச்சனை Computer Laboratory இடத்தில் உள்ளது.,ப ர ஜ க டர க ட ச அள க கவ ல ல ப ரச சன computer laboratory இடத த ல உள ளத,Classroom and Laboratory,Academic Infrastructure,Medium,Classroom,Computer Laboratory,1,CMP-02080
CMP-01234,Main Canteen பகுதியில் உணவின் விலை தவறாக உள்ளது. தயவுசெய்து சரிசெய்யவும்.,main canteen பக த ய ல உணவ ன வ ல தவற க உள ளத தயவ ச ய த சர ச ய யவ ம,Food and Canteen,Canteen Committee,High,Canteen,Main Canteen,0,
CMP-01381,I want to report that the scholarship application status is not updated in Accounts Office.,i want to report that the scholarship application status is not updated in accounts office,Administration and Documents,Administrative Office,Medium,Office,Accounts Office,0,
CMP-03841,Computer Laboratory பகுதியில் ப்ரொஜெக்டர் காட்சி அளிக்கவில்லை. தயவுசெய்து சரிசெய்யவும்.,computer laboratory பக த ய ல ப ர ஜ க டர க ட ச அள க கவ ல ல தயவ ச ய த சர ச ய யவ ம,Classroom and Laboratory,Academic Infrastructure,High,Laboratory,Computer Laboratory,1,CMP-02092
CMP-01208,Hostel Block B la internet romba slow ah iruku. Please check pannunga.,hostel block b la internet romba slow ah iruku please check pannunga,Wi-Fi and IT Services,IT Support and Network Cell,Medium,Classroom,Hostel Block B,0,
CMP-01019,"College Entrance la bus route notice illama change pannitanga, immediate ah solve pannunga.",college entrance la bus route notice illama change pannitanga immediate ah solve pannunga,Transport and Parking,Transport Cell,High,Parking,College Entrance,0,
CMP-00262,current supply illa at Computer Laboratory. Kindly action edunga.,current supply illa at computer laboratory kindly action edunga,Electrical and Power,Electrical Maintenance,High,Classroom,Computer Laboratory,0,
CMP-01888,Please check there is a power outage at Hostel Block B.,please check there is a power outage at hostel block b,Electrical and Power,Electrical Maintenance,Medium,Classroom,Hostel Block B,0,
CMP-01467,C-204 la AC work aagala. Please check pannunga.,c 204 la ac work aagala please check pannunga,Classroom and Laboratory,Academic Infrastructure,Low,Laboratory,C-204,0,
CMP-00663,Hostel Room 312 பகுதியில் மெத்தை சேதமடைந்துள்ளது. தயவுசெய்து சரிசெய்யவும்.,hostel room 312 பக த ய ல ம த த ச தமட ந த ள ளத தயவ ச ய த சர ச ய யவ ம,Hostel and Accommodation,Hostel Administration,Medium,Hostel,Hostel Room 312,0,
CMP-03406,Please check the campus bus arrived late at Main Parking Area.,please check the campus bus arrived late at main parking area,Transport and Parking,Transport Cell,High,Parking,Main Parking Area,1,CMP-02545
CMP-01460,Urgent attention is needed because the canteen service is very slow in North Canteen.,urgent attention is needed because the canteen service is very slow in north canteen,Food and Canteen,Canteen Committee,Medium,Canteen,North Canteen,0,
CMP-00058,AI Laboratory பகுதியில் ப்ரொஜெக்டர் காட்சி அளிக்கவில்லை. தயவுசெய்து சரிசெய்யவும்.,ai laboratory பக த ய ல ப ர ஜ க டர க ட ச அள க கவ ல ல தயவ ச ய த சர ச ய யவ ம,Classroom and Laboratory,Academic Infrastructure,Low,Classroom,AI Laboratory,0,
CMP-03868,"Engineering Block la tube light flicker aagudhu, immediate ah solve pannunga.",engineering block la tube light flicker aagudhu immediate ah solve pannunga,Electrical and Power,Electrical Maintenance,High,Classroom,Engineering Block,1,CMP-00634
CMP-01842,Academic Office பகுதியில் பொனஃபைடு சான்றிதழ் கோரிக்கை நிலுவையில் உள்ளது. தயவுசெய்து சரிசெய்யவும்.,academic office பக த ய ல ப னஃப ட ச ன ற தழ க ர க க ந ல வ ய ல உள ளத தயவ ச ய த சர ச ய யவ ம,Administration and Documents,Administrative Office,Low,Office,Academic Office,0,
CMP-02810,unauthorized person hostel area la vandhirukanga at Main Gate. Kindly action edunga.,unauthorized person hostel area la vandhirukanga at main gate kindly action edunga,Safety and Security,Security Office,Medium,Hostel,Main Gate,0,
CMP-03094,I want to report that the Wi-Fi is not working in Central Library.,i want to report that the wi fi is not working in central library,Wi-Fi and IT Services,IT Support and Network Cell,Low,Classroom,Central Library,1,CMP-00050
CMP-01437,There is a problem because the air conditioner is not working at C-305.,there is a problem because the air conditioner is not working at c 305,Classroom and Laboratory,Academic Infrastructure,Medium,Classroom,C-305,0,
CMP-00614,There is a problem because the bonafide certificate request is pending at Examination Cell.,there is a problem because the bonafide certificate request is pending at examination cell,Administration and Documents,Administrative Office,Medium,Office,Examination Cell,0,
CMP-01981,Hostel Room 312 la room door lock broken ah iruku. Please check pannunga.,hostel room 312 la room door lock broken ah iruku please check pannunga,Hostel and Accommodation,Hostel Administration,Medium,Hostel,Hostel Room 312,0,
CMP-03249,Hostel Mess பகுதியில் உணவின் தரம் மோசமாக உள்ளது. தயவுசெய்து சரிசெய்யவும்.,hostel mess பக த ய ல உணவ ன தரம ம சம க உள ளத தயவ ச ய த சர ச ய யவ ம,Food and Canteen,Canteen Committee,Medium,Canteen,Hostel Mess,1,CMP-01797
CMP-02974,I want to report that the washroom tap is broken in Boys Hostel Washroom.,i want to report that the washroom tap is broken in boys hostel washroom,Water and Plumbing,Plumbing and Civil Maintenance,Critical,Canteen,Boys Hostel Washroom,0,
CMP-01343,window damage aagiruku at Boys Hostel Block B. Kindly action edunga.,window damage aagiruku at boys hostel block b kindly action edunga,Hostel and Accommodation,Hostel Administration,Medium,Hostel,Boys Hostel Block B,0,
CMP-00354,There is a problem because the drinking water dispenser is not working at Hostel Mess.,there is a problem because the drinking water dispenser is not working at hostel mess,Food and Canteen,Canteen Committee,Medium,Canteen,Hostel Mess,0,
CMP-02627,"C-204 la switch damage aagiruku, immediate ah solve pannunga.",c 204 la switch damage aagiruku immediate ah solve pannunga,Electrical and Power,Electrical Maintenance,Low,Laboratory,C-204,0,
CMP-03360,Urgent attention is needed because the tube light is flickering in C-204.,urgent attention is needed because the tube light is flickering in c 204,Electrical and Power,Electrical Maintenance,Low,Laboratory,C-204,1,CMP-02627
CMP-03048,"C-305 la projector display varala, immediate ah solve pannunga.",c 305 la projector display varala immediate ah solve pannunga,Classroom and Laboratory,Academic Infrastructure,Medium,Classroom,C-305,1,CMP-01437
CMP-03726,Hostel Room 312 area la mattress damage aagiruku.,hostel room 312 area la mattress damage aagiruku,Hostel and Accommodation,Hostel Administration,Medium,Hostel,Hostel Room 312,1,CMP-00663
CMP-03190,classroom ventilation poor ah iruku at C-101. Kindly action edunga.,classroom ventilation poor ah iruku at c 101 kindly action edunga,Classroom and Laboratory,Academic Infrastructure,Medium,Classroom,C-101,1,CMP-01679
CMP-02382,Library Washroom பகுதியில் நடைபாதை அழுக்காக உள்ளது. தயவுசெய்து சரிசெய்யவும்.,library washroom பக த ய ல நட ப த அழ க க க உள ளத தயவ ச ய த சர ச ய யவ ம,Cleanliness and Waste,Housekeeping and Sanitation,Low,Campus Road,Library Washroom,0,
CMP-02621,There is a problem because there is a power outage at C-305.,there is a problem because there is a power outage at c 305,Electrical and Power,Electrical Maintenance,High,Laboratory,C-305,0,
CMP-01038,Please check there is no water supply at Boys Hostel Washroom.,please check there is no water supply at boys hostel washroom,Water and Plumbing,Plumbing and Civil Maintenance,High,Hostel,Boys Hostel Washroom,0,
CMP-01105,There is a problem because the corridor light is not working at C-204.,there is a problem because the corridor light is not working at c 204,Electrical and Power,Electrical Maintenance,Medium,Laboratory,C-204,0,
CMP-03773,Hostel Mess பகுதியில் உணவின் தரம் மோசமாக உள்ளது. தயவுசெய்து சரிசெய்யவும்.,hostel mess பக த ய ல உணவ ன தரம ம சம க உள ளத தயவ ச ய த சர ச ய யவ ம,Food and Canteen,Canteen Committee,Medium,Canteen,Hostel Mess,1,CMP-00354
CMP-01389,Academic Block Corridor la dustbin overflow aagudhu. Please check pannunga.,academic block corridor la dustbin overflow aagudhu please check pannunga,Cleanliness and Waste,Housekeeping and Sanitation,Low,Canteen,Academic Block Corridor,0,
CMP-01183,I want to report that the canteen service is very slow in Main Canteen.,i want to report that the canteen service is very slow in main canteen,Food and Canteen,Canteen Committee,High,Canteen,Main Canteen,0,
CMP-00067,There is a problem because the ID card request is delayed at Accounts Office.,there is a problem because the id card request is delayed at accounts office,Administration and Documents,Administrative Office,Medium,Office,Accounts Office,0,
CMP-03485,Main Canteen area la food hygiene illa.,main canteen area la food hygiene illa,Food and Canteen,Canteen Committee,High,Canteen,Main Canteen,1,CMP-01183
CMP-00856,மெத்தை சேதமடைந்துள்ளது பிரச்சனை Hostel Room 214 இடத்தில் உள்ளது.,ம த த ச தமட ந த ள ளத ப ரச சன hostel room 214 இடத த ல உள ளத,Hostel and Accommodation,Hostel Administration,Medium,Hostel,Hostel Room 214,0,
CMP-02508,vehicle campus entrance block pannudhu at College Entrance. Kindly action edunga.,vehicle campus entrance block pannudhu at college entrance kindly action edunga,Transport and Parking,Transport Cell,Low,Campus Road,College Entrance,0,
CMP-01279,There is a problem because the canteen service is very slow at North Canteen.,there is a problem because the canteen service is very slow at north canteen,Food and Canteen,Canteen Committee,Medium,Canteen,North Canteen,0,
CMP-01051,Hostel Room 312 இல் அறை கதவு பூட்டு உடைந்துள்ளது. உடனடியாக நடவடிக்கை எடுக்கவும்.,hostel room 312 இல அற கதவ ப ட ட உட ந த ள ளத உடனட ய க நடவட க க எட க கவ ம,Hostel and Accommodation,Hostel Administration,Medium,Hostel,Hostel Room 312,0,
CMP-03599,North Canteen இல் உணவு சுகாதாரமற்றதாக உள்ளது. உடனடியாக நடவடிக்கை எடுக்கவும்.,north canteen இல உணவ ச க த ரமற றத க உள ளத உடனட ய க நடவட க க எட க கவ ம,Food and Canteen,Canteen Committee,Medium,Canteen,North Canteen,1,CMP-01460
CMP-02178,Please check the room has a damaged window at Girls Hostel Block B.,please check the room has a damaged window at girls hostel block b,Hostel and Accommodation,Hostel Administration,High,Hostel,Girls Hostel Block B,0,
CMP-03241,Academic Block Corridor பகுதியில் கழிவறை சுத்தம் செய்யப்படவில்லை. தயவுசெய்து சரிசெய்யவும்.,academic block corridor பக த ய ல கழ வற ச த தம ச ய யப படவ ல ல தயவ ச ய த சர ச ய யவ ம,Cleanliness and Waste,Housekeeping and Sanitation,Low,Canteen,Academic Block Corridor,1,CMP-01389
CMP-02501,There is a problem because the food appears unhygienic at Hostel Mess.,there is a problem because the food appears unhygienic at hostel mess,Food and Canteen,Canteen Committee,High,Canteen,Hostel Mess,0,
CMP-02854,waste area pakkathula bad smell iruku at Boys Hostel Washroom. Kindly action edunga.,waste area pakkathula bad smell iruku at boys hostel washroom kindly action edunga,Cleanliness and Waste,Housekeeping and Sanitation,High,Campus Road,Boys Hostel Washroom,0,
CMP-01180,AC work aagala at C-101. Kindly action edunga.,ac work aagala at c 101 kindly action edunga,Classroom and Laboratory,Academic Infrastructure,Medium,Classroom,C-101,0,
CMP-03228,There is a problem because the bus route was changed without notice at College Entrance.,there is a problem because the bus route was changed without notice at college entrance,Transport and Parking,Transport Cell,Low,Campus Road,College Entrance,1,CMP-02508
CMP-01425,I want to report that the campus street light is not working in Engineering Block.,i want to report that the campus street light is not working in engineering block,Safety and Security,Security Office,Critical,Campus Building,Engineering Block,0,
CMP-03476,I want to report that the hostel room is not cleaned in Hostel Room 312.,i want to report that the hostel room is not cleaned in hostel room 312,Hostel and Accommodation,Hostel Administration,Medium,Hostel,Hostel Room 312,1,CMP-01981
CMP-02109,அடையாள அட்டை கோரிக்கை தாமதமாகிறது பிரச்சனை Accounts Office இடத்தில் உள்ளது.,அட ய ள அட ட க ர க க த மதம க றத ப ரச சன accounts office இடத த ல உள ளத,Administration and Documents,Administrative Office,Low,Office,Accounts Office,0,
CMP-00598,tube light flicker aagudhu at Hostel Block B. Kindly action edunga.,tube light flicker aagudhu at hostel block b kindly action edunga,Electrical and Power,Electrical Maintenance,Low,Laboratory,Hostel Block B,0,
CMP-00553,இணைய இணைப்பு மிகவும் மெதுவாக உள்ளது பிரச்சனை Hostel Block B இடத்தில் உள்ளது.,இண ய இண ப ப ம கவ ம ம த வ க உள ளத ப ரச சன hostel block b இடத த ல உள ளத,Wi-Fi and IT Services,IT Support and Network Cell,Low,Classroom,Hostel Block B,0,
CMP-02500,Hostel Block A la current supply illa. Please check pannunga.,hostel block a la current supply illa please check pannunga,Electrical and Power,Electrical Maintenance,High,Laboratory,Hostel Block A,0,
CMP-01144,washroom tap broken ah iruku at Hostel Block A. Kindly action edunga.,washroom tap broken ah iruku at hostel block a kindly action edunga,Water and Plumbing,Plumbing and Civil Maintenance,Critical,Washroom,Hostel Block A,0,
CMP-03184,C-204 பகுதியில் மின்விசிறி வேலை செய்யவில்லை. தயவுசெய்து சரிசெய்யவும்.,c 204 பக த ய ல ம ன வ ச ற வ ல ச ய யவ ல ல தயவ ச ய த சர ச ய யவ ம,Electrical and Power,Electrical Maintenance,Medium,Laboratory,C-204,1,CMP-01105
CMP-00116,Central Library la student portal load aagala. Please check pannunga.,central library la student portal load aagala please check pannunga,Wi-Fi and IT Services,IT Support and Network Cell,High,Classroom,Central Library,0,
CMP-02665,There is a problem because there is no parking space available at Route 3 Bus Stop.,there is a problem because there is no parking space available at route 3 bus stop,Transport and Parking,Transport Cell,High,Parking,Route 3 Bus Stop,0,
CMP-00988,Central Library Reading Hall இல் ஈஆர்பி உள்நுழைவு தோல்வியடைந்தது. உடனடியாக நடவடிக்கை எடுக்கவும்.,central library reading hall இல ஈஆர ப உள ந ழ வ த ல வ யட ந தத உடனட ய க நடவட க க எட க கவ ம,Wi-Fi and IT Services,IT Support and Network Cell,Low,Library,Central Library Reading Hall,0,
CMP-02041,Please check the drinking water dispenser is not working at North Canteen.,please check the drinking water dispenser is not working at north canteen,Food and Canteen,Canteen Committee,High,Canteen,North Canteen,0,
CMP-01420,அறை கதவு பூட்டு உடைந்துள்ளது பிரச்சனை Hostel Room 214 இடத்தில் உள்ளது.,அற கதவ ப ட ட உட ந த ள ளத ப ரச சன hostel room 214 இடத த ல உள ளத,Hostel and Accommodation,Hostel Administration,Medium,Hostel,Hostel Room 214,0,
CMP-02286,C-204 la projector display varala. Please check pannunga.,c 204 la projector display varala please check pannunga,Classroom and Laboratory,Academic Infrastructure,Critical,Classroom,C-204,0,
CMP-02671,cupboard lock work aagala at Boys Hostel Block B. Kindly action edunga.,cupboard lock work aagala at boys hostel block b kindly action edunga,Hostel and Accommodation,Hostel Administration,High,Hostel,Boys Hostel Block B,0,
CMP-01653,Please check the drinking water dispenser is not working at Main Canteen.,please check the drinking water dispenser is not working at main canteen,Food and Canteen,Canteen Committee,Low,Canteen,Main Canteen,0,
CMP-01786,"Campus Road la glass panel broken ah iruku, immediate ah solve pannunga.",campus road la glass panel broken ah iruku immediate ah solve pannunga,Safety and Security,Security Office,High,Hostel,Campus Road,0,
CMP-02370,"Hostel Mess la food price wrong ah iruku, immediate ah solve pannunga.",hostel mess la food price wrong ah iruku immediate ah solve pannunga,Food and Canteen,Canteen Committee,High,Canteen,Hostel Mess,0,
CMP-03728,North Canteen area la food price wrong ah iruku.,north canteen area la food price wrong ah iruku,Food and Canteen,Canteen Committee,High,Canteen,North Canteen,1,CMP-02041
CMP-00518,Urgent attention is needed because the food appears unhygienic in Main Canteen.,urgent attention is needed because the food appears unhygienic in main canteen,Food and Canteen,Canteen Committee,Medium,Canteen,Main Canteen,0,
CMP-03881,There is a problem because the drinking water dispenser is not working at Hostel Mess.,there is a problem because the drinking water dispenser is not working at hostel mess,Food and Canteen,Canteen Committee,High,Canteen,Hostel Mess,1,CMP-02370
CMP-03093,Route 3 Bus Stop இல் வாகனம் வளாக நுழைவாயிலை மறைத்துள்ளது. உடனடியாக நடவடிக்கை எடுக்கவும்.,route 3 bus stop இல வ கனம வள க ந ழ வ ய ல மற த த ள ளத உடனட ய க நடவட க க எட க கவ ம,Transport and Parking,Transport Cell,High,Parking,Route 3 Bus Stop,1,CMP-02665
CMP-01703,There is a problem because the food quality is poor at Main Canteen.,there is a problem because the food quality is poor at main canteen,Food and Canteen,Canteen Committee,Medium,Canteen,Main Canteen,0,
CMP-01087,I want to report that the staircase railing is loose in Main Gate.,i want to report that the staircase railing is loose in main gate,Safety and Security,Security Office,High,Hostel,Main Gate,0,
CMP-01977,There is a problem because the classroom bench is broken at Electronics Laboratory.,there is a problem because the classroom bench is broken at electronics laboratory,Classroom and Laboratory,Academic Infrastructure,Medium,Classroom,Electronics Laboratory,0,
CMP-01651,Central Library Reading Hall area la internet romba slow ah iruku.,central library reading hall area la internet romba slow ah iruku,Wi-Fi and IT Services,IT Support and Network Cell,Medium,Library,Central Library Reading Hall,0,
CMP-01624,பொனஃபைடு சான்றிதழ் கோரிக்கை நிலுவையில் உள்ளது பிரச்சனை Academic Office இடத்தில் உள்ளது.,ப னஃப ட ச ன ற தழ க ர க க ந ல வ ய ல உள ளத ப ரச சன academic office இடத த ல உள ளத,Administration and Documents,Administrative Office,Low,Office,Academic Office,0,
CMP-02328,Hostel Block C பகுதியில் தண்ணீர் வழங்கல் இல்லை. தயவுசெய்து சரிசெய்யவும்.,hostel block c பக த ய ல தண ண ர வழங கல இல ல தயவ ச ய த சர ச ய யவ ம,Water and Plumbing,Plumbing and Civil Maintenance,Medium,Washroom,Hostel Block C,0,
CMP-02601,wifi work aagala at Central Library. Kindly action edunga.,wifi work aagala at central library kindly action edunga,Wi-Fi and IT Services,IT Support and Network Cell,High,Classroom,Central Library,0,
CMP-03206,I want to report that water is leaking near an electrical panel in Campus Road.,i want to report that water is leaking near an electrical panel in campus road,Safety and Security,Security Office,High,Hostel,Campus Road,1,CMP-01786
CMP-01168,Main Canteen பகுதியில் குழாயில் தண்ணீர் கசிகிறது. தயவுசெய்து சரிசெய்யவும்.,main canteen பக த ய ல க ழ ய ல தண ண ர கச க றத தயவ ச ய த சர ச ய யவ ம,Water and Plumbing,Plumbing and Civil Maintenance,Low,Washroom,Main Canteen,0,
CMP-02658,"Hostel Block A la fan work aagala, immediate ah solve pannunga.",hostel block a la fan work aagala immediate ah solve pannunga,Electrical and Power,Electrical Maintenance,Medium,Campus Building,Hostel Block A,0,
CMP-03050,Hostel Block A பகுதியில் குழல் விளக்கு மின்னுகிறது. தயவுசெய்து சரிசெய்யவும்.,hostel block a பக த ய ல க ழல வ ளக க ம ன ன க றத தயவ ச ய த சர ச ய யவ ம,Electrical and Power,Electrical Maintenance,Medium,Campus Building,Hostel Block A,1,CMP-02658
CMP-03010,Urgent attention is needed because the classroom bench is broken in C-204.,urgent attention is needed because the classroom bench is broken in c 204,Classroom and Laboratory,Academic Infrastructure,Critical,Classroom,C-204,1,CMP-02286
CMP-01241,Please check water is leaking near an electrical panel at Hostel Block B.,please check water is leaking near an electrical panel at hostel block b,Safety and Security,Security Office,Medium,Campus Building,Hostel Block B,0,
CMP-01014,"Central Library Reading Hall la wifi work aagala, immediate ah solve pannunga.",central library reading hall la wifi work aagala immediate ah solve pannunga,Wi-Fi and IT Services,IT Support and Network Cell,Medium,Hostel,Central Library Reading Hall,0,
CMP-01522,Please check the washroom tap is broken at Hostel Block C.,please check the washroom tap is broken at hostel block c,Water and Plumbing,Plumbing and Civil Maintenance,Critical,Canteen,Hostel Block C,0,
CMP-00629,Urgent attention is needed because the washroom has not been cleaned in Library Washroom.,urgent attention is needed because the washroom has not been cleaned in library washroom,Cleanliness and Waste,Housekeeping and Sanitation,Medium,Canteen,Library Washroom,0,
CMP-02295,Urgent attention is needed because there is no water supply in Girls Hostel Washroom.,urgent attention is needed because there is no water supply in girls hostel washroom,Water and Plumbing,Plumbing and Civil Maintenance,High,Washroom,Girls Hostel Washroom,0,
CMP-00329,Urgent attention is needed because the washroom has not been cleaned in Library Washroom.,urgent attention is needed because the washroom has not been cleaned in library washroom,Cleanliness and Waste,Housekeeping and Sanitation,High,Washroom,Library Washroom,0,
CMP-02271,C-204 பகுதியில் குளிர்சாதன வசதி வேலை செய்யவில்லை. தயவுசெய்து சரிசெய்யவும்.,c 204 பக த ய ல க ள ர ச தன வசத வ ல ச ய யவ ல ல தயவ ச ய த சர ச ய யவ ம,Classroom and Laboratory,Academic Infrastructure,Medium,Laboratory,C-204,0,
CMP-00867,bus romba crowded ah iruku at Route 1 Bus Stop. Kindly action edunga.,bus romba crowded ah iruku at route 1 bus stop kindly action edunga,Transport and Parking,Transport Cell,High,Campus Road,Route 1 Bus Stop,0,
CMP-02589,Please check the cupboard lock is not working at Hostel Room 214.,please check the cupboard lock is not working at hostel room 214,Hostel and Accommodation,Hostel Administration,Critical,Hostel,Hostel Room 214,0,
CMP-00879,AI Laboratory area la AC work aagala.,ai laboratory area la ac work aagala,Classroom and Laboratory,Academic Infrastructure,High,Laboratory,AI Laboratory,0,
CMP-03474,Central Library இல் இணைய இணைப்பு மிகவும் மெதுவாக உள்ளது. உடனடியாக நடவடிக்கை எடுக்கவும்.,central library இல இண ய இண ப ப ம கவ ம ம த வ க உள ளத உடனட ய க நடவட க க எட க கவ ம,Wi-Fi and IT Services,IT Support and Network Cell,High,Classroom,Central Library,1,CMP-00116
CMP-02911,"Central Library la wifi work aagala, immediate ah solve pannunga.",central library la wifi work aagala immediate ah solve pannunga,Wi-Fi and IT Services,IT Support and Network Cell,Medium,Classroom,Central Library,0,
CMP-03340,Girls Hostel Washroom area la toilet block aagiruku.,girls hostel washroom area la toilet block aagiruku,Water and Plumbing,Plumbing and Civil Maintenance,High,Washroom,Girls Hostel Washroom,1,CMP-02295
CMP-03336,Main Canteen பகுதியில் உணவின் தரம் மோசமாக உள்ளது. தயவுசெய்து சரிசெய்யவும்.,main canteen பக த ய ல உணவ ன தரம ம சம க உள ளத தயவ ச ய த சர ச ய யவ ம,Food and Canteen,Canteen Committee,Low,Canteen,Main Canteen,1,CMP-01653
CMP-03303,Hostel Block B la electrical panel pakkathula water leak aagudhu. Please check pannunga.,hostel block b la electrical panel pakkathula water leak aagudhu please check pannunga,Safety and Security,Security Office,Medium,Campus Building,Hostel Block B,1,CMP-01241
CMP-03894,There is a problem because the hostel room is not cleaned at Hostel Room 214.,there is a problem because the hostel room is not cleaned at hostel room 214,Hostel and Accommodation,Hostel Administration,Medium,Hostel,Hostel Room 214,1,CMP-01420
CMP-01708,Urgent attention is needed because the food price is incorrect in Main Canteen.,urgent attention is needed because the food price is incorrect in main canteen,Food and Canteen,Canteen Committee,High,Canteen,Main Canteen,0,
CMP-01417,I want to report that the room door lock is broken in Girls Hostel Block A.,i want to report that the room door lock is broken in girls hostel block a,Hostel and Accommodation,Hostel Administration,Critical,Hostel,Girls Hostel Block A,0,
CMP-02245,அறை சுத்தம் செய்யப்படவில்லை பிரச்சனை Hostel Room 214 இடத்தில் உள்ளது.,அற ச த தம ச ய யப படவ ல ல ப ரச சன hostel room 214 இடத த ல உள ளத,Hostel and Accommodation,Hostel Administration,Medium,Hostel,Hostel Room 214,0,
CMP-01380,There is a problem because the hostel room is not cleaned at Hostel Room 312.,there is a problem because the hostel room is not cleaned at hostel room 312,Hostel and Accommodation,Hostel Administration,Medium,Hostel,Hostel Room 312,0,
CMP-03794,Main Canteen area la drinking water dispenser work aagala.,main canteen area la drinking water dispenser work aagala,Food and Canteen,Canteen Committee,High,Canteen,Main Canteen,1,CMP-01708
CMP-01221,Urgent attention is needed because the classroom bench is broken in Electronics Laboratory.,urgent attention is needed because the classroom bench is broken in electronics laboratory,Classroom and Laboratory,Academic Infrastructure,Critical,Classroom,Electronics Laboratory,0,
CMP-02110,Urgent attention is needed because the water tank is overflowing in Main Canteen.,urgent attention is needed because the water tank is overflowing in main canteen,Water and Plumbing,Plumbing and Civil Maintenance,High,Campus Building,Main Canteen,0,
CMP-03353,Urgent attention is needed because the Wi-Fi is not working in Central Library Reading Hall.,urgent attention is needed because the wi fi is not working in central library reading hall,Wi-Fi and IT Services,IT Support and Network Cell,Medium,Hostel,Central Library Reading Hall,1,CMP-01014
CMP-03709,garbage accumulate aagiruku at Library Washroom. Kindly action edunga.,garbage accumulate aagiruku at library washroom kindly action edunga,Cleanliness and Waste,Housekeeping and Sanitation,Medium,Canteen,Library Washroom,1,CMP-00629
CMP-01599,Main Parking Area area la bus route notice illama change pannitanga.,main parking area area la bus route notice illama change pannitanga,Transport and Parking,Transport Cell,High,Parking,Main Parking Area,0,
CMP-01190,"Hostel Block A la wifi work aagala, immediate ah solve pannunga.",hostel block a la wifi work aagala immediate ah solve pannunga,Wi-Fi and IT Services,IT Support and Network Cell,Medium,Laboratory,Hostel Block A,0,
CMP-03526,Hostel Block C area la pipe la water leak aagudhu.,hostel block c area la pipe la water leak aagudhu,Water and Plumbing,Plumbing and Civil Maintenance,Critical,Canteen,Hostel Block C,1,CMP-01522
CMP-01064,Central Library Reading Hall இல் மாணவர் தளம் திறக்கவில்லை. உடனடியாக நடவடிக்கை எடுக்கவும்.,central library reading hall இல ம ணவர தளம த றக கவ ல ல உடனட ய க நடவட க க எட க கவ ம,Wi-Fi and IT Services,IT Support and Network Cell,Medium,Laboratory,Central Library Reading Hall,0,
CMP-03798,மெத்தை சேதமடைந்துள்ளது பிரச்சனை Hostel Room 214 இடத்தில் உள்ளது.,ம த த ச தமட ந த ள ளத ப ரச சன hostel room 214 இடத த ல உள ளத,Hostel and Accommodation,Hostel Administration,Critical,Hostel,Hostel Room 214,1,CMP-02589
CMP-01112,I want to report that the washroom tap is broken in Hostel Block C.,i want to report that the washroom tap is broken in hostel block c,Water and Plumbing,Plumbing and Civil Maintenance,Medium,Washroom,Hostel Block C,0,
CMP-01648,நடைபாதை அழுக்காக உள்ளது பிரச்சனை Parking Area இடத்தில் உள்ளது.,நட ப த அழ க க க உள ளத ப ரச சன parking area இடத த ல உள ளத,Cleanliness and Waste,Housekeeping and Sanitation,Low,Washroom,Parking Area,0,
CMP-02650,Urgent attention is needed because there is a broken glass panel in Hostel Block B.,urgent attention is needed because there is a broken glass panel in hostel block b,Safety and Security,Security Office,Medium,Campus Road,Hostel Block B,0,
CMP-03742,"Hostel Room 312 la window damage aagiruku, immediate ah solve pannunga.",hostel room 312 la window damage aagiruku immediate ah solve pannunga,Hostel and Accommodation,Hostel Administration,Medium,Hostel,Hostel Room 312,1,CMP-01380
CMP-02480,Urgent attention is needed because the marksheet correction request is pending in Examination Cell.,urgent attention is needed because the marksheet correction request is pending in examination cell,Administration and Documents,Administrative Office,Medium,Office,Examination Cell,0,
CMP-01520,Urgent attention is needed because the student portal is not loading in Computer Laboratory.,urgent attention is needed because the student portal is not loading in computer laboratory,Wi-Fi and IT Services,IT Support and Network Cell,Low,Classroom,Computer Laboratory,0,
CMP-01589,Main Canteen பகுதியில் கேன்டீன் சேவை மிகவும் மெதுவாக உள்ளது. தயவுசெய்து சரிசெய்யவும்.,main canteen பக த ய ல க ன ட ன ச வ ம கவ ம ம த வ க உள ளத தயவ ச ய த சர ச ய யவ ம,Food and Canteen,Canteen Committee,Medium,Canteen,Main Canteen,0,
CMP-01748,There is a problem because the water tank is overflowing at Hostel Block C.,there is a problem because the water tank is overflowing at hostel block c,Water and Plumbing,Plumbing and Civil Maintenance,Medium,Canteen,Hostel Block C,0,
CMP-00968,Route 3 Bus Stop இல் வாகனம் வளாக நுழைவாயிலை மறைத்துள்ளது. உடனடியாக நடவடிக்கை எடுக்கவும்.,route 3 bus stop இல வ கனம வள க ந ழ வ ய ல மற த த ள ளத உடனட ய க நடவட க க எட க கவ ம,Transport and Parking,Transport Cell,High,Campus Road,Route 3 Bus Stop,0,
CMP-00007,There is a problem because there is a bad smell near the waste area at Academic Block Corridor.,there is a problem because there is a bad smell near the waste area at academic block corridor,Cleanliness and Waste,Housekeeping and Sanitation,Medium,Campus Road,Academic Block Corridor,0,
CMP-02634,Urgent attention is needed because the projector is not displaying in C-101.,urgent attention is needed because the projector is not displaying in c 101,Classroom and Laboratory,Academic Infrastructure,Low,Laboratory,C-101,0,
CMP-01804,AI Laboratory இல் ஆய்வக உபகரணம் வேலை செய்யவில்லை. உடனடியாக நடவடிக்கை எடுக்கவும்.,ai laboratory இல ஆய வக உபகரணம வ ல ச ய யவ ல ல உடனட ய க நடவட க க எட க கவ ம,Classroom and Laboratory,Academic Infrastructure,Medium,Laboratory,AI Laboratory,0,
CMP-01032,Please check the bus route was changed without notice at Route 2 Bus Stop.,please check the bus route was changed without notice at route 2 bus stop,Transport and Parking,Transport Cell,High,Campus Road,Route 2 Bus Stop,0,
CMP-03099,Academic Block Corridor la garbage accumulate aagiruku. Please check pannunga.,academic block corridor la garbage accumulate aagiruku please check pannunga,Cleanliness and Waste,Housekeeping and Sanitation,Medium,Campus Road,Academic Block Corridor,1,CMP-00007
CMP-01344,I want to report that the marksheet correction request is pending in Accounts Office.,i want to report that the marksheet correction request is pending in accounts office,Administration and Documents,Administrative Office,Low,Office,Accounts Office,0,
CMP-00615,Please check a vehicle is blocking the campus entrance at Route 2 Bus Stop.,please check a vehicle is blocking the campus entrance at route 2 bus stop,Transport and Parking,Transport Cell,Medium,Campus Road,Route 2 Bus Stop,0,
CMP-01426,I want to report that the projector is not displaying in C-101.,i want to report that the projector is not displaying in c 101,Classroom and Laboratory,Academic Infrastructure,Critical,Laboratory,C-101,0,
CMP-00711,கேன்டீன் சேவை மிகவும் மெதுவாக உள்ளது பிரச்சனை North Canteen இடத்தில் உள்ளது.,க ன ட ன ச வ ம கவ ம ம த வ க உள ளத ப ரச சன north canteen இடத த ல உள ளத,Food and Canteen,Canteen Committee,High,Canteen,North Canteen,0,
CMP-00137,There is a problem because the campus bus arrived late at Main Parking Area.,there is a problem because the campus bus arrived late at main parking area,Transport and Parking,Transport Cell,Low,Campus Road,Main Parking Area,0,
CMP-01161,Academic Office la bonafide certificate request pending la iruku. Please check pannunga.,academic office la bonafide certificate request pending la iruku please check pannunga,Administration and Documents,Administrative Office,Low,Office,Academic Office,0,
CMP-02219,Boys Hostel Block A area la mattress damage aagiruku.,boys hostel block a area la mattress damage aagiruku,Hostel and Accommodation,Hostel Administration,Medium,Hostel,Boys Hostel Block A,0,
CMP-02513,Engineering Block இல் கண்ணாடி பலகம் உடைந்துள்ளது. உடனடியாக நடவடிக்கை எடுக்கவும்.,engineering block இல கண ண ட பலகம உட ந த ள ளத உடனட ய க நடவட க க எட க கவ ம,Safety and Security,Security Office,Critical,Hostel,Engineering Block,0,
CMP-01904,C-204 la corridor light eriyala. Please check pannunga.,c 204 la corridor light eriyala please check pannunga,Electrical and Power,Electrical Maintenance,High,Classroom,C-204,0,
CMP-03117,Urgent attention is needed because the hostel room is not cleaned in Hostel Room 214.,urgent attention is needed because the hostel room is not cleaned in hostel room 214,Hostel and Accommodation,Hostel Administration,Medium,Hostel,Hostel Room 214,1,CMP-02245
CMP-02027,உணவின் தரம் மோசமாக உள்ளது பிரச்சனை Hostel Mess இடத்தில் உள்ளது.,உணவ ன தரம ம சம க உள ளத ப ரச சன hostel mess இடத த ல உள ளத,Food and Canteen,Canteen Committee,Low,Canteen,Hostel Mess,0,
CMP-03451,மாணவர் தளம் திறக்கவில்லை பிரச்சனை Computer Laboratory இடத்தில் உள்ளது.,ம ணவர தளம த றக கவ ல ல ப ரச சன computer laboratory இடத த ல உள ளத,Wi-Fi and IT Services,IT Support and Network Cell,Low,Classroom,Computer Laboratory,1,CMP-01520
CMP-03617,Please check the staircase railing is loose at Engineering Block.,please check the staircase railing is loose at engineering block,Safety and Security,Security Office,Critical,Hostel,Engineering Block,1,CMP-02513
CMP-01684,I want to report that water is leaking near an electrical panel in Library Entrance.,i want to report that water is leaking near an electrical panel in library entrance,Safety and Security,Security Office,High,Campus Building,Library Entrance,0,
CMP-03202,"Electronics Laboratory la classroom bench broken ah iruku, immediate ah solve pannunga.",electronics laboratory la classroom bench broken ah iruku immediate ah solve pannunga,Classroom and Laboratory,Academic Infrastructure,Critical,Classroom,Electronics Laboratory,1,CMP-01221
CMP-01654,Girls Hostel Washroom பகுதியில் கழிவறை அடைத்துள்ளது. தயவுசெய்து சரிசெய்யவும்.,girls hostel washroom பக த ய ல கழ வற அட த த ள ளத தயவ ச ய த சர ச ய யவ ம,Water and Plumbing,Plumbing and Civil Maintenance,High,Washroom,Girls Hostel Washroom,0,
CMP-02383,College Entrance பகுதியில் அறிவிப்பின்றி பேருந்து பாதை மாற்றப்பட்டது. தயவுசெய்து சரிசெய்யவும்.,college entrance பக த ய ல அற வ ப ப ன ற ப ர ந த ப த ம ற றப பட டத தயவ ச ய த சர ச ய யவ ம,Transport and Parking,Transport Cell,Medium,Parking,College Entrance,0,
CMP-00718,Please check the classroom bench is broken at C-101.,please check the classroom bench is broken at c 101,Classroom and Laboratory,Academic Infrastructure,Medium,Classroom,C-101,0,
CMP-03481,C-101 பகுதியில் ப்ரொஜெக்டர் காட்சி அளிக்கவில்லை. தயவுசெய்து சரிசெய்யவும்.,c 101 பக த ய ல ப ர ஜ க டர க ட ச அள க கவ ல ல தயவ ச ய த சர ச ய யவ ம,Classroom and Laboratory,Academic Infrastructure,Low,Laboratory,C-101,1,CMP-02634
CMP-02381,Examination Cell இல் கட்டண செலுத்துதல் தளத்தில் புதுப்பிக்கப்படவில்லை. உடனடியாக நடவடிக்கை எடுக்கவும்.,examination cell இல கட டண ச ல த த தல தளத த ல ப த ப ப க கப படவ ல ல உடனட ய க நடவட க க எட க கவ ம,Administration and Documents,Administrative Office,Low,Office,Examination Cell,0,
CMP-01564,Boys Hostel Washroom la washroom tap broken ah iruku. Please check pannunga.,boys hostel washroom la washroom tap broken ah iruku please check pannunga,Water and Plumbing,Plumbing and Civil Maintenance,Medium,Campus Building,Boys Hostel Washroom,0,
CMP-03234,There is a problem because the bus route was changed without notice at Main Parking Area.,there is a problem because the bus route was changed without notice at main parking area,Transport and Parking,Transport Cell,High,Parking,Main Parking Area,1,CMP-01599
CMP-03305,Hostel Block A இல் வைஃபை வேலை செய்யவில்லை. உடனடியாக நடவடிக்கை எடுக்கவும்.,hostel block a இல வ ஃப வ ல ச ய யவ ல ல உடனட ய க நடவட க க எட க கவ ம,Wi-Fi and IT Services,IT Support and Network Cell,Medium,Laboratory,Hostel Block A,1,CMP-01190
CMP-03452,Main Parking Area area la parking space illa.,main parking area area la parking space illa,Transport and Parking,Transport Cell,Low,Campus Road,Main Parking Area,1,CMP-00137
CMP-01657,Hostel Mess la drinking water dispenser work aagala. Please check pannunga.,hostel mess la drinking water dispenser work aagala please check pannunga,Food and Canteen,Canteen Committee,High,Canteen,Hostel Mess,0,
CMP-02017,I want to report that the room has a damaged window in Hostel Room 312.,i want to report that the room has a damaged window in hostel room 312,Hostel and Accommodation,Hostel Administration,High,Hostel,Hostel Room 312,0,
CMP-00051,Parking Area பகுதியில் மின்பலகையின் அருகில் தண்ணீர் கசிகிறது. தயவுசெய்து சரிசெய்யவும்.,parking area பக த ய ல ம ன பலக ய ன அர க ல தண ண ர கச க றத தயவ ச ய த சர ச ய யவ ம,Safety and Security,Security Office,Critical,Campus Road,Parking Area,0,
CMP-01453,Urgent attention is needed because the food quality is poor in Hostel Mess.,urgent attention is needed because the food quality is poor in hostel mess,Food and Canteen,Canteen Committee,High,Canteen,Hostel Mess,0,
CMP-02461,Please check the Wi-Fi is not working at Hostel Block B.,please check the wi fi is not working at hostel block b,Wi-Fi and IT Services,IT Support and Network Cell,Low,Library,Hostel Block B,0,
CMP-02774,வளாக பேருந்து தாமதமாக வந்தது பிரச்சனை Route 1 Bus Stop இடத்தில் உள்ளது.,வள க ப ர ந த த மதம க வந தத ப ரச சன route 1 bus stop இடத த ல உள ளத,Transport and Parking,Transport Cell,Medium,Parking,Route 1 Bus Stop,0,
CMP-00047,College Entrance area la vehicle campus entrance block pannudhu.,college entrance area la vehicle campus entrance block pannudhu,Transport and Parking,Transport Cell,Critical,Campus Road,College Entrance,0,
CMP-02674,room door lock broken ah iruku at Girls Hostel Block B. Kindly action edunga.,room door lock broken ah iruku at girls hostel block b kindly action edunga,Hostel and Accommodation,Hostel Administration,High,Hostel,Girls Hostel Block B,0,
CMP-02611,Hostel Block B la glass panel broken ah iruku. Please check pannunga.,hostel block b la glass panel broken ah iruku please check pannunga,Safety and Security,Security Office,High,Hostel,Hostel Block B,0,
CMP-00710,I want to report that the bonafide certificate request is pending in Scholarship Office.,i want to report that the bonafide certificate request is pending in scholarship office,Administration and Documents,Administrative Office,High,Office,Scholarship Office,0,
CMP-01838,food hygiene illa at Hostel Mess. Kindly action edunga.,food hygiene illa at hostel mess kindly action edunga,Food and Canteen,Canteen Committee,High,Canteen,Hostel Mess,0,
CMP-03327,அறை கதவு பூட்டு உடைந்துள்ளது பிரச்சனை Boys Hostel Block A இடத்தில் உள்ளது.,அற கதவ ப ட ட உட ந த ள ளத ப ரச சன boys hostel block a இடத த ல உள ளத,Hostel and Accommodation,Hostel Administration,Medium,Hostel,Boys Hostel Block A,1,CMP-02219
CMP-01610,There is a problem because the ERP login is failing at Central Library.,there is a problem because the erp login is failing at central library,Wi-Fi and IT Services,IT Support and Network Cell,Low,Hostel,Central Library,0,
CMP-02723,Urgent attention is needed because the hostel room is not cleaned in Hostel Room 312.,urgent attention is needed because the hostel room is not cleaned in hostel room 312,Hostel and Accommodation,Hostel Administration,Medium,Hostel,Hostel Room 312,0,
CMP-01328,Urgent attention is needed because the canteen service is very slow in Main Canteen.,urgent attention is needed because the canteen service is very slow in main canteen,Food and Canteen,Canteen Committee,High,Canteen,Main Canteen,0,
CMP-03189,Please check there is no parking space available at Route 3 Bus Stop.,please check there is no parking space available at route 3 bus stop,Transport and Parking,Transport Cell,High,Campus Road,Route 3 Bus Stop,1,CMP-00968
CMP-02786,ஜன்னல் சேதமடைந்துள்ளது பிரச்சனை Girls Hostel Block B இடத்தில் உள்ளது.,ஜன னல ச தமட ந த ள ளத ப ரச சன girls hostel block b இடத த ல உள ளத,Hostel and Accommodation,Hostel Administration,Low,Hostel,Girls Hostel Block B,0,
CMP-01983,"Main Canteen la food quality poor ah iruku, immediate ah solve pannunga.",main canteen la food quality poor ah iruku immediate ah solve pannunga,Food and Canteen,Canteen Committee,Low,Canteen,Main Canteen,0,
CMP-02721,I want to report that the hostel room is not cleaned in Hostel Room 214.,i want to report that the hostel room is not cleaned in hostel room 214,Hostel and Accommodation,Hostel Administration,Low,Hostel,Hostel Room 214,0,
CMP-01170,I want to report that there is a bad smell near the waste area in Academic Block Corridor.,i want to report that there is a bad smell near the waste area in academic block corridor,Cleanliness and Waste,Housekeeping and Sanitation,Medium,Campus Road,Academic Block Corridor,0,
CMP-03434,Urgent attention is needed because the food appears unhygienic in Hostel Mess.,urgent attention is needed because the food appears unhygienic in hostel mess,Food and Canteen,Canteen Committee,Low,Canteen,Hostel Mess,1,CMP-02027
CMP-01287,"Hostel Mess la food quality poor ah iruku, immediate ah solve pannunga.",hostel mess la food quality poor ah iruku immediate ah solve pannunga,Food and Canteen,Canteen Committee,Medium,Canteen,Hostel Mess,0,
CMP-00958,Please check the projector is not displaying at AI Laboratory.,please check the projector is not displaying at ai laboratory,Classroom and Laboratory,Academic Infrastructure,Low,Laboratory,AI Laboratory,0,
CMP-03284,Parking Area area la unauthorized person hostel area la vandhirukanga.,parking area area la unauthorized person hostel area la vandhirukanga,Safety and Security,Security Office,Critical,Campus Road,Parking Area,1,CMP-00051
CMP-00285,வளாக பேருந்து தாமதமாக வந்தது பிரச்சனை Route 3 Bus Stop இடத்தில் உள்ளது.,வள க ப ர ந த த மதம க வந தத ப ரச சன route 3 bus stop இடத த ல உள ளத,Transport and Parking,Transport Cell,Medium,Parking,Route 3 Bus Stop,0,
CMP-02206,உணவின் தரம் மோசமாக உள்ளது பிரச்சனை North Canteen இடத்தில் உள்ளது.,உணவ ன தரம ம சம க உள ளத ப ரச சன north canteen இடத த ல உள ளத,Food and Canteen,Canteen Committee,Critical,Canteen,North Canteen,0,
CMP-01204,C-204 la switch damage aagiruku. Please check pannunga.,c 204 la switch damage aagiruku please check pannunga,Electrical and Power,Electrical Maintenance,Medium,Campus Building,C-204,0,
CMP-01266,I want to report that there is a broken glass panel in Hostel Block B.,i want to report that there is a broken glass panel in hostel block b,Safety and Security,Security Office,High,Parking,Hostel Block B,0,
CMP-01407,I want to report that the internet connection is very slow in Computer Laboratory.,i want to report that the internet connection is very slow in computer laboratory,Wi-Fi and IT Services,IT Support and Network Cell,Low,Hostel,Computer Laboratory,0,
CMP-00636,Please check the electrical switch is damaged at Hostel Block A.,please check the electrical switch is damaged at hostel block a,Electrical and Power,Electrical Maintenance,High,Classroom,Hostel Block A,0,
CMP-01340,waste area pakkathula bad smell iruku at Boys Hostel Washroom. Kindly action edunga.,waste area pakkathula bad smell iruku at boys hostel washroom kindly action edunga,Cleanliness and Waste,Housekeeping and Sanitation,Low,Hostel,Boys Hostel Washroom,0,
CMP-02010,உணவின் தரம் மோசமாக உள்ளது பிரச்சனை Main Canteen இடத்தில் உள்ளது.,உணவ ன தரம ம சம க உள ளத ப ரச சன main canteen இடத த ல உள ளத,Food and Canteen,Canteen Committee,Medium,Canteen,Main Canteen,0,
CMP-03642,"Girls Hostel Block B la cupboard lock work aagala, immediate ah solve pannunga.",girls hostel block b la cupboard lock work aagala immediate ah solve pannunga,Hostel and Accommodation,Hostel Administration,Low,Hostel,Girls Hostel Block B,1,CMP-02786
CMP-03397,உணவின் விலை தவறாக உள்ளது பிரச்சனை Hostel Mess இடத்தில் உள்ளது.,உணவ ன வ ல தவற க உள ளத ப ரச சன hostel mess இடத த ல உள ளத,Food and Canteen,Canteen Committee,High,Canteen,Hostel Mess,1,CMP-01838
CMP-03382,Hostel Block B பகுதியில் இணைய இணைப்பு மிகவும் மெதுவாக உள்ளது. தயவுசெய்து சரிசெய்யவும்.,hostel block b பக த ய ல இண ய இண ப ப ம கவ ம ம த வ க உள ளத தயவ ச ய த சர ச ய யவ ம,Wi-Fi and IT Services,IT Support and Network Cell,Low,Library,Hostel Block B,1,CMP-02461
CMP-01868,Urgent attention is needed because the internet connection is very slow in Central Library Reading Hall.,urgent attention is needed because the internet connection is very slow in central library reading hall,Wi-Fi and IT Services,IT Support and Network Cell,Medium,Library,Central Library Reading Hall,0,
CMP-03727,Hostel Mess பகுதியில் உணவின் தரம் மோசமாக உள்ளது. தயவுசெய்து சரிசெய்யவும்.,hostel mess பக த ய ல உணவ ன தரம ம சம க உள ளத தயவ ச ய த சர ச ய யவ ம,Food and Canteen,Canteen Committee,High,Canteen,Hostel Mess,1,CMP-01453
CMP-01125,Please check the tube light is flickering at C-204.,please check the tube light is flickering at c 204,Electrical and Power,Electrical Maintenance,Medium,Campus Building,C-204,0,
CMP-00720,water supply varala at Hostel Block A. Kindly action edunga.,water supply varala at hostel block a kindly action edunga,Water and Plumbing,Plumbing and Civil Maintenance,Critical,Washroom,Hostel Block A,0,
CMP-01049,"Computer Laboratory la AC work aagala, immediate ah solve pannunga.",computer laboratory la ac work aagala immediate ah solve pannunga,Classroom and Laboratory,Academic Infrastructure,Low,Classroom,Computer Laboratory,0,
CMP-02724,There is a problem because the laboratory equipment is not functioning at C-101.,there is a problem because the laboratory equipment is not functioning at c 101,Classroom and Laboratory,Academic Infrastructure,Low,Classroom,C-101,0,
CMP-00095,Urgent attention is needed because an unauthorized person entered the hostel area in Parking Area.,urgent attention is needed because an unauthorized person entered the hostel area in parking area,Safety and Security,Security Office,High,Hostel,Parking Area,0,
CMP-01934,Hostel Block B பகுதியில் வைஃபை வேலை செய்யவில்லை. தயவுசெய்து சரிசெய்யவும்.,hostel block b பக த ய ல வ ஃப வ ல ச ய யவ ல ல தயவ ச ய த சர ச ய யவ ம,Wi-Fi and IT Services,IT Support and Network Cell,Medium,Classroom,Hostel Block B,0,
CMP-02954,There is a problem because the bonafide certificate request is pending at Academic Office.,there is a problem because the bonafide certificate request is pending at academic office,Administration and Documents,Administrative Office,Low,Office,Academic Office,0,
CMP-01713,Engineering Block பகுதியில் கழிவறை குழாய் உடைந்துள்ளது. தயவுசெய்து சரிசெய்யவும்.,engineering block பக த ய ல கழ வற க ழ ய உட ந த ள ளத தயவ ச ய த சர ச ய யவ ம,Water and Plumbing,Plumbing and Civil Maintenance,Low,Washroom,Engineering Block,0,
CMP-03589,Computer Laboratory இல் ஈஆர்பி உள்நுழைவு தோல்வியடைந்தது. உடனடியாக நடவடிக்கை எடுக்கவும்.,computer laboratory இல ஈஆர ப உள ந ழ வ த ல வ யட ந தத உடனட ய க நடவட க க எட க கவ ம,Wi-Fi and IT Services,IT Support and Network Cell,Low,Hostel,Computer Laboratory,1,CMP-01407
CMP-03532,Boys Hostel Washroom பகுதியில் கழிவறை சுத்தம் செய்யப்படவில்லை. தயவுசெய்து சரிசெய்யவும்.,boys hostel washroom பக த ய ல கழ வற ச த தம ச ய யப படவ ல ல தயவ ச ய த சர ச ய யவ ம,Cleanliness and Waste,Housekeeping and Sanitation,Low,Hostel,Boys Hostel Washroom,1,CMP-01340
CMP-03057,Hostel Room 214 area la room door lock broken ah iruku.,hostel room 214 area la room door lock broken ah iruku,Hostel and Accommodation,Hostel Administration,Low,Hostel,Hostel Room 214,1,CMP-02721
CMP-00102,Urgent attention is needed because the toilet is blocked in Hostel Block A.,urgent attention is needed because the toilet is blocked in hostel block a,Water and Plumbing,Plumbing and Civil Maintenance,Medium,Hostel,Hostel Block A,0,
CMP-01859,I want to report that the campus bus arrived late in Route 1 Bus Stop.,i want to report that the campus bus arrived late in route 1 bus stop,Transport and Parking,Transport Cell,High,Parking,Route 1 Bus Stop,0,
CMP-00840,Hostel Block A பகுதியில் ஈஆர்பி உள்நுழைவு தோல்வியடைந்தது. தயவுசெய்து சரிசெய்யவும்.,hostel block a பக த ய ல ஈஆர ப உள ந ழ வ த ல வ யட ந தத தயவ ச ய த சர ச ய யவ ம,Wi-Fi and IT Services,IT Support and Network Cell,Medium,Library,Hostel Block A,0,
CMP-02423,There is a problem because the food appears unhygienic at Hostel Mess.,there is a problem because the food appears unhygienic at hostel mess,Food and Canteen,Canteen Committee,High,Canteen,Hostel Mess,0,
CMP-02336,There is a problem because the classroom has poor ventilation at Electronics Laboratory.,there is a problem because the classroom has poor ventilation at electronics laboratory,Classroom and Laboratory,Academic Infrastructure,High,Classroom,Electronics Laboratory,0,
CMP-03729,Hostel Block B இல் படிக்கட்டு கைப்பிடி தளர்வாக உள்ளது. உடனடியாக நடவடிக்கை எடுக்கவும்.,hostel block b இல பட க கட ட க ப ப ட தளர வ க உள ளத உடனட ய க நடவட க க எட க கவ ம,Safety and Security,Security Office,High,Parking,Hostel Block B,1,CMP-01266
CMP-01338,படிக்கட்டு கைப்பிடி தளர்வாக உள்ளது பிரச்சனை Hostel Block B இடத்தில் உள்ளது.,பட க கட ட க ப ப ட தளர வ க உள ளத ப ரச சன hostel block b இடத த ல உள ளத,Safety and Security,Security Office,High,Campus Building,Hostel Block B,0,
CMP-03013,மின்விசிறி வேலை செய்யவில்லை பிரச்சனை Hostel Block A இடத்தில் உள்ளது.,ம ன வ ச ற வ ல ச ய யவ ல ல ப ரச சன hostel block a இடத த ல உள ளத,Electrical and Power,Electrical Maintenance,High,Classroom,Hostel Block A,1,CMP-00636
CMP-01839,Urgent attention is needed because an unauthorized person entered the hostel area in Library Entrance.,urgent attention is needed because an unauthorized person entered the hostel area in library entrance,Safety and Security,Security Office,High,Campus Road,Library Entrance,0,
CMP-02203,Please check the room door lock is broken at Girls Hostel Block A.,please check the room door lock is broken at girls hostel block a,Hostel and Accommodation,Hostel Administration,Critical,Hostel,Girls Hostel Block A,0,
CMP-01136,அறை கதவு பூட்டு உடைந்துள்ளது பிரச்சனை Boys Hostel Block B இடத்தில் உள்ளது.,அற கதவ ப ட ட உட ந த ள ளத ப ரச சன boys hostel block b இடத த ல உள ளத,Hostel and Accommodation,Hostel Administration,Low,Hostel,Boys Hostel Block B,0,
CMP-01891,"Route 3 Bus Stop la bus romba crowded ah iruku, immediate ah solve pannunga.",route 3 bus stop la bus romba crowded ah iruku immediate ah solve pannunga,Transport and Parking,Transport Cell,Medium,Campus Road,Route 3 Bus Stop,0,
CMP-03302,Boys Hostel Block B area la room clean pannala.,boys hostel block b area la room clean pannala,Hostel and Accommodation,Hostel Administration,Low,Hostel,Boys Hostel Block B,1,CMP-01136
CMP-02362,Boys Hostel Block B la window damage aagiruku. Please check pannunga.,boys hostel block b la window damage aagiruku please check pannunga,Hostel and Accommodation,Hostel Administration,Low,Hostel,Boys Hostel Block B,0,
CMP-03120,scholarship status update aagala at Academic Office. Kindly action edunga.,scholarship status update aagala at academic office kindly action edunga,Administration and Documents,Administrative Office,Low,Office,Academic Office,1,CMP-02954
CMP-03892,"Electronics Laboratory la lab equipment work aagala, immediate ah solve pannunga.",electronics laboratory la lab equipment work aagala immediate ah solve pannunga,Classroom and Laboratory,Academic Infrastructure,High,Classroom,Electronics Laboratory,1,CMP-02336
CMP-01906,Route 1 Bus Stop இல் அறிவிப்பின்றி பேருந்து பாதை மாற்றப்பட்டது. உடனடியாக நடவடிக்கை எடுக்கவும்.,route 1 bus stop இல அற வ ப ப ன ற ப ர ந த ப த ம ற றப பட டத உடனட ய க நடவட க க எட க கவ ம,Transport and Parking,Transport Cell,High,Parking,Route 1 Bus Stop,0,
CMP-02703,Boys Hostel Washroom இல் குப்பை இடத்தின் அருகில் துர்நாற்றம் உள்ளது. உடனடியாக நடவடிக்கை எடுக்கவும்.,boys hostel washroom இல க ப ப இடத த ன அர க ல த ர ந ற றம உள ளத உடனட ய க நடவட க க எட க கவ ம,Cleanliness and Waste,Housekeeping and Sanitation,Medium,Campus Road,Boys Hostel Washroom,0,
CMP-00436,Please check the food price is incorrect at North Canteen.,please check the food price is incorrect at north canteen,Food and Canteen,Canteen Committee,Low,Canteen,North Canteen,0,
CMP-02262,Electronics Laboratory la projector display varala. Please check pannunga.,electronics laboratory la projector display varala please check pannunga,Classroom and Laboratory,Academic Infrastructure,Medium,Classroom,Electronics Laboratory,0,
CMP-03612,மின்பலகையின் அருகில் தண்ணீர் கசிகிறது பிரச்சனை Parking Area இடத்தில் உள்ளது.,ம ன பலக ய ன அர க ல தண ண ர கச க றத ப ரச சன parking area இடத த ல உள ளத,Safety and Security,Security Office,High,Hostel,Parking Area,1,CMP-00095
CMP-03530,campus street light work aagala at Library Entrance. Kindly action edunga.,campus street light work aagala at library entrance kindly action edunga,Safety and Security,Security Office,High,Campus Road,Library Entrance,1,CMP-01839
CMP-02907,Campus Road பகுதியில் படிக்கட்டு கைப்பிடி தளர்வாக உள்ளது. தயவுசெய்து சரிசெய்யவும்.,campus road பக த ய ல பட க கட ட க ப ப ட தளர வ க உள ளத தயவ ச ய த சர ச ய யவ ம,Safety and Security,Security Office,Critical,Campus Building,Campus Road,0,
CMP-01704,"Central Library Reading Hall la ERP login aagala, immediate ah solve pannunga.",central library reading hall la erp login aagala immediate ah solve pannunga,Wi-Fi and IT Services,IT Support and Network Cell,High,Hostel,Central Library Reading Hall,0,
CMP-02372,ஈஆர்பி உள்நுழைவு தோல்வியடைந்தது பிரச்சனை Hostel Block A இடத்தில் உள்ளது.,ஈஆர ப உள ந ழ வ த ல வ யட ந தத ப ரச சன hostel block a இடத த ல உள ளத,Wi-Fi and IT Services,IT Support and Network Cell,High,Laboratory,Hostel Block A,0,
CMP-00829,Please check the tube light is flickering at Hostel Block B.,please check the tube light is flickering at hostel block b,Electrical and Power,Electrical Maintenance,High,Hostel,Hostel Block B,0,
CMP-00298,Hostel Block B பகுதியில் மாணவர் தளம் திறக்கவில்லை. தயவுசெய்து சரிசெய்யவும்.,hostel block b பக த ய ல ம ணவர தளம த றக கவ ல ல தயவ ச ய த சர ச ய யவ ம,Wi-Fi and IT Services,IT Support and Network Cell,Critical,Library,Hostel Block B,0,
CMP-01497,ப்ரொஜெக்டர் காட்சி அளிக்கவில்லை பிரச்சனை Electronics Laboratory இடத்தில் உள்ளது.,ப ர ஜ க டர க ட ச அள க கவ ல ல ப ரச சன electronics laboratory இடத த ல உள ளத,Classroom and Laboratory,Academic Infrastructure,Low,Laboratory,Electronics Laboratory,0,
CMP-03208,I want to report that the Wi-Fi is not working in Hostel Block A.,i want to report that the wi fi is not working in hostel block a,Wi-Fi and IT Services,IT Support and Network Cell,Medium,Library,Hostel Block A,1,CMP-00840
CMP-00926,Engineering Block area la toilet block aagiruku.,engineering block area la toilet block aagiruku,Water and Plumbing,Plumbing and Civil Maintenance,Medium,Washroom,Engineering Block,0,
CMP-01702,Route 1 Bus Stop பகுதியில் வளாக பேருந்து தாமதமாக வந்தது. தயவுசெய்து சரிசெய்யவும்.,route 1 bus stop பக த ய ல வள க ப ர ந த த மதம க வந தத தயவ ச ய த சர ச ய யவ ம,Transport and Parking,Transport Cell,High,Campus Road,Route 1 Bus Stop,0,
CMP-00825,C-204 area la fan work aagala.,c 204 area la fan work aagala,Electrical and Power,Electrical Maintenance,Medium,Laboratory,C-204,0,
CMP-02128,"Student Service Centre la marksheet correction pending la iruku, immediate ah solve pannunga.",student service centre la marksheet correction pending la iruku immediate ah solve pannunga,Administration and Documents,Administrative Office,Low,Office,Student Service Centre,0,
CMP-02129,Computer Laboratory la AC work aagala. Please check pannunga.,computer laboratory la ac work aagala please check pannunga,Classroom and Laboratory,Academic Infrastructure,Medium,Laboratory,Computer Laboratory,0,
CMP-00266,I want to report that the internet connection is very slow in Hostel Block B.,i want to report that the internet connection is very slow in hostel block b,Wi-Fi and IT Services,IT Support and Network Cell,Medium,Classroom,Hostel Block B,0,
CMP-00362,"C-204 la corridor light eriyala, immediate ah solve pannunga.",c 204 la corridor light eriyala immediate ah solve pannunga,Electrical and Power,Electrical Maintenance,Medium,Hostel,C-204,0,
CMP-02345,There is a problem because a vehicle is blocking the campus entrance at Main Parking Area.,there is a problem because a vehicle is blocking the campus entrance at main parking area,Transport and Parking,Transport Cell,Medium,Parking,Main Parking Area,0,
CMP-02818,I want to report that the campus street light is not working in Parking Area.,i want to report that the campus street light is not working in parking area,Safety and Security,Security Office,High,Parking,Parking Area,0,
CMP-00515,There is a problem because there is no parking space available at Route 3 Bus Stop.,there is a problem because there is no parking space available at route 3 bus stop,Transport and Parking,Transport Cell,Medium,Campus Road,Route 3 Bus Stop,0,
CMP-02420,Library Entrance la electrical panel pakkathula water leak aagudhu. Please check pannunga.,library entrance la electrical panel pakkathula water leak aagudhu please check pannunga,Safety and Security,Security Office,High,Parking,Library Entrance,0,
CMP-02610,"Examination Cell la marksheet correction pending la iruku, immediate ah solve pannunga.",examination cell la marksheet correction pending la iruku immediate ah solve pannunga,Administration and Documents,Administrative Office,Low,Office,Examination Cell,0,
CMP-00066,Urgent attention is needed because an unauthorized person entered the hostel area in Engineering Block.,urgent attention is needed because an unauthorized person entered the hostel area in engineering block,Safety and Security,Security Office,High,Campus Road,Engineering Block,0,
CMP-03319,Hostel Block B area la tube light flicker aagudhu.,hostel block b area la tube light flicker aagudhu,Electrical and Power,Electrical Maintenance,High,Hostel,Hostel Block B,1,CMP-00829
CMP-03347,Electronics Laboratory பகுதியில் ஆய்வக உபகரணம் வேலை செய்யவில்லை. தயவுசெய்து சரிசெய்யவும்.,electronics laboratory பக த ய ல ஆய வக உபகரணம வ ல ச ய யவ ல ல தயவ ச ய த சர ச ய யவ ம,Classroom and Laboratory,Academic Infrastructure,Medium,Classroom,Electronics Laboratory,1,CMP-02262
CMP-03464,Hostel Block B இல் மாணவர் தளம் திறக்கவில்லை. உடனடியாக நடவடிக்கை எடுக்கவும்.,hostel block b இல ம ணவர தளம த றக கவ ல ல உடனட ய க நடவட க க எட க கவ ம,Wi-Fi and IT Services,IT Support and Network Cell,Medium,Classroom,Hostel Block B,1,CMP-00266
CMP-02773,Please check the corridor light is not working at C-204.,please check the corridor light is not working at c 204,Electrical and Power,Electrical Maintenance,Low,Hostel,C-204,0,
CMP-03461,"Route 1 Bus Stop la bus route notice illama change pannitanga, immediate ah solve pannunga.",route 1 bus stop la bus route notice illama change pannitanga immediate ah solve pannunga,Transport and Parking,Transport Cell,High,Campus Road,Route 1 Bus Stop,1,CMP-01702
CMP-03613,Library Entrance பகுதியில் படிக்கட்டு கைப்பிடி தளர்வாக உள்ளது. தயவுசெய்து சரிசெய்யவும்.,library entrance பக த ய ல பட க கட ட க ப ப ட தளர வ க உள ளத தயவ ச ய த சர ச ய யவ ம,Safety and Security,Security Office,High,Parking,Library Entrance,1,CMP-02420
CMP-02200,Please check the corridor is dirty at Library Washroom.,please check the corridor is dirty at library washroom,Cleanliness and Waste,Housekeeping and Sanitation,Medium,Canteen,Library Washroom,0,
CMP-03192,Engineering Block இல் கண்ணாடி பலகம் உடைந்துள்ளது. உடனடியாக நடவடிக்கை எடுக்கவும்.,engineering block இல கண ண ட பலகம உட ந த ள ளத உடனட ய க நடவட க க எட க கவ ம,Safety and Security,Security Office,High,Campus Road,Engineering Block,1,CMP-00066
CMP-02687,Urgent attention is needed because the bonafide certificate request is pending in Student Service Centre.,urgent attention is needed because the bonafide certificate request is pending in student service centre,Administration and Documents,Administrative Office,Medium,Office,Student Service Centre,0,
CMP-02108,Please check the marksheet correction request is pending at Examination Cell.,please check the marksheet correction request is pending at examination cell,Administration and Documents,Administrative Office,Medium,Office,Examination Cell,0,
CMP-03821,There is a problem because the tube light is flickering at C-204.,there is a problem because the tube light is flickering at c 204,Electrical and Power,Electrical Maintenance,Medium,Hostel,C-204,1,CMP-00362
CMP-03262,There is a problem because the student portal is not loading at Hostel Block B.,there is a problem because the student portal is not loading at hostel block b,Wi-Fi and IT Services,IT Support and Network Cell,Critical,Library,Hostel Block B,1,CMP-00298
CMP-00511,Please check the student portal is not loading at Hostel Block B.,please check the student portal is not loading at hostel block b,Wi-Fi and IT Services,IT Support and Network Cell,Low,Hostel,Hostel Block B,0,
CMP-01139,Main Canteen area la waste area pakkathula bad smell iruku.,main canteen area la waste area pakkathula bad smell iruku,Cleanliness and Waste,Housekeeping and Sanitation,Critical,Campus Road,Main Canteen,0,
CMP-01353,மின்பலகையின் அருகில் தண்ணீர் கசிகிறது பிரச்சனை Library Entrance இடத்தில் உள்ளது.,ம ன பலக ய ன அர க ல தண ண ர கச க றத ப ரச சன library entrance இடத த ல உள ளத,Safety and Security,Security Office,High,Campus Building,Library Entrance,0,
CMP-00969,Route 2 Bus Stop பகுதியில் வளாக பேருந்து தாமதமாக வந்தது. தயவுசெய்து சரிசெய்யவும்.,route 2 bus stop பக த ய ல வள க ப ர ந த த மதம க வந தத தயவ ச ய த சர ச ய யவ ம,Transport and Parking,Transport Cell,High,Parking,Route 2 Bus Stop,0,
CMP-00750,கேன்டீன் சேவை மிகவும் மெதுவாக உள்ளது பிரச்சனை Main Canteen இடத்தில் உள்ளது.,க ன ட ன ச வ ம கவ ம ம த வ க உள ளத ப ரச சன main canteen இடத த ல உள ளத,Food and Canteen,Canteen Committee,Medium,Canteen,Main Canteen,0,
CMP-01005,ப்ரொஜெக்டர் காட்சி அளிக்கவில்லை பிரச்சனை C-204 இடத்தில் உள்ளது.,ப ர ஜ க டர க ட ச அள க கவ ல ல ப ரச சன c 204 இடத த ல உள ளத,Classroom and Laboratory,Academic Infrastructure,Critical,Classroom,C-204,0,
CMP-02630,drinking water dispenser work aagala at Hostel Mess. Kindly action edunga.,drinking water dispenser work aagala at hostel mess kindly action edunga,Food and Canteen,Canteen Committee,Critical,Canteen,Hostel Mess,0,
CMP-01459,There is a problem because there is a broken glass panel at Parking Area.,there is a problem because there is a broken glass panel at parking area,Safety and Security,Security Office,Critical,Campus Road,Parking Area,0,
CMP-01876,corridor dirty ah iruku at Main Canteen. Kindly action edunga.,corridor dirty ah iruku at main canteen kindly action edunga,Cleanliness and Waste,Housekeeping and Sanitation,Medium,Campus Road,Main Canteen,0,
CMP-03307,Route 3 Bus Stop area la bus route notice illama change pannitanga.,route 3 bus stop area la bus route notice illama change pannitanga,Transport and Parking,Transport Cell,Medium,Campus Road,Route 3 Bus Stop,1,CMP-00515
CMP-03390,C-204 பகுதியில் மின்விசிறி வேலை செய்யவில்லை. தயவுசெய்து சரிசெய்யவும்.,c 204 பக த ய ல ம ன வ ச ற வ ல ச ய யவ ல ல தயவ ச ய த சர ச ய யவ ம,Electrical and Power,Electrical Maintenance,Low,Hostel,C-204,1,CMP-02773
CMP-03891,I want to report that the tube light is flickering in C-204.,i want to report that the tube light is flickering in c 204,Electrical and Power,Electrical Maintenance,Medium,Laboratory,C-204,1,CMP-00825
CMP-02217,There is a problem because the Wi-Fi is not working at Hostel Block A.,there is a problem because the wi fi is not working at hostel block a,Wi-Fi and IT Services,IT Support and Network Cell,High,Classroom,Hostel Block A,0,
CMP-02709,I want to report that the bonafide certificate request is pending in Accounts Office.,i want to report that the bonafide certificate request is pending in accounts office,Administration and Documents,Administrative Office,Medium,Office,Accounts Office,0,
CMP-00878,Hostel Block B la ERP login aagala. Please check pannunga.,hostel block b la erp login aagala please check pannunga,Wi-Fi and IT Services,IT Support and Network Cell,Medium,Classroom,Hostel Block B,0,
CMP-02649,Academic Office area la ID card request delay aagudhu.,academic office area la id card request delay aagudhu,Administration and Documents,Administrative Office,High,Office,Academic Office,0,
CMP-03422,Please check garbage has accumulated at Main Canteen.,please check garbage has accumulated at main canteen,Cleanliness and Waste,Housekeeping and Sanitation,Critical,Campus Road,Main Canteen,1,CMP-01139
CMP-02829,Boys Hostel Washroom இல் குப்பை குவிந்துள்ளது. உடனடியாக நடவடிக்கை எடுக்கவும்.,boys hostel washroom இல க ப ப க வ ந த ள ளத உடனட ய க நடவட க க எட க கவ ம,Cleanliness and Waste,Housekeeping and Sanitation,High,Hostel,Boys Hostel Washroom,0,
CMP-01984,I want to report that the scholarship application status is not updated in Accounts Office.,i want to report that the scholarship application status is not updated in accounts office,Administration and Documents,Administrative Office,Medium,Office,Accounts Office,0,
CMP-01133,Urgent attention is needed because the classroom bench is broken in Electronics Laboratory.,urgent attention is needed because the classroom bench is broken in electronics laboratory,Classroom and Laboratory,Academic Infrastructure,Low,Laboratory,Electronics Laboratory,0,
CMP-01529,food hygiene illa at Main Canteen. Kindly action edunga.,food hygiene illa at main canteen kindly action edunga,Food and Canteen,Canteen Committee,High,Canteen,Main Canteen,0,
CMP-01634,waste area pakkathula bad smell iruku at Main Canteen. Kindly action edunga.,waste area pakkathula bad smell iruku at main canteen kindly action edunga,Cleanliness and Waste,Housekeeping and Sanitation,High,Campus Road,Main Canteen,0,
CMP-01487,Campus Road இல் கண்ணாடி பலகம் உடைந்துள்ளது. உடனடியாக நடவடிக்கை எடுக்கவும்.,campus road இல கண ண ட பலகம உட ந த ள ளத உடனட ய க நடவட க க எட க கவ ம,Safety and Security,Security Office,Critical,Hostel,Campus Road,0,
CMP-00119,Urgent attention is needed because the bus route was changed without notice in Route 2 Bus Stop.,urgent attention is needed because the bus route was changed without notice in route 2 bus stop,Transport and Parking,Transport Cell,High,Campus Road,Route 2 Bus Stop,0,
CMP-01792,Main Parking Area la parking space illa. Please check pannunga.,main parking area la parking space illa please check pannunga,Transport and Parking,Transport Cell,Medium,Campus Road,Main Parking Area,0,
CMP-00947,"Electronics Laboratory la classroom bench broken ah iruku, immediate ah solve pannunga.",electronics laboratory la classroom bench broken ah iruku immediate ah solve pannunga,Classroom and Laboratory,Academic Infrastructure,High,Classroom,Electronics Laboratory,0,
CMP-00731,Urgent attention is needed because an unauthorized person entered the hostel area in Library Entrance.,urgent attention is needed because an unauthorized person entered the hostel area in library entrance,Safety and Security,Security Office,High,Hostel,Library Entrance,0,
CMP-01546,Hostel Block B பகுதியில் மாணவர் தளம் திறக்கவில்லை. தயவுசெய்து சரிசெய்யவும்.,hostel block b பக த ய ல ம ணவர தளம த றக கவ ல ல தயவ ச ய த சர ச ய யவ ம,Wi-Fi and IT Services,IT Support and Network Cell,High,Hostel,Hostel Block B,0,
CMP-03636,"Campus Road la staircase railing loose ah iruku, immediate ah solve pannunga.",campus road la staircase railing loose ah iruku immediate ah solve pannunga,Safety and Security,Security Office,Critical,Hostel,Campus Road,1,CMP-01487
CMP-03839,Hostel Mess பகுதியில் உணவின் தரம் மோசமாக உள்ளது. தயவுசெய்து சரிசெய்யவும்.,hostel mess பக த ய ல உணவ ன தரம ம சம க உள ளத தயவ ச ய த சர ச ய யவ ம,Food and Canteen,Canteen Committee,Critical,Canteen,Hostel Mess,1,CMP-02630
CMP-03884,Main Canteen பகுதியில் நடைபாதை அழுக்காக உள்ளது. தயவுசெய்து சரிசெய்யவும்.,main canteen பக த ய ல நட ப த அழ க க க உள ளத தயவ ச ய த சர ச ய யவ ம,Cleanliness and Waste,Housekeeping and Sanitation,Medium,Campus Road,Main Canteen,1,CMP-01876
CMP-02355,Please check the hostel room is not cleaned at Girls Hostel Block A.,please check the hostel room is not cleaned at girls hostel block a,Hostel and Accommodation,Hostel Administration,High,Hostel,Girls Hostel Block A,0,
CMP-00134,Parking Area இல் குப்பை குவிந்துள்ளது. உடனடியாக நடவடிக்கை எடுக்கவும்.,parking area இல க ப ப க வ ந த ள ளத உடனட ய க நடவட க க எட க கவ ம,Cleanliness and Waste,Housekeeping and Sanitation,Medium,Canteen,Parking Area,0,
CMP-00418,food quality poor ah iruku at North Canteen. Kindly action edunga.,food quality poor ah iruku at north canteen kindly action edunga,Food and Canteen,Canteen Committee,Medium,Canteen,North Canteen,0,
CMP-00427,campus street light work aagala at Main Gate. Kindly action edunga.,campus street light work aagala at main gate kindly action edunga,Safety and Security,Security Office,Critical,Campus Building,Main Gate,0,
CMP-01244,I want to report that the bonafide certificate request is pending in Student Service Centre.,i want to report that the bonafide certificate request is pending in student service centre,Administration and Documents,Administrative Office,Medium,Office,Student Service Centre,0,
CMP-02022,There is a problem because the room door lock is broken at Boys Hostel Block A.,there is a problem because the room door lock is broken at boys hostel block a,Hostel and Accommodation,Hostel Administration,Medium,Hostel,Boys Hostel Block A,0,
CMP-00523,I want to report that the drinking water dispenser is not working in North Canteen.,i want to report that the drinking water dispenser is not working in north canteen,Food and Canteen,Canteen Committee,Critical,Canteen,North Canteen,0,
CMP-03132,குளிர்சாதன வசதி வேலை செய்யவில்லை பிரச்சனை Electronics Laboratory இடத்தில் உள்ளது.,க ள ர ச தன வசத வ ல ச ய யவ ல ல ப ரச சன electronics laboratory இடத த ல உள ளத,Classroom and Laboratory,Academic Infrastructure,Low,Laboratory,Electronics Laboratory,1,CMP-01133
CMP-00126,Hostel Room 312 பகுதியில் மெத்தை சேதமடைந்துள்ளது. தயவுசெய்து சரிசெய்யவும்.,hostel room 312 பக த ய ல ம த த ச தமட ந த ள ளத தயவ ச ய த சர ச ய யவ ம,Hostel and Accommodation,Hostel Administration,Critical,Hostel,Hostel Room 312,0,
CMP-01267,lab equipment work aagala at C-305. Kindly action edunga.,lab equipment work aagala at c 305 kindly action edunga,Classroom and Laboratory,Academic Infrastructure,High,Laboratory,C-305,0,
CMP-03594,Electronics Laboratory இல் ப்ரொஜெக்டர் காட்சி அளிக்கவில்லை. உடனடியாக நடவடிக்கை எடுக்கவும்.,electronics laboratory இல ப ர ஜ க டர க ட ச அள க கவ ல ல உடனட ய க நடவட க க எட க கவ ம,Classroom and Laboratory,Academic Infrastructure,High,Classroom,Electronics Laboratory,1,CMP-00947
CMP-03363,Main Parking Area இல் வளாக பேருந்து தாமதமாக வந்தது. உடனடியாக நடவடிக்கை எடுக்கவும்.,main parking area இல வள க ப ர ந த த மதம க வந தத உடனட ய க நடவட க க எட க கவ ம,Transport and Parking,Transport Cell,Medium,Campus Road,Main Parking Area,1,CMP-01792
CMP-02158,AI Laboratory பகுதியில் வைஃபை வேலை செய்யவில்லை. தயவுசெய்து சரிசெய்யவும்.,ai laboratory பக த ய ல வ ஃப வ ல ச ய யவ ல ல தயவ ச ய த சர ச ய யவ ம,Wi-Fi and IT Services,IT Support and Network Cell,Low,Hostel,AI Laboratory,0,
CMP-00723,Route 3 Bus Stop இல் வளாக பேருந்து தாமதமாக வந்தது. உடனடியாக நடவடிக்கை எடுக்கவும்.,route 3 bus stop இல வள க ப ர ந த த மதம க வந தத உடனட ய க நடவட க க எட க கவ ம,Transport and Parking,Transport Cell,Low,Parking,Route 3 Bus Stop,0,
CMP-02779,Main Parking Area la bus route notice illama change pannitanga. Please check pannunga.,main parking area la bus route notice illama change pannitanga please check pannunga,Transport and Parking,Transport Cell,Medium,Parking,Main Parking Area,0,
CMP-00205,C-204 இல் வகுப்பறை மேசை உடைந்துள்ளது. உடனடியாக நடவடிக்கை எடுக்கவும்.,c 204 இல வக ப பற ம ச உட ந த ள ளத உடனட ய க நடவட க க எட க கவ ம,Classroom and Laboratory,Academic Infrastructure,Low,Classroom,C-204,0,
CMP-00589,waste area pakkathula bad smell iruku at Girls Hostel Washroom. Kindly action edunga.,waste area pakkathula bad smell iruku at girls hostel washroom kindly action edunga,Cleanliness and Waste,Housekeeping and Sanitation,High,Canteen,Girls Hostel Washroom,0,
CMP-00952,I want to report that the drinking water dispenser is not working in Main Canteen.,i want to report that the drinking water dispenser is not working in main canteen,Food and Canteen,Canteen Committee,Low,Canteen,Main Canteen,0,
CMP-02537,Main Canteen area la washroom tap broken ah iruku.,main canteen area la washroom tap broken ah iruku,Water and Plumbing,Plumbing and Civil Maintenance,Medium,Canteen,Main Canteen,0,
CMP-01825,Route 2 Bus Stop பகுதியில் வளாக பேருந்து தாமதமாக வந்தது. தயவுசெய்து சரிசெய்யவும்.,route 2 bus stop பக த ய ல வள க ப ர ந த த மதம க வந தத தயவ ச ய த சர ச ய யவ ம,Transport and Parking,Transport Cell,Medium,Parking,Route 2 Bus Stop,0,
CMP-03039,There is a problem because the corridor is dirty at Girls Hostel Washroom.,there is a problem because the corridor is dirty at girls hostel washroom,Cleanliness and Waste,Housekeeping and Sanitation,High,Canteen,Girls Hostel Washroom,1,CMP-00589
CMP-00697,Urgent attention is needed because the air conditioner is not working in Electronics Laboratory.,urgent attention is needed because the air conditioner is not working in electronics laboratory,Classroom and Laboratory,Academic Infrastructure,High,Laboratory,Electronics Laboratory,0,
CMP-03855,Parking Area la garbage accumulate aagiruku. Please check pannunga.,parking area la garbage accumulate aagiruku please check pannunga,Cleanliness and Waste,Housekeeping and Sanitation,Medium,Canteen,Parking Area,1,CMP-00134
CMP-00305,Engineering Block la electrical panel pakkathula water leak aagudhu. Please check pannunga.,engineering block la electrical panel pakkathula water leak aagudhu please check pannunga,Safety and Security,Security Office,High,Campus Building,Engineering Block,0,
CMP-01452,There is a problem because the classroom has poor ventilation at Electronics Laboratory.,there is a problem because the classroom has poor ventilation at electronics laboratory,Classroom and Laboratory,Academic Infrastructure,High,Classroom,Electronics Laboratory,0,
CMP-02827,Girls Hostel Block B பகுதியில் அறை கதவு பூட்டு உடைந்துள்ளது. தயவுசெய்து சரிசெய்யவும்.,girls hostel block b பக த ய ல அற கதவ ப ட ட உட ந த ள ளத தயவ ச ய த சர ச ய யவ ம,Hostel and Accommodation,Hostel Administration,Medium,Hostel,Girls Hostel Block B,0,
CMP-02919,"Electronics Laboratory la classroom ventilation poor ah iruku, immediate ah solve pannunga.",electronics laboratory la classroom ventilation poor ah iruku immediate ah solve pannunga,Classroom and Laboratory,Academic Infrastructure,Medium,Laboratory,Electronics Laboratory,0,
CMP-01382,Main Gate இல் கண்ணாடி பலகம் உடைந்துள்ளது. உடனடியாக நடவடிக்கை எடுக்கவும்.,main gate இல கண ண ட பலகம உட ந த ள ளத உடனட ய க நடவட க க எட க கவ ம,Safety and Security,Security Office,High,Parking,Main Gate,0,
CMP-00641,Main Gate la glass panel broken ah iruku. Please check pannunga.,main gate la glass panel broken ah iruku please check pannunga,Safety and Security,Security Office,Critical,Hostel,Main Gate,0,
CMP-00978,Hostel Block C இல் கழிவறை குழாய் உடைந்துள்ளது. உடனடியாக நடவடிக்கை எடுக்கவும்.,hostel block c இல கழ வற க ழ ய உட ந த ள ளத உடனட ய க நடவட க க எட க கவ ம,Water and Plumbing,Plumbing and Civil Maintenance,High,Canteen,Hostel Block C,0,
CMP-03450,Urgent attention is needed because there is no water supply in Main Canteen.,urgent attention is needed because there is no water supply in main canteen,Water and Plumbing,Plumbing and Civil Maintenance,Medium,Canteen,Main Canteen,1,CMP-02537
CMP-02915,I want to report that water is leaking from the pipe in Girls Hostel Washroom.,i want to report that water is leaking from the pipe in girls hostel washroom,Water and Plumbing,Plumbing and Civil Maintenance,High,Campus Building,Girls Hostel Washroom,0,
CMP-00177,C-305 la fan work aagala. Please check pannunga.,c 305 la fan work aagala please check pannunga,Electrical and Power,Electrical Maintenance,Medium,Campus Building,C-305,0,
CMP-02808,Boys Hostel Washroom area la garbage accumulate aagiruku.,boys hostel washroom area la garbage accumulate aagiruku,Cleanliness and Waste,Housekeeping and Sanitation,Low,Canteen,Boys Hostel Washroom,0,
CMP-03331,Main Gate இல் மின்பலகையின் அருகில் தண்ணீர் கசிகிறது. உடனடியாக நடவடிக்கை எடுக்கவும்.,main gate இல ம ன பலக ய ன அர க ல தண ண ர கச க றத உடனட ய க நடவட க க எட க கவ ம,Safety and Security,Security Office,Critical,Hostel,Main Gate,1,CMP-00641
CMP-00732,I want to report that the projector is not displaying in Computer Laboratory.,i want to report that the projector is not displaying in computer laboratory,Classroom and Laboratory,Academic Infrastructure,High,Laboratory,Computer Laboratory,0,
CMP-02905,Please check there is a power outage at Computer Laboratory.,please check there is a power outage at computer laboratory,Electrical and Power,Electrical Maintenance,Medium,Campus Building,Computer Laboratory,0,
CMP-02132,Route 2 Bus Stop பகுதியில் வாகனம் வளாக நுழைவாயிலை மறைத்துள்ளது. தயவுசெய்து சரிசெய்யவும்.,route 2 bus stop பக த ய ல வ கனம வள க ந ழ வ ய ல மற த த ள ளத தயவ ச ய த சர ச ய யவ ம,Transport and Parking,Transport Cell,Low,Parking,Route 2 Bus Stop,0,
CMP-01532,North Canteen la canteen service romba slow ah iruku. Please check pannunga.,north canteen la canteen service romba slow ah iruku please check pannunga,Food and Canteen,Canteen Committee,Medium,Canteen,North Canteen,0,
CMP-02489,There is a problem because the ceiling fan is not working at Hostel Block B.,there is a problem because the ceiling fan is not working at hostel block b,Electrical and Power,Electrical Maintenance,Medium,Hostel,Hostel Block B,0,
CMP-02247,Please check the marksheet correction request is pending at Examination Cell.,please check the marksheet correction request is pending at examination cell,Administration and Documents,Administrative Office,Low,Office,Examination Cell,0,
CMP-01833,Main Canteen இல் குழாயில் தண்ணீர் கசிகிறது. உடனடியாக நடவடிக்கை எடுக்கவும்.,main canteen இல க ழ ய ல தண ண ர கச க றத உடனட ய க நடவட க க எட க கவ ம,Water and Plumbing,Plumbing and Civil Maintenance,High,Washroom,Main Canteen,0,
CMP-02330,Central Library பகுதியில் வைஃபை வேலை செய்யவில்லை. தயவுசெய்து சரிசெய்யவும்.,central library பக த ய ல வ ஃப வ ல ச ய யவ ல ல தயவ ச ய த சர ச ய யவ ம,Wi-Fi and IT Services,IT Support and Network Cell,High,Classroom,Central Library,0,
CMP-01836,There is a problem because water is leaking from the pipe at Boys Hostel Washroom.,there is a problem because water is leaking from the pipe at boys hostel washroom,Water and Plumbing,Plumbing and Civil Maintenance,Medium,Campus Building,Boys Hostel Washroom,0,
CMP-00941,Computer Laboratory இல் ஈஆர்பி உள்நுழைவு தோல்வியடைந்தது. உடனடியாக நடவடிக்கை எடுக்கவும்.,computer laboratory இல ஈஆர ப உள ந ழ வ த ல வ யட ந தத உடனட ய க நடவட க க எட க கவ ம,Wi-Fi and IT Services,IT Support and Network Cell,Low,Laboratory,Computer Laboratory,0,
CMP-00099,Library Entrance la campus street light work aagala. Please check pannunga.,library entrance la campus street light work aagala please check pannunga,Safety and Security,Security Office,High,Campus Road,Library Entrance,0,
CMP-02663,Hostel Block A இல் மாணவர் தளம் திறக்கவில்லை. உடனடியாக நடவடிக்கை எடுக்கவும்.,hostel block a இல ம ணவர தளம த றக கவ ல ல உடனட ய க நடவட க க எட க கவ ம,Wi-Fi and IT Services,IT Support and Network Cell,Medium,Library,Hostel Block A,0,
CMP-02832,Hostel Room 312 பகுதியில் மெத்தை சேதமடைந்துள்ளது. தயவுசெய்து சரிசெய்யவும்.,hostel room 312 பக த ய ல ம த த ச தமட ந த ள ளத தயவ ச ய த சர ச ய யவ ம,Hostel and Accommodation,Hostel Administration,High,Hostel,Hostel Room 312,0,
CMP-02441,I want to report that the food price is incorrect in Main Canteen.,i want to report that the food price is incorrect in main canteen,Food and Canteen,Canteen Committee,High,Canteen,Main Canteen,0,
CMP-01387,I want to report that the electrical switch is damaged in Hostel Block A.,i want to report that the electrical switch is damaged in hostel block a,Electrical and Power,Electrical Maintenance,Medium,Hostel,Hostel Block A,0,
CMP-02135,I want to report that the staircase railing is loose in Engineering Block.,i want to report that the staircase railing is loose in engineering block,Safety and Security,Security Office,High,Campus Road,Engineering Block,0,
CMP-03147,Urgent attention is needed because the staircase railing is loose in Engineering Block.,urgent attention is needed because the staircase railing is loose in engineering block,Safety and Security,Security Office,High,Campus Building,Engineering Block,1,CMP-00305
CMP-02020,water tank overflow aagudhu at Main Canteen. Kindly action edunga.,water tank overflow aagudhu at main canteen kindly action edunga,Water and Plumbing,Plumbing and Civil Maintenance,Low,Campus Building,Main Canteen,0,
CMP-01023,Urgent attention is needed because the bus is overcrowded in Route 1 Bus Stop.,urgent attention is needed because the bus is overcrowded in route 1 bus stop,Transport and Parking,Transport Cell,Low,Parking,Route 1 Bus Stop,0,
CMP-00118,Hostel Block A இல் கழிவறை குழாய் உடைந்துள்ளது. உடனடியாக நடவடிக்கை எடுக்கவும்.,hostel block a இல கழ வற க ழ ய உட ந த ள ளத உடனட ய க நடவட க க எட க கவ ம,Water and Plumbing,Plumbing and Civil Maintenance,Medium,Washroom,Hostel Block A,0,
CMP-00717,I want to report that the food quality is poor in North Canteen.,i want to report that the food quality is poor in north canteen,Food and Canteen,Canteen Committee,High,Canteen,North Canteen,0,
CMP-00655,Urgent attention is needed because the room door lock is broken in Boys Hostel Block A.,urgent attention is needed because the room door lock is broken in boys hostel block a,Hostel and Accommodation,Hostel Administration,Medium,Hostel,Boys Hostel Block A,0,
CMP-02284,Please check there is a power outage at Computer Laboratory.,please check there is a power outage at computer laboratory,Electrical and Power,Electrical Maintenance,Medium,Campus Building,Computer Laboratory,0,
CMP-01424,கழிவறை சுத்தம் செய்யப்படவில்லை பிரச்சனை Parking Area இடத்தில் உள்ளது.,கழ வற ச த தம ச ய யப படவ ல ல ப ரச சன parking area இடத த ல உள ளத,Cleanliness and Waste,Housekeeping and Sanitation,Low,Canteen,Parking Area,0,
CMP-02785,I want to report that the mattress is damaged in Girls Hostel Block A.,i want to report that the mattress is damaged in girls hostel block a,Hostel and Accommodation,Hostel Administration,High,Hostel,Girls Hostel Block A,0,
CMP-02801,College Entrance area la bus romba crowded ah iruku.,college entrance area la bus romba crowded ah iruku,Transport and Parking,Transport Cell,Medium,Campus Road,College Entrance,0,
CMP-01258,I want to report that the corridor is dirty in Girls Hostel Washroom.,i want to report that the corridor is dirty in girls hostel washroom,Cleanliness and Waste,Housekeeping and Sanitation,High,Campus Road,Girls Hostel Washroom,0,
CMP-00698,Please check the room door lock is broken at Boys Hostel Block A.,please check the room door lock is broken at boys hostel block a,Hostel and Accommodation,Hostel Administration,High,Hostel,Boys Hostel Block A,0,
CMP-01538,Computer Laboratory la fan work aagala. Please check pannunga.,computer laboratory la fan work aagala please check pannunga,Electrical and Power,Electrical Maintenance,Medium,Hostel,Computer Laboratory,0,
CMP-01290,Urgent attention is needed because the cupboard lock is not working in Girls Hostel Block B.,urgent attention is needed because the cupboard lock is not working in girls hostel block b,Hostel and Accommodation,Hostel Administration,Low,Hostel,Girls Hostel Block B,0,
CMP-03454,Urgent attention is needed because an unauthorized person entered the hostel area in Library Entrance.,urgent attention is needed because an unauthorized person entered the hostel area in library entrance,Safety and Security,Security Office,High,Campus Road,Library Entrance,1,CMP-00099
CMP-03880,Hostel Block B la corridor light eriyala. Please check pannunga.,hostel block b la corridor light eriyala please check pannunga,Electrical and Power,Electrical Maintenance,Medium,Hostel,Hostel Block B,1,CMP-02489
CMP-00914,There is a problem because an unauthorized person entered the hostel area at Library Entrance.,there is a problem because an unauthorized person entered the hostel area at library entrance,Safety and Security,Security Office,High,Hostel,Library Entrance,0,
CMP-02985,Boys Hostel Block A area la cupboard lock work aagala.,boys hostel block a area la cupboard lock work aagala,Hostel and Accommodation,Hostel Administration,High,Hostel,Boys Hostel Block A,0,
CMP-01286,Engineering Block la unauthorized person hostel area la vandhirukanga. Please check pannunga.,engineering block la unauthorized person hostel area la vandhirukanga please check pannunga,Safety and Security,Security Office,High,Campus Road,Engineering Block,0,
CMP-03090,மின்விசிறி வேலை செய்யவில்லை பிரச்சனை Hostel Block A இடத்தில் உள்ளது.,ம ன வ ச ற வ ல ச ய யவ ல ல ப ரச சன hostel block a இடத த ல உள ளத,Electrical and Power,Electrical Maintenance,Medium,Hostel,Hostel Block A,1,CMP-01387
CMP-02522,தண்ணீர் வழங்கல் இல்லை பிரச்சனை Hostel Block A இடத்தில் உள்ளது.,தண ண ர வழங கல இல ல ப ரச சன hostel block a இடத த ல உள ளத,Water and Plumbing,Plumbing and Civil Maintenance,Critical,Washroom,Hostel Block A,0,
CMP-02198,Academic Office பகுதியில் பொனஃபைடு சான்றிதழ் கோரிக்கை நிலுவையில் உள்ளது. தயவுசெய்து சரிசெய்யவும்.,academic office பக த ய ல ப னஃப ட ச ன ற தழ க ர க க ந ல வ ய ல உள ளத தயவ ச ய த சர ச ய யவ ம,Administration and Documents,Administrative Office,Medium,Office,Academic Office,0,
CMP-02618,Route 3 Bus Stop இல் அறிவிப்பின்றி பேருந்து பாதை மாற்றப்பட்டது. உடனடியாக நடவடிக்கை எடுக்கவும்.,route 3 bus stop இல அற வ ப ப ன ற ப ர ந த ப த ம ற றப பட டத உடனட ய க நடவட க க எட க கவ ம,Transport and Parking,Transport Cell,Low,Parking,Route 3 Bus Stop,0,
CMP-00320,Please check the classroom bench is broken at C-305.,please check the classroom bench is broken at c 305,Classroom and Laboratory,Academic Infrastructure,High,Laboratory,C-305,0,
CMP-01592,C-204 இல் வகுப்பறை மேசை உடைந்துள்ளது. உடனடியாக நடவடிக்கை எடுக்கவும்.,c 204 இல வக ப பற ம ச உட ந த ள ளத உடனட ய க நடவட க க எட க கவ ம,Classroom and Laboratory,Academic Infrastructure,Low,Laboratory,C-204,0,
CMP-01519,Girls Hostel Washroom இல் கழிவறை சுத்தம் செய்யப்படவில்லை. உடனடியாக நடவடிக்கை எடுக்கவும்.,girls hostel washroom இல கழ வற ச த தம ச ய யப படவ ல ல உடனட ய க நடவட க க எட க கவ ம,Cleanliness and Waste,Housekeeping and Sanitation,Low,Hostel,Girls Hostel Washroom,0,
CMP-02855,Engineering Block area la corridor light eriyala.,engineering block area la corridor light eriyala,Electrical and Power,Electrical Maintenance,Medium,Hostel,Engineering Block,0,
CMP-01633,I want to report that the student portal is not loading in Central Library Reading Hall.,i want to report that the student portal is not loading in central library reading hall,Wi-Fi and IT Services,IT Support and Network Cell,Medium,Laboratory,Central Library Reading Hall,0,
CMP-01075,Urgent attention is needed because the dustbin is overflowing in Main Canteen.,urgent attention is needed because the dustbin is overflowing in main canteen,Cleanliness and Waste,Housekeeping and Sanitation,Medium,Campus Road,Main Canteen,0,
CMP-01474,I want to report that the electrical switch is damaged in C-305.,i want to report that the electrical switch is damaged in c 305,Electrical and Power,Electrical Maintenance,Medium,Classroom,C-305,0,
CMP-02229,Please check the corridor light is not working at C-305.,please check the corridor light is not working at c 305,Electrical and Power,Electrical Maintenance,Medium,Classroom,C-305,0,
CMP-03322,Urgent attention is needed because the hostel room is not cleaned in Boys Hostel Block A.,urgent attention is needed because the hostel room is not cleaned in boys hostel block a,Hostel and Accommodation,Hostel Administration,High,Hostel,Boys Hostel Block A,1,CMP-02985
CMP-02329,classroom bench broken ah iruku at Electronics Laboratory. Kindly action edunga.,classroom bench broken ah iruku at electronics laboratory kindly action edunga,Classroom and Laboratory,Academic Infrastructure,High,Laboratory,Electronics Laboratory,0,
CMP-02814,I want to report that the laboratory computer cannot access the network in Hostel Block B.,i want to report that the laboratory computer cannot access the network in hostel block b,Wi-Fi and IT Services,IT Support and Network Cell,Medium,Library,Hostel Block B,0,
CMP-02311,Urgent attention is needed because garbage has accumulated in Main Canteen.,urgent attention is needed because garbage has accumulated in main canteen,Cleanliness and Waste,Housekeeping and Sanitation,Low,Hostel,Main Canteen,0,
CMP-01743,I want to report that the marksheet correction request is pending in Student Service Centre.,i want to report that the marksheet correction request is pending in student service centre,Administration and Documents,Administrative Office,Medium,Office,Student Service Centre,0,
CMP-02945,Please check there is no water supply at Hostel Block A.,please check there is no water supply at hostel block a,Water and Plumbing,Plumbing and Civil Maintenance,Critical,Campus Building,Hostel Block A,0,
CMP-02927,Main Canteen இல் உணவின் தரம் மோசமாக உள்ளது. உடனடியாக நடவடிக்கை எடுக்கவும்.,main canteen இல உணவ ன தரம ம சம க உள ளத உடனட ய க நடவட க க எட க கவ ம,Food and Canteen,Canteen Committee,High,Canteen,Main Canteen,0,
CMP-00997,classroom bench broken ah iruku at AI Laboratory. Kindly action edunga.,classroom bench broken ah iruku at ai laboratory kindly action edunga,Classroom and Laboratory,Academic Infrastructure,Medium,Laboratory,AI Laboratory,0,
CMP-03143,Boys Hostel Block A பகுதியில் மெத்தை சேதமடைந்துள்ளது. தயவுசெய்து சரிசெய்யவும்.,boys hostel block a பக த ய ல ம த த ச தமட ந த ள ளத தயவ ச ய த சர ச ய யவ ம,Hostel and Accommodation,Hostel Administration,High,Hostel,Boys Hostel Block A,1,CMP-00698
CMP-03325,Engineering Block பகுதியில் படிக்கட்டு கைப்பிடி தளர்வாக உள்ளது. தயவுசெய்து சரிசெய்யவும்.,engineering block பக த ய ல பட க கட ட க ப ப ட தளர வ க உள ளத தயவ ச ய த சர ச ய யவ ம,Safety and Security,Security Office,High,Campus Road,Engineering Block,1,CMP-01286
CMP-03410,Student Service Centre area la scholarship status update aagala.,student service centre area la scholarship status update aagala,Administration and Documents,Administrative Office,Medium,Office,Student Service Centre,1,CMP-01743
CMP-01157,வைஃபை வேலை செய்யவில்லை பிரச்சனை Central Library Reading Hall இடத்தில் உள்ளது.,வ ஃப வ ல ச ய யவ ல ல ப ரச சன central library reading hall இடத த ல உள ளத,Wi-Fi and IT Services,IT Support and Network Cell,Low,Classroom,Central Library Reading Hall,0,
CMP-02055,Main Canteen area la food hygiene illa.,main canteen area la food hygiene illa,Food and Canteen,Canteen Committee,Medium,Canteen,Main Canteen,0,
CMP-00805,Urgent attention is needed because the drinking water dispenser is not working in Main Canteen.,urgent attention is needed because the drinking water dispenser is not working in main canteen,Food and Canteen,Canteen Committee,High,Canteen,Main Canteen,0,
CMP-01451,"Engineering Block la tube light flicker aagudhu, immediate ah solve pannunga.",engineering block la tube light flicker aagudhu immediate ah solve pannunga,Electrical and Power,Electrical Maintenance,Medium,Campus Building,Engineering Block,0,
CMP-00183,bus romba crowded ah iruku at Route 1 Bus Stop. Kindly action edunga.,bus romba crowded ah iruku at route 1 bus stop kindly action edunga,Transport and Parking,Transport Cell,Low,Parking,Route 1 Bus Stop,0,
CMP-00970,Please check the fee payment is not updated in the portal at Accounts Office.,please check the fee payment is not updated in the portal at accounts office,Administration and Documents,Administrative Office,Medium,Office,Accounts Office,0,
CMP-02499,Electronics Laboratory பகுதியில் ஆய்வக உபகரணம் வேலை செய்யவில்லை. தயவுசெய்து சரிசெய்யவும்.,electronics laboratory பக த ய ல ஆய வக உபகரணம வ ல ச ய யவ ல ல தயவ ச ய த சர ச ய யவ ம,Classroom and Laboratory,Academic Infrastructure,Low,Laboratory,Electronics Laboratory,0,
CMP-03824,"Main Canteen la food hygiene illa, immediate ah solve pannunga.",main canteen la food hygiene illa immediate ah solve pannunga,Food and Canteen,Canteen Committee,High,Canteen,Main Canteen,1,CMP-02927
CMP-02410,I want to report that the student portal is not loading in Central Library Reading Hall.,i want to report that the student portal is not loading in central library reading hall,Wi-Fi and IT Services,IT Support and Network Cell,Medium,Library,Central Library Reading Hall,0,
CMP-03113,"Central Library Reading Hall la wifi work aagala, immediate ah solve pannunga.",central library reading hall la wifi work aagala immediate ah solve pannunga,Wi-Fi and IT Services,IT Support and Network Cell,Medium,Library,Central Library Reading Hall,1,CMP-02410
CMP-03124,Urgent attention is needed because the projector is not displaying in C-204.,urgent attention is needed because the projector is not displaying in c 204,Classroom and Laboratory,Academic Infrastructure,Low,Laboratory,C-204,1,CMP-01592
CMP-03810,Central Library Reading Hall la lab computer network connect aagala. Please check pannunga.,central library reading hall la lab computer network connect aagala please check pannunga,Wi-Fi and IT Services,IT Support and Network Cell,Low,Classroom,Central Library Reading Hall,1,CMP-01157
CMP-00892,Library Entrance area la electrical panel pakkathula water leak aagudhu.,library entrance area la electrical panel pakkathula water leak aagudhu,Safety and Security,Security Office,Medium,Campus Road,Library Entrance,0,
CMP-02148,Urgent attention is needed because the campus bus arrived late in Main Parking Area.,urgent attention is needed because the campus bus arrived late in main parking area,Transport and Parking,Transport Cell,High,Campus Road,Main Parking Area,0,
CMP-01775,Scholarship Office இல் உதவித்தொகை நிலை புதுப்பிக்கப்படவில்லை. உடனடியாக நடவடிக்கை எடுக்கவும்.,scholarship office இல உதவ த த க ந ல ப த ப ப க கப படவ ல ல உடனட ய க நடவட க க எட க கவ ம,Administration and Documents,Administrative Office,Medium,Office,Scholarship Office,0,
CMP-00376,C-101 இல் ப்ரொஜெக்டர் காட்சி அளிக்கவில்லை. உடனடியாக நடவடிக்கை எடுக்கவும்.,c 101 இல ப ர ஜ க டர க ட ச அள க கவ ல ல உடனட ய க நடவட க க எட க கவ ம,Classroom and Laboratory,Academic Infrastructure,Low,Classroom,C-101,0,
CMP-02714,Girls Hostel Washroom la corridor dirty ah iruku. Please check pannunga.,girls hostel washroom la corridor dirty ah iruku please check pannunga,Cleanliness and Waste,Housekeeping and Sanitation,High,Canteen,Girls Hostel Washroom,0,
CMP-01409,I want to report that the room has a damaged window in Hostel Room 312.,i want to report that the room has a damaged window in hostel room 312,Hostel and Accommodation,Hostel Administration,Medium,Hostel,Hostel Room 312,0,
CMP-02914,There is a problem because the laboratory computer cannot access the network at Hostel Block A.,there is a problem because the laboratory computer cannot access the network at hostel block a,Wi-Fi and IT Services,IT Support and Network Cell,High,Library,Hostel Block A,0,
CMP-02409,Urgent attention is needed because the marksheet correction request is pending in Academic Office.,urgent attention is needed because the marksheet correction request is pending in academic office,Administration and Documents,Administrative Office,Medium,Office,Academic Office,0,
CMP-03777,Route 1 Bus Stop இல் வளாக பேருந்து தாமதமாக வந்தது. உடனடியாக நடவடிக்கை எடுக்கவும்.,route 1 bus stop இல வள க ப ர ந த த மதம க வந தத உடனட ய க நடவட க க எட க கவ ம,Transport and Parking,Transport Cell,Low,Parking,Route 1 Bus Stop,1,CMP-00183
CMP-03079,Hostel Block A பகுதியில் தண்ணீர் வழங்கல் இல்லை. தயவுசெய்து சரிசெய்யவும்.,hostel block a பக த ய ல தண ண ர வழங கல இல ல தயவ ச ய த சர ச ய யவ ம,Water and Plumbing,Plumbing and Civil Maintenance,Critical,Campus Building,Hostel Block A,1,CMP-02945
CMP-00235,lab computer network connect aagala at AI Laboratory. Kindly action edunga.,lab computer network connect aagala at ai laboratory kindly action edunga,Wi-Fi and IT Services,IT Support and Network Cell,High,Hostel,AI Laboratory,0,
CMP-01809,Please check the projector is not displaying at Electronics Laboratory.,please check the projector is not displaying at electronics laboratory,Classroom and Laboratory,Academic Infrastructure,Medium,Laboratory,Electronics Laboratory,0,
CMP-03562,C-305 area la tube light flicker aagudhu.,c 305 area la tube light flicker aagudhu,Electrical and Power,Electrical Maintenance,Medium,Classroom,C-305,1,CMP-01474
CMP-01919,நடைபாதை அழுக்காக உள்ளது பிரச்சனை Main Canteen இடத்தில் உள்ளது.,நட ப த அழ க க க உள ளத ப ரச சன main canteen இடத த ல உள ளத,Cleanliness and Waste,Housekeeping and Sanitation,Low,Washroom,Main Canteen,0,
CMP-00365,Boys Hostel Washroom பகுதியில் குப்பை இடத்தின் அருகில் துர்நாற்றம் உள்ளது. தயவுசெய்து சரிசெய்யவும்.,boys hostel washroom பக த ய ல க ப ப இடத த ன அர க ல த ர ந ற றம உள ளத தயவ ச ய த சர ச ய யவ ம,Cleanliness and Waste,Housekeeping and Sanitation,High,Washroom,Boys Hostel Washroom,0,
CMP-00956,I want to report that the fee payment is not updated in the portal in Examination Cell.,i want to report that the fee payment is not updated in the portal in examination cell,Administration and Documents,Administrative Office,Medium,Office,Examination Cell,0,
CMP-02047,"C-305 la tube light flicker aagudhu, immediate ah solve pannunga.",c 305 la tube light flicker aagudhu immediate ah solve pannunga,Electrical and Power,Electrical Maintenance,Medium,Hostel,C-305,0,
CMP-03231,waste area pakkathula bad smell iruku at Main Canteen. Kindly action edunga.,waste area pakkathula bad smell iruku at main canteen kindly action edunga,Cleanliness and Waste,Housekeeping and Sanitation,Medium,Campus Road,Main Canteen,1,CMP-01075
CMP-03318,Accounts Office la ID card request delay aagudhu. Please check pannunga.,accounts office la id card request delay aagudhu please check pannunga,Administration and Documents,Administrative Office,Medium,Office,Accounts Office,1,CMP-00970
CMP-00725,drinking water dispenser work aagala at North Canteen. Kindly action edunga.,drinking water dispenser work aagala at north canteen kindly action edunga,Food and Canteen,Canteen Committee,Low,Canteen,North Canteen,0,
CMP-00492,Academic Block Corridor இல் நடைபாதை அழுக்காக உள்ளது. உடனடியாக நடவடிக்கை எடுக்கவும்.,academic block corridor இல நட ப த அழ க க க உள ளத உடனட ய க நடவட க க எட க கவ ம,Cleanliness and Waste,Housekeeping and Sanitation,High,Canteen,Academic Block Corridor,0,
CMP-02363,Examination Cell la bonafide certificate request pending la iruku. Please check pannunga.,examination cell la bonafide certificate request pending la iruku please check pannunga,Administration and Documents,Administrative Office,Low,Office,Examination Cell,0,
CMP-00838,Please check the food appears unhygienic at Main Canteen.,please check the food appears unhygienic at main canteen,Food and Canteen,Canteen Committee,High,Canteen,Main Canteen,0,
CMP-00209,அறை சுத்தம் செய்யப்படவில்லை பிரச்சனை Girls Hostel Block A இடத்தில் உள்ளது.,அற ச த தம ச ய யப படவ ல ல ப ரச சன girls hostel block a இடத த ல உள ளத,Hostel and Accommodation,Hostel Administration,Low,Hostel,Girls Hostel Block A,0,
CMP-03389,"Electronics Laboratory la classroom ventilation poor ah iruku, immediate ah solve pannunga.",electronics laboratory la classroom ventilation poor ah iruku immediate ah solve pannunga,Classroom and Laboratory,Academic Infrastructure,Medium,Laboratory,Electronics Laboratory,1,CMP-01809
CMP-01216,Computer Laboratory பகுதியில் மின்சாரம் இல்லை. தயவுசெய்து சரிசெய்யவும்.,computer laboratory பக த ய ல ம ன ச ரம இல ல தயவ ச ய த சர ச ய யவ ம,Electrical and Power,Electrical Maintenance,High,Hostel,Computer Laboratory,0,
CMP-02466,Girls Hostel Washroom இல் கழிவறை சுத்தம் செய்யப்படவில்லை. உடனடியாக நடவடிக்கை எடுக்கவும்.,girls hostel washroom இல கழ வற ச த தம ச ய யப படவ ல ல உடனட ய க நடவட க க எட க கவ ம,Cleanliness and Waste,Housekeeping and Sanitation,High,Campus Road,Girls Hostel Washroom,0,
CMP-01275,Girls Hostel Block A இல் மெத்தை சேதமடைந்துள்ளது. உடனடியாக நடவடிக்கை எடுக்கவும்.,girls hostel block a இல ம த த ச தமட ந த ள ளத உடனட ய க நடவட க க எட க கவ ம,Hostel and Accommodation,Hostel Administration,Medium,Hostel,Girls Hostel Block A,0,
CMP-03528,Main Canteen பகுதியில் கழிவறை சுத்தம் செய்யப்படவில்லை. தயவுசெய்து சரிசெய்யவும்.,main canteen பக த ய ல கழ வற ச த தம ச ய யப படவ ல ல தயவ ச ய த சர ச ய யவ ம,Cleanliness and Waste,Housekeeping and Sanitation,Low,Hostel,Main Canteen,1,CMP-02311
CMP-00489,Urgent attention is needed because the student portal is not loading in Central Library.,urgent attention is needed because the student portal is not loading in central library,Wi-Fi and IT Services,IT Support and Network Cell,Medium,Classroom,Central Library,0,
CMP-00279,C-101 area la projector display varala.,c 101 area la projector display varala,Classroom and Laboratory,Academic Infrastructure,High,Classroom,C-101,0,
CMP-03334,Academic Block Corridor la corridor dirty ah iruku. Please check pannunga.,academic block corridor la corridor dirty ah iruku please check pannunga,Cleanliness and Waste,Housekeeping and Sanitation,High,Canteen,Academic Block Corridor,1,CMP-00492
CMP-03312,There is a problem because the projector is not displaying at Electronics Laboratory.,there is a problem because the projector is not displaying at electronics laboratory,Classroom and Laboratory,Academic Infrastructure,Low,Laboratory,Electronics Laboratory,1,CMP-02499
CMP-03629,மின்பலகையின் அருகில் தண்ணீர் கசிகிறது பிரச்சனை Library Entrance இடத்தில் உள்ளது.,ம ன பலக ய ன அர க ல தண ண ர கச க றத ப ரச சன library entrance இடத த ல உள ளத,Safety and Security,Security Office,Medium,Campus Road,Library Entrance,1,CMP-00892
CMP-03110,I want to report that the electrical switch is damaged in C-305.,i want to report that the electrical switch is damaged in c 305,Electrical and Power,Electrical Maintenance,Medium,Hostel,C-305,1,CMP-02047
CMP-03287,மாணவர் தளம் திறக்கவில்லை பிரச்சனை Hostel Block A இடத்தில் உள்ளது.,ம ணவர தளம த றக கவ ல ல ப ரச சன hostel block a இடத த ல உள ளத,Wi-Fi and IT Services,IT Support and Network Cell,High,Library,Hostel Block A,1,CMP-02914
CMP-01717,Urgent attention is needed because garbage has accumulated in Boys Hostel Washroom.,urgent attention is needed because garbage has accumulated in boys hostel washroom,Cleanliness and Waste,Housekeeping and Sanitation,Medium,Hostel,Boys Hostel Washroom,0,
CMP-02534,There is a problem because the ERP login is failing at Central Library.,there is a problem because the erp login is failing at central library,Wi-Fi and IT Services,IT Support and Network Cell,Medium,Hostel,Central Library,0,
CMP-00513,Please check the laboratory computer cannot access the network at Central Library Reading Hall.,please check the laboratory computer cannot access the network at central library reading hall,Wi-Fi and IT Services,IT Support and Network Cell,High,Laboratory,Central Library Reading Hall,0,
CMP-03647,Urgent attention is needed because the ceiling fan is not working in Computer Laboratory.,urgent attention is needed because the ceiling fan is not working in computer laboratory,Electrical and Power,Electrical Maintenance,High,Hostel,Computer Laboratory,1,CMP-01216
CMP-02351,There is a problem because a vehicle is blocking the campus entrance at Route 3 Bus Stop.,there is a problem because a vehicle is blocking the campus entrance at route 3 bus stop,Transport and Parking,Transport Cell,High,Campus Road,Route 3 Bus Stop,0,
CMP-03355,கட்டண செலுத்துதல் தளத்தில் புதுப்பிக்கப்படவில்லை பிரச்சனை Academic Office இடத்தில் உள்ளது.,கட டண ச ல த த தல தளத த ல ப த ப ப க கப படவ ல ல ப ரச சன academic office இடத த ல உள ளத,Administration and Documents,Administrative Office,Medium,Office,Academic Office,1,CMP-02409
CMP-00920,Urgent attention is needed because the drinking water dispenser is not working in North Canteen.,urgent attention is needed because the drinking water dispenser is not working in north canteen,Food and Canteen,Canteen Committee,Low,Canteen,North Canteen,0,
CMP-02352,Parking Area இல் நடைபாதை அழுக்காக உள்ளது. உடனடியாக நடவடிக்கை எடுக்கவும்.,parking area இல நட ப த அழ க க க உள ளத உடனட ய க நடவட க க எட க கவ ம,Cleanliness and Waste,Housekeeping and Sanitation,Medium,Canteen,Parking Area,0,
CMP-00781,Urgent attention is needed because the mattress is damaged in Boys Hostel Block A.,urgent attention is needed because the mattress is damaged in boys hostel block a,Hostel and Accommodation,Hostel Administration,Medium,Hostel,Boys Hostel Block A,0,
CMP-01744,படிக்கட்டு கைப்பிடி தளர்வாக உள்ளது பிரச்சனை Campus Road இடத்தில் உள்ளது.,பட க கட ட க ப ப ட தளர வ க உள ளத ப ரச சன campus road இடத த ல உள ளத,Safety and Security,Security Office,Critical,Campus Building,Campus Road,0,
CMP-01432,குப்பை இடத்தின் அருகில் துர்நாற்றம் உள்ளது பிரச்சனை Boys Hostel Washroom இடத்தில் உள்ளது.,க ப ப இடத த ன அர க ல த ர ந ற றம உள ளத ப ரச சன boys hostel washroom இடத த ல உள ளத,Cleanliness and Waste,Housekeeping and Sanitation,High,Hostel,Boys Hostel Washroom,0,
CMP-02053,பொனஃபைடு சான்றிதழ் கோரிக்கை நிலுவையில் உள்ளது பிரச்சனை Scholarship Office இடத்தில் உள்ளது.,ப னஃப ட ச ன ற தழ க ர க க ந ல வ ய ல உள ளத ப ரச சன scholarship office இடத த ல உள ளத,Administration and Documents,Administrative Office,Medium,Office,Scholarship Office,0,
CMP-02737,Parking Area area la campus street light work aagala.,parking area area la campus street light work aagala,Safety and Security,Security Office,High,Parking,Parking Area,0,
CMP-01457,Main Canteen la food hygiene illa. Please check pannunga.,main canteen la food hygiene illa please check pannunga,Food and Canteen,Canteen Committee,Low,Canteen,Main Canteen,0,
CMP-01668,"Hostel Block A la wifi work aagala, immediate ah solve pannunga.",hostel block a la wifi work aagala immediate ah solve pannunga,Wi-Fi and IT Services,IT Support and Network Cell,Medium,Hostel,Hostel Block A,0,
CMP-03395,Urgent attention is needed because the food price is incorrect in Main Canteen.,urgent attention is needed because the food price is incorrect in main canteen,Food and Canteen,Canteen Committee,Low,Canteen,Main Canteen,1,CMP-01457
CMP-03683,Scholarship Office la bonafide certificate request pending la iruku. Please check pannunga.,scholarship office la bonafide certificate request pending la iruku please check pannunga,Administration and Documents,Administrative Office,Medium,Office,Scholarship Office,1,CMP-02053
CMP-03675,"Girls Hostel Block A la cupboard lock work aagala, immediate ah solve pannunga.",girls hostel block a la cupboard lock work aagala immediate ah solve pannunga,Hostel and Accommodation,Hostel Administration,Low,Hostel,Girls Hostel Block A,1,CMP-00209
CMP-03133,Please check the corridor is dirty at Parking Area.,please check the corridor is dirty at parking area,Cleanliness and Waste,Housekeeping and Sanitation,Medium,Canteen,Parking Area,1,CMP-02352
CMP-01912,Please check the hostel room is not cleaned at Hostel Room 214.,please check the hostel room is not cleaned at hostel room 214,Hostel and Accommodation,Hostel Administration,High,Hostel,Hostel Room 214,0,
CMP-02184,Electronics Laboratory பகுதியில் ஆய்வக உபகரணம் வேலை செய்யவில்லை. தயவுசெய்து சரிசெய்யவும்.,electronics laboratory பக த ய ல ஆய வக உபகரணம வ ல ச ய யவ ல ல தயவ ச ய த சர ச ய யவ ம,Classroom and Laboratory,Academic Infrastructure,Medium,Classroom,Electronics Laboratory,0,
CMP-02440,குளிர்சாதன வசதி வேலை செய்யவில்லை பிரச்சனை Computer Laboratory இடத்தில் உள்ளது.,க ள ர ச தன வசத வ ல ச ய யவ ல ல ப ரச சன computer laboratory இடத த ல உள ளத,Classroom and Laboratory,Academic Infrastructure,Low,Classroom,Computer Laboratory,0,
CMP-03024,Parking Area இல் மின்பலகையின் அருகில் தண்ணீர் கசிகிறது. உடனடியாக நடவடிக்கை எடுக்கவும்.,parking area இல ம ன பலக ய ன அர க ல தண ண ர கச க றத உடனட ய க நடவட க க எட க கவ ம,Safety and Security,Security Office,High,Parking,Parking Area,1,CMP-02737
CMP-00111,Please check the canteen service is very slow at North Canteen.,please check the canteen service is very slow at north canteen,Food and Canteen,Canteen Committee,Medium,Canteen,North Canteen,0,
CMP-00965,Please check the air conditioner is not working at C-204.,please check the air conditioner is not working at c 204,Classroom and Laboratory,Academic Infrastructure,Medium,Laboratory,C-204,0,
CMP-03444,Central Library la lab computer network connect aagala. Please check pannunga.,central library la lab computer network connect aagala please check pannunga,Wi-Fi and IT Services,IT Support and Network Cell,Medium,Hostel,Central Library,1,CMP-02534
CMP-03546,There is a problem because the classroom bench is broken at Electronics Laboratory.,there is a problem because the classroom bench is broken at electronics laboratory,Classroom and Laboratory,Academic Infrastructure,Medium,Classroom,Electronics Laboratory,1,CMP-02184
CMP-00165,Hostel Block B இல் கண்ணாடி பலகம் உடைந்துள்ளது. உடனடியாக நடவடிக்கை எடுக்கவும்.,hostel block b இல கண ண ட பலகம உட ந த ள ளத உடனட ய க நடவட க க எட க கவ ம,Safety and Security,Security Office,Medium,Parking,Hostel Block B,0,
CMP-01405,Route 1 Bus Stop area la bus romba crowded ah iruku.,route 1 bus stop area la bus romba crowded ah iruku,Transport and Parking,Transport Cell,Medium,Campus Road,Route 1 Bus Stop,0,
CMP-00374,Campus Road இல் கண்ணாடி பலகம் உடைந்துள்ளது. உடனடியாக நடவடிக்கை எடுக்கவும்.,campus road இல கண ண ட பலகம உட ந த ள ளத உடனட ய க நடவட க க எட க கவ ம,Safety and Security,Security Office,High,Campus Building,Campus Road,0,
CMP-03479,North Canteen பகுதியில் உணவின் தரம் மோசமாக உள்ளது. தயவுசெய்து சரிசெய்யவும்.,north canteen பக த ய ல உணவ ன தரம ம சம க உள ளத தயவ ச ய த சர ச ய யவ ம,Food and Canteen,Canteen Committee,Low,Canteen,North Canteen,1,CMP-00920
CMP-01855,Hostel Block B area la water tank overflow aagudhu.,hostel block b area la water tank overflow aagudhu,Water and Plumbing,Plumbing and Civil Maintenance,Critical,Hostel,Hostel Block B,0,
CMP-01311,Urgent attention is needed because an unauthorized person entered the hostel area in Engineering Block.,urgent attention is needed because an unauthorized person entered the hostel area in engineering block,Safety and Security,Security Office,High,Campus Road,Engineering Block,0,
CMP-03645,Please check the washroom has not been cleaned at Boys Hostel Washroom.,please check the washroom has not been cleaned at boys hostel washroom,Cleanliness and Waste,Housekeeping and Sanitation,High,Hostel,Boys Hostel Washroom,1,CMP-01432
CMP-03519,"Campus Road la campus street light work aagala, immediate ah solve pannunga.",campus road la campus street light work aagala immediate ah solve pannunga,Safety and Security,Security Office,Critical,Campus Building,Campus Road,1,CMP-01744
CMP-01858,I want to report that the food price is incorrect in North Canteen.,i want to report that the food price is incorrect in north canteen,Food and Canteen,Canteen Committee,Medium,Canteen,North Canteen,0,
CMP-02469,I want to report that there is no parking space available in Main Parking Area.,i want to report that there is no parking space available in main parking area,Transport and Parking,Transport Cell,Medium,Parking,Main Parking Area,0,
CMP-03219,Please check the air conditioner is not working at Computer Laboratory.,please check the air conditioner is not working at computer laboratory,Classroom and Laboratory,Academic Infrastructure,Low,Classroom,Computer Laboratory,1,CMP-02440
CMP-00387,Academic Block Corridor இல் கழிவறை சுத்தம் செய்யப்படவில்லை. உடனடியாக நடவடிக்கை எடுக்கவும்.,academic block corridor இல கழ வற ச த தம ச ய யப படவ ல ல உடனட ய க நடவட க க எட க கவ ம,Cleanliness and Waste,Housekeeping and Sanitation,Medium,Canteen,Academic Block Corridor,0,
CMP-03037,C-204 இல் வகுப்பறை மேசை உடைந்துள்ளது. உடனடியாக நடவடிக்கை எடுக்கவும்.,c 204 இல வக ப பற ம ச உட ந த ள ளத உடனட ய க நடவட க க எட க கவ ம,Classroom and Laboratory,Academic Infrastructure,Medium,Laboratory,C-204,1,CMP-00965
CMP-01626,Hostel Block B இல் மின்விசிறி வேலை செய்யவில்லை. உடனடியாக நடவடிக்கை எடுக்கவும்.,hostel block b இல ம ன வ ச ற வ ல ச ய யவ ல ல உடனட ய க நடவட க க எட க கவ ம,Electrical and Power,Electrical Maintenance,Medium,Campus Building,Hostel Block B,0,
CMP-01724,Route 1 Bus Stop la bus route notice illama change pannitanga. Please check pannunga.,route 1 bus stop la bus route notice illama change pannitanga please check pannunga,Transport and Parking,Transport Cell,Medium,Parking,Route 1 Bus Stop,0,
CMP-00065,வளாக தெருவிளக்கு வேலை செய்யவில்லை பிரச்சனை Hostel Block B இடத்தில் உள்ளது.,வள க த ர வ ளக க வ ல ச ய யவ ல ல ப ரச சன hostel block b இடத த ல உள ளத,Safety and Security,Security Office,High,Campus Building,Hostel Block B,0,
CMP-00724,கேன்டீன் சேவை மிகவும் மெதுவாக உள்ளது பிரச்சனை North Canteen இடத்தில் உள்ளது.,க ன ட ன ச வ ம கவ ம ம த வ க உள ளத ப ரச சன north canteen இடத த ல உள ளத,Food and Canteen,Canteen Committee,Critical,Canteen,North Canteen,0,
CMP-02717,Hostel Block C la water tank overflow aagudhu. Please check pannunga.,hostel block c la water tank overflow aagudhu please check pannunga,Water and Plumbing,Plumbing and Civil Maintenance,Critical,Washroom,Hostel Block C,0,
CMP-02338,படிக்கட்டு கைப்பிடி தளர்வாக உள்ளது பிரச்சனை Library Entrance இடத்தில் உள்ளது.,பட க கட ட க ப ப ட தளர வ க உள ளத ப ரச சன library entrance இடத த ல உள ளத,Safety and Security,Security Office,High,Parking,Library Entrance,0,
CMP-01644,Please check the campus bus arrived late at College Entrance.,please check the campus bus arrived late at college entrance,Transport and Parking,Transport Cell,Low,Campus Road,College Entrance,0,
CMP-01525,நிறுத்துமிடம் கிடைக்கவில்லை பிரச்சனை Route 3 Bus Stop இடத்தில் உள்ளது.,ந ற த த ம டம க ட க கவ ல ல ப ரச சன route 3 bus stop இடத த ல உள ளத,Transport and Parking,Transport Cell,Medium,Parking,Route 3 Bus Stop,0,
CMP-03453,North Canteen area la canteen service romba slow ah iruku.,north canteen area la canteen service romba slow ah iruku,Food and Canteen,Canteen Committee,Medium,Canteen,North Canteen,1,CMP-01858
CMP-02077,Engineering Block இல் கண்ணாடி பலகம் உடைந்துள்ளது. உடனடியாக நடவடிக்கை எடுக்கவும்.,engineering block இல கண ண ட பலகம உட ந த ள ளத உடனட ய க நடவட க க எட க கவ ம,Safety and Security,Security Office,Medium,Campus Building,Engineering Block,0,
CMP-02492,Urgent attention is needed because the corridor light is not working in C-305.,urgent attention is needed because the corridor light is not working in c 305,Electrical and Power,Electrical Maintenance,High,Campus Building,C-305,0,
CMP-00944,Route 1 Bus Stop இல் வளாக பேருந்து தாமதமாக வந்தது. உடனடியாக நடவடிக்கை எடுக்கவும்.,route 1 bus stop இல வள க ப ர ந த த மதம க வந தத உடனட ய க நடவட க க எட க கவ ம,Transport and Parking,Transport Cell,High,Parking,Route 1 Bus Stop,0,
CMP-03223,கழிவறை குழாய் உடைந்துள்ளது பிரச்சனை Hostel Block B இடத்தில் உள்ளது.,கழ வற க ழ ய உட ந த ள ளத ப ரச சன hostel block b இடத த ல உள ளத,Water and Plumbing,Plumbing and Civil Maintenance,Critical,Hostel,Hostel Block B,1,CMP-01855
CMP-03614,electrical panel pakkathula water leak aagudhu at Library Entrance. Kindly action edunga.,electrical panel pakkathula water leak aagudhu at library entrance kindly action edunga,Safety and Security,Security Office,High,Parking,Library Entrance,1,CMP-02338
CMP-03035,C-305 la corridor light eriyala. Please check pannunga.,c 305 la corridor light eriyala please check pannunga,Electrical and Power,Electrical Maintenance,High,Campus Building,C-305,1,CMP-02492
CMP-03095,Engineering Block la glass panel broken ah iruku. Please check pannunga.,engineering block la glass panel broken ah iruku please check pannunga,Safety and Security,Security Office,High,Campus Road,Engineering Block,1,CMP-01311
CMP-01664,C-101 பகுதியில் ஆய்வக உபகரணம் வேலை செய்யவில்லை. தயவுசெய்து சரிசெய்யவும்.,c 101 பக த ய ல ஆய வக உபகரணம வ ல ச ய யவ ல ல தயவ ச ய த சர ச ய யவ ம,Classroom and Laboratory,Academic Infrastructure,High,Laboratory,C-101,0,
CMP-02212,"Computer Laboratory la classroom bench broken ah iruku, immediate ah solve pannunga.",computer laboratory la classroom bench broken ah iruku immediate ah solve pannunga,Classroom and Laboratory,Academic Infrastructure,Medium,Laboratory,Computer Laboratory,0,
CMP-01670,மின்பலகையின் அருகில் தண்ணீர் கசிகிறது பிரச்சனை Hostel Block B இடத்தில் உள்ளது.,ம ன பலக ய ன அர க ல தண ண ர கச க றத ப ரச சன hostel block b இடத த ல உள ளத,Safety and Security,Security Office,Critical,Parking,Hostel Block B,0,
CMP-02138,There is a problem because the laboratory equipment is not functioning at C-101.,there is a problem because the laboratory equipment is not functioning at c 101,Classroom and Laboratory,Academic Infrastructure,Medium,Laboratory,C-101,0,
CMP-01600,Academic Block Corridor இல் குப்பை குவிந்துள்ளது. உடனடியாக நடவடிக்கை எடுக்கவும்.,academic block corridor இல க ப ப க வ ந த ள ளத உடனட ய க நடவட க க எட க கவ ம,Cleanliness and Waste,Housekeeping and Sanitation,Critical,Campus Road,Academic Block Corridor,0,
CMP-00448,Engineering Block area la tube light flicker aagudhu.,engineering block area la tube light flicker aagudhu,Electrical and Power,Electrical Maintenance,Medium,Classroom,Engineering Block,0,
CMP-01319,Girls Hostel Block B la mattress damage aagiruku. Please check pannunga.,girls hostel block b la mattress damage aagiruku please check pannunga,Hostel and Accommodation,Hostel Administration,High,Hostel,Girls Hostel Block B,0,
CMP-00757,I want to report that the staircase railing is loose in Library Entrance.,i want to report that the staircase railing is loose in library entrance,Safety and Security,Security Office,High,Hostel,Library Entrance,0,
CMP-02121,Student Service Centre area la fee payment portal la update aagala.,student service centre area la fee payment portal la update aagala,Administration and Documents,Administrative Office,High,Office,Student Service Centre,0,
CMP-03082,I want to report that the air conditioner is not working in Computer Laboratory.,i want to report that the air conditioner is not working in computer laboratory,Classroom and Laboratory,Academic Infrastructure,Medium,Laboratory,Computer Laboratory,1,CMP-02212
CMP-03404,I want to report that water is leaking near an electrical panel in Hostel Block B.,i want to report that water is leaking near an electrical panel in hostel block b,Safety and Security,Security Office,High,Campus Building,Hostel Block B,1,CMP-00065
CMP-01617,Boys Hostel Block B area la room clean pannala.,boys hostel block b area la room clean pannala,Hostel and Accommodation,Hostel Administration,Low,Hostel,Boys Hostel Block B,0,
CMP-01410,Boys Hostel Block A la mattress damage aagiruku. Please check pannunga.,boys hostel block a la mattress damage aagiruku please check pannunga,Hostel and Accommodation,Hostel Administration,Medium,Hostel,Boys Hostel Block A,0,
CMP-01738,Girls Hostel Washroom இல் கழிவறை சுத்தம் செய்யப்படவில்லை. உடனடியாக நடவடிக்கை எடுக்கவும்.,girls hostel washroom இல கழ வற ச த தம ச ய யப படவ ல ல உடனட ய க நடவட க க எட க கவ ம,Cleanliness and Waste,Housekeeping and Sanitation,Low,Campus Road,Girls Hostel Washroom,0,
CMP-01948,Engineering Block la current supply illa. Please check pannunga.,engineering block la current supply illa please check pannunga,Electrical and Power,Electrical Maintenance,Medium,Campus Building,Engineering Block,0,
CMP-01134,Urgent attention is needed because garbage has accumulated in Library Washroom.,urgent attention is needed because garbage has accumulated in library washroom,Cleanliness and Waste,Housekeeping and Sanitation,High,Campus Road,Library Washroom,0,
CMP-03745,Girls Hostel Washroom area la corridor dirty ah iruku.,girls hostel washroom area la corridor dirty ah iruku,Cleanliness and Waste,Housekeeping and Sanitation,Low,Campus Road,Girls Hostel Washroom,1,CMP-01738
CMP-01347,food quality poor ah iruku at Hostel Mess. Kindly action edunga.,food quality poor ah iruku at hostel mess kindly action edunga,Food and Canteen,Canteen Committee,High,Canteen,Hostel Mess,0,
CMP-03581,I want to report that the air conditioner is not working in C-101.,i want to report that the air conditioner is not working in c 101,Classroom and Laboratory,Academic Infrastructure,High,Laboratory,C-101,1,CMP-01664
CMP-00700,"Accounts Office la fee payment portal la update aagala, immediate ah solve pannunga.",accounts office la fee payment portal la update aagala immediate ah solve pannunga,Administration and Documents,Administrative Office,Low,Office,Accounts Office,0,
CMP-02994,Urgent attention is needed because the dustbin is overflowing in Library Washroom.,urgent attention is needed because the dustbin is overflowing in library washroom,Cleanliness and Waste,Housekeeping and Sanitation,High,Canteen,Library Washroom,0,
CMP-00955,Please check the staircase railing is loose at Engineering Block.,please check the staircase railing is loose at engineering block,Safety and Security,Security Office,High,Parking,Engineering Block,0,
CMP-02086,"Campus Road la campus street light work aagala, immediate ah solve pannunga.",campus road la campus street light work aagala immediate ah solve pannunga,Safety and Security,Security Office,Low,Parking,Campus Road,0,
CMP-00743,There is a problem because there is no water supply at Engineering Block.,there is a problem because there is no water supply at engineering block,Water and Plumbing,Plumbing and Civil Maintenance,Medium,Campus Building,Engineering Block,0,
CMP-02519,I want to report that water is leaking near an electrical panel in Main Gate.,i want to report that water is leaking near an electrical panel in main gate,Safety and Security,Security Office,High,Campus Building,Main Gate,0,
CMP-00740,கழிவறை அடைத்துள்ளது பிரச்சனை Hostel Block C இடத்தில் உள்ளது.,கழ வற அட த த ள ளத ப ரச சன hostel block c இடத த ல உள ளத,Water and Plumbing,Plumbing and Civil Maintenance,High,Hostel,Hostel Block C,0,
CMP-00054,அறை சுத்தம் செய்யப்படவில்லை பிரச்சனை Boys Hostel Block A இடத்தில் உள்ளது.,அற ச த தம ச ய யப படவ ல ல ப ரச சன boys hostel block a இடத த ல உள ளத,Hostel and Accommodation,Hostel Administration,High,Hostel,Boys Hostel Block A,0,
CMP-02204,Computer Laboratory area la corridor light eriyala.,computer laboratory area la corridor light eriyala,Electrical and Power,Electrical Maintenance,High,Classroom,Computer Laboratory,0,
CMP-02413,"Hostel Block A la lab computer network connect aagala, immediate ah solve pannunga.",hostel block a la lab computer network connect aagala immediate ah solve pannunga,Wi-Fi and IT Services,IT Support and Network Cell,Medium,Library,Hostel Block A,0,
CMP-00349,Hostel Room 312 இல் அறை சுத்தம் செய்யப்படவில்லை. உடனடியாக நடவடிக்கை எடுக்கவும்.,hostel room 312 இல அற ச த தம ச ய யப படவ ல ல உடனட ய க நடவட க க எட க கவ ம,Hostel and Accommodation,Hostel Administration,Medium,Hostel,Hostel Room 312,0,
CMP-02314,கேன்டீன் சேவை மிகவும் மெதுவாக உள்ளது பிரச்சனை Main Canteen இடத்தில் உள்ளது.,க ன ட ன ச வ ம கவ ம ம த வ க உள ளத ப ரச சன main canteen இடத த ல உள ளத,Food and Canteen,Canteen Committee,Medium,Canteen,Main Canteen,0,
CMP-03004,Urgent attention is needed because the cupboard lock is not working in Hostel Room 312.,urgent attention is needed because the cupboard lock is not working in hostel room 312,Hostel and Accommodation,Hostel Administration,Medium,Hostel,Hostel Room 312,1,CMP-00349
CMP-01110,There is a problem because the campus street light is not working at Main Gate.,there is a problem because the campus street light is not working at main gate,Safety and Security,Security Office,High,Campus Building,Main Gate,0,
CMP-00504,"Hostel Mess la food price wrong ah iruku, immediate ah solve pannunga.",hostel mess la food price wrong ah iruku immediate ah solve pannunga,Food and Canteen,Canteen Committee,High,Canteen,Hostel Mess,0,
CMP-01167,There is a problem because an unauthorized person entered the hostel area at Engineering Block.,there is a problem because an unauthorized person entered the hostel area at engineering block,Safety and Security,Security Office,Critical,Parking,Engineering Block,0,
CMP-03518,அறை சுத்தம் செய்யப்படவில்லை பிரச்சனை Boys Hostel Block B இடத்தில் உள்ளது.,அற ச த தம ச ய யப படவ ல ல ப ரச சன boys hostel block b இடத த ல உள ளத,Hostel and Accommodation,Hostel Administration,Low,Hostel,Boys Hostel Block B,1,CMP-01617
CMP-00225,Main Canteen இல் உணவு சுகாதாரமற்றதாக உள்ளது. உடனடியாக நடவடிக்கை எடுக்கவும்.,main canteen இல உணவ ச க த ரமற றத க உள ளத உடனட ய க நடவட க க எட க கவ ம,Food and Canteen,Canteen Committee,Low,Canteen,Main Canteen,0,
CMP-03697,pipe la water leak aagudhu at Hostel Block C. Kindly action edunga.,pipe la water leak aagudhu at hostel block c kindly action edunga,Water and Plumbing,Plumbing and Civil Maintenance,High,Hostel,Hostel Block C,1,CMP-00740
CMP-01736,வளாக தெருவிளக்கு வேலை செய்யவில்லை பிரச்சனை Hostel Block B இடத்தில் உள்ளது.,வள க த ர வ ளக க வ ல ச ய யவ ல ல ப ரச சன hostel block b இடத த ல உள ளத,Safety and Security,Security Office,Medium,Parking,Hostel Block B,0,
CMP-03273,Urgent attention is needed because the corridor light is not working in Computer Laboratory.,urgent attention is needed because the corridor light is not working in computer laboratory,Electrical and Power,Electrical Maintenance,High,Classroom,Computer Laboratory,1,CMP-02204
CMP-01431,Main Parking Area la bus route notice illama change pannitanga. Please check pannunga.,main parking area la bus route notice illama change pannitanga please check pannunga,Transport and Parking,Transport Cell,Medium,Parking,Main Parking Area,0,
CMP-02215,Main Canteen பகுதியில் குப்பை இடத்தின் அருகில் துர்நாற்றம் உள்ளது. தயவுசெய்து சரிசெய்யவும்.,main canteen பக த ய ல க ப ப இடத த ன அர க ல த ர ந ற றம உள ளத தயவ ச ய த சர ச ய யவ ம,Cleanliness and Waste,Housekeeping and Sanitation,High,Washroom,Main Canteen,0,
CMP-01955,Please check the food appears unhygienic at Main Canteen.,please check the food appears unhygienic at main canteen,Food and Canteen,Canteen Committee,High,Canteen,Main Canteen,0,
CMP-01873,பொனஃபைடு சான்றிதழ் கோரிக்கை நிலுவையில் உள்ளது பிரச்சனை Scholarship Office இடத்தில் உள்ளது.,ப னஃப ட ச ன ற தழ க ர க க ந ல வ ய ல உள ளத ப ரச சன scholarship office இடத த ல உள ளத,Administration and Documents,Administrative Office,Medium,Office,Scholarship Office,0,
CMP-03150,Engineering Block இல் குழாயில் தண்ணீர் கசிகிறது. உடனடியாக நடவடிக்கை எடுக்கவும்.,engineering block இல க ழ ய ல தண ண ர கச க றத உடனட ய க நடவட க க எட க கவ ம,Water and Plumbing,Plumbing and Civil Maintenance,Medium,Campus Building,Engineering Block,1,CMP-00743
CMP-01169,Engineering Block area la pipe la water leak aagudhu.,engineering block area la pipe la water leak aagudhu,Water and Plumbing,Plumbing and Civil Maintenance,High,Hostel,Engineering Block,0,
CMP-02962,உதவித்தொகை நிலை புதுப்பிக்கப்படவில்லை பிரச்சனை Academic Office இடத்தில் உள்ளது.,உதவ த த க ந ல ப த ப ப க கப படவ ல ல ப ரச சன academic office இடத த ல உள ளத,Administration and Documents,Administrative Office,High,Office,Academic Office,0,
CMP-01099,Urgent attention is needed because the student portal is not loading in Computer Laboratory.,urgent attention is needed because the student portal is not loading in computer laboratory,Wi-Fi and IT Services,IT Support and Network Cell,Medium,Library,Computer Laboratory,0,
CMP-01901,corridor dirty ah iruku at Parking Area. Kindly action edunga.,corridor dirty ah iruku at parking area kindly action edunga,Cleanliness and Waste,Housekeeping and Sanitation,Medium,Campus Road,Parking Area,0,
CMP-02636,Central Library Reading Hall la student portal load aagala. Please check pannunga.,central library reading hall la student portal load aagala please check pannunga,Wi-Fi and IT Services,IT Support and Network Cell,Low,Laboratory,Central Library Reading Hall,0,
CMP-03074,Urgent attention is needed because the drinking water dispenser is not working in Hostel Mess.,urgent attention is needed because the drinking water dispenser is not working in hostel mess,Food and Canteen,Canteen Committee,High,Canteen,Hostel Mess,1,CMP-00504
CMP-01120,There is a problem because the student portal is not loading at Central Library.,there is a problem because the student portal is not loading at central library,Wi-Fi and IT Services,IT Support and Network Cell,High,Laboratory,Central Library,0,
CMP-02932,There is a problem because the dustbin is overflowing at Academic Block Corridor.,there is a problem because the dustbin is overflowing at academic block corridor,Cleanliness and Waste,Housekeeping and Sanitation,Low,Campus Road,Academic Block Corridor,0,
CMP-00925,I want to report that the washroom tap is broken in Main Canteen.,i want to report that the washroom tap is broken in main canteen,Water and Plumbing,Plumbing and Civil Maintenance,Medium,Hostel,Main Canteen,0,
CMP-03445,"Main Canteen la canteen service romba slow ah iruku, immediate ah solve pannunga.",main canteen la canteen service romba slow ah iruku immediate ah solve pannunga,Food and Canteen,Canteen Committee,High,Canteen,Main Canteen,1,CMP-01955
CMP-00467,Please check garbage has accumulated at Parking Area.,please check garbage has accumulated at parking area,Cleanliness and Waste,Housekeeping and Sanitation,High,Washroom,Parking Area,0,
CMP-03551,Urgent attention is needed because the dustbin is overflowing in Main Canteen.,urgent attention is needed because the dustbin is overflowing in main canteen,Cleanliness and Waste,Housekeeping and Sanitation,High,Washroom,Main Canteen,1,CMP-02215
CMP-02040,Girls Hostel Washroom area la waste area pakkathula bad smell iruku.,girls hostel washroom area la waste area pakkathula bad smell iruku,Cleanliness and Waste,Housekeeping and Sanitation,Medium,Hostel,Girls Hostel Washroom,0,
CMP-01488,Campus Road area la staircase railing loose ah iruku.,campus road area la staircase railing loose ah iruku,Safety and Security,Security Office,Critical,Campus Building,Campus Road,0,
CMP-01837,Hostel Block A இல் வைஃபை வேலை செய்யவில்லை. உடனடியாக நடவடிக்கை எடுக்கவும்.,hostel block a இல வ ஃப வ ல ச ய யவ ல ல உடனட ய க நடவட க க எட க கவ ம,Wi-Fi and IT Services,IT Support and Network Cell,High,Hostel,Hostel Block A,0,
CMP-01960,Hostel Block B area la student portal load aagala.,hostel block b area la student portal load aagala,Wi-Fi and IT Services,IT Support and Network Cell,Low,Classroom,Hostel Block B,0,
CMP-02199,AC work aagala at Computer Laboratory. Kindly action edunga.,ac work aagala at computer laboratory kindly action edunga,Classroom and Laboratory,Academic Infrastructure,Medium,Laboratory,Computer Laboratory,0,
CMP-02817,Hostel Room 214 area la room door lock broken ah iruku.,hostel room 214 area la room door lock broken ah iruku,Hostel and Accommodation,Hostel Administration,Medium,Hostel,Hostel Room 214,0,
CMP-01494,water tank overflow aagudhu at Engineering Block. Kindly action edunga.,water tank overflow aagudhu at engineering block kindly action edunga,Water and Plumbing,Plumbing and Civil Maintenance,Medium,Washroom,Engineering Block,0,
CMP-02783,"Hostel Room 214 la cupboard lock work aagala, immediate ah solve pannunga.",hostel room 214 la cupboard lock work aagala immediate ah solve pannunga,Hostel and Accommodation,Hostel Administration,High,Hostel,Hostel Room 214,0,
CMP-00372,internet romba slow ah iruku at Hostel Block A. Kindly action edunga.,internet romba slow ah iruku at hostel block a kindly action edunga,Wi-Fi and IT Services,IT Support and Network Cell,High,Library,Hostel Block A,0,
CMP-02260,Please check the drinking water dispenser is not working at North Canteen.,please check the drinking water dispenser is not working at north canteen,Food and Canteen,Canteen Committee,Low,Canteen,North Canteen,0,
CMP-03455,Main Parking Area பகுதியில் அறிவிப்பின்றி பேருந்து பாதை மாற்றப்பட்டது. தயவுசெய்து சரிசெய்யவும்.,main parking area பக த ய ல அற வ ப ப ன ற ப ர ந த ப த ம ற றப பட டத தயவ ச ய த சர ச ய யவ ம,Transport and Parking,Transport Cell,Medium,Parking,Main Parking Area,1,CMP-01431
CMP-03462,Hostel Block A la lab computer network connect aagala. Please check pannunga.,hostel block a la lab computer network connect aagala please check pannunga,Wi-Fi and IT Services,IT Support and Network Cell,High,Hostel,Hostel Block A,1,CMP-01837
CMP-02939,Library Washroom area la waste area pakkathula bad smell iruku.,library washroom area la waste area pakkathula bad smell iruku,Cleanliness and Waste,Housekeeping and Sanitation,Low,Canteen,Library Washroom,0,
CMP-00770,I want to report that the ERP login is failing in Central Library.,i want to report that the erp login is failing in central library,Wi-Fi and IT Services,IT Support and Network Cell,Critical,Classroom,Central Library,0,
CMP-01461,Urgent attention is needed because the fee payment is not updated in the portal in Student Service Centre.,urgent attention is needed because the fee payment is not updated in the portal in student service centre,Administration and Documents,Administrative Office,Low,Office,Student Service Centre,0,
CMP-02386,There is a problem because the scholarship application status is not updated at Academic Office.,there is a problem because the scholarship application status is not updated at academic office,Administration and Documents,Administrative Office,Low,Office,Academic Office,0,
CMP-00753,Main Canteen area la water tank overflow aagudhu.,main canteen area la water tank overflow aagudhu,Water and Plumbing,Plumbing and Civil Maintenance,Medium,Hostel,Main Canteen,0,
CMP-03886,washroom clean pannala at Academic Block Corridor. Kindly action edunga.,washroom clean pannala at academic block corridor kindly action edunga,Cleanliness and Waste,Housekeeping and Sanitation,Low,Campus Road,Academic Block Corridor,1,CMP-02932
CMP-00359,There is a problem because there is a power outage at C-305.,there is a problem because there is a power outage at c 305,Electrical and Power,Electrical Maintenance,Medium,Hostel,C-305,0,
CMP-00957,AC work aagala at C-101. Kindly action edunga.,ac work aagala at c 101 kindly action edunga,Classroom and Laboratory,Academic Infrastructure,Medium,Classroom,C-101,0,
CMP-00972,I want to report that the air conditioner is not working in AI Laboratory.,i want to report that the air conditioner is not working in ai laboratory,Classroom and Laboratory,Academic Infrastructure,High,Laboratory,AI Laboratory,0,
CMP-01850,There is a problem because the student portal is not loading at AI Laboratory.,there is a problem because the student portal is not loading at ai laboratory,Wi-Fi and IT Services,IT Support and Network Cell,High,Library,AI Laboratory,0,
CMP-01397,I want to report that there is no water supply in Main Canteen.,i want to report that there is no water supply in main canteen,Water and Plumbing,Plumbing and Civil Maintenance,Critical,Hostel,Main Canteen,0,
CMP-02126,Electronics Laboratory area la AC work aagala.,electronics laboratory area la ac work aagala,Classroom and Laboratory,Academic Infrastructure,Medium,Classroom,Electronics Laboratory,0,
CMP-02562,Urgent attention is needed because the ERP login is failing in Computer Laboratory.,urgent attention is needed because the erp login is failing in computer laboratory,Wi-Fi and IT Services,IT Support and Network Cell,Medium,Laboratory,Computer Laboratory,0,
CMP-02376,Urgent attention is needed because the ERP login is failing in Hostel Block A.,urgent attention is needed because the erp login is failing in hostel block a,Wi-Fi and IT Services,IT Support and Network Cell,Medium,Laboratory,Hostel Block A,0,
CMP-03662,Central Library la student portal load aagala. Please check pannunga.,central library la student portal load aagala please check pannunga,Wi-Fi and IT Services,IT Support and Network Cell,High,Laboratory,Central Library,1,CMP-01120
CMP-03044,Girls Hostel Washroom இல் நடைபாதை அழுக்காக உள்ளது. உடனடியாக நடவடிக்கை எடுக்கவும்.,girls hostel washroom இல நட ப த அழ க க க உள ளத உடனட ய க நடவட க க எட க கவ ம,Cleanliness and Waste,Housekeeping and Sanitation,Medium,Hostel,Girls Hostel Washroom,1,CMP-02040
CMP-03733,Academic Office இல் கட்டண செலுத்துதல் தளத்தில் புதுப்பிக்கப்படவில்லை. உடனடியாக நடவடிக்கை எடுக்கவும்.,academic office இல கட டண ச ல த த தல தளத த ல ப த ப ப க கப படவ ல ல உடனட ய க நடவட க க எட க கவ ம,Administration and Documents,Administrative Office,Low,Office,Academic Office,1,CMP-02386
CMP-02033,Urgent attention is needed because the corridor is dirty in Parking Area.,urgent attention is needed because the corridor is dirty in parking area,Cleanliness and Waste,Housekeeping and Sanitation,High,Hostel,Parking Area,0,
CMP-03754,"C-305 la current supply illa, immediate ah solve pannunga.",c 305 la current supply illa immediate ah solve pannunga,Electrical and Power,Electrical Maintenance,Medium,Hostel,C-305,1,CMP-00359
CMP-01115,"North Canteen la food hygiene illa, immediate ah solve pannunga.",north canteen la food hygiene illa immediate ah solve pannunga,Food and Canteen,Canteen Committee,Medium,Canteen,North Canteen,0,
CMP-00954,Girls Hostel Washroom இல் குப்பை குவிந்துள்ளது. உடனடியாக நடவடிக்கை எடுக்கவும்.,girls hostel washroom இல க ப ப க வ ந த ள ளத உடனட ய க நடவட க க எட க கவ ம,Cleanliness and Waste,Housekeeping and Sanitation,Medium,Washroom,Girls Hostel Washroom,0,
CMP-02089,There is a problem because the campus bus arrived late at College Entrance.,there is a problem because the campus bus arrived late at college entrance,Transport and Parking,Transport Cell,Medium,Campus Road,College Entrance,0,
CMP-00857,There is a problem because the corridor is dirty at Library Washroom.,there is a problem because the corridor is dirty at library washroom,Cleanliness and Waste,Housekeeping and Sanitation,High,Campus Road,Library Washroom,0,
CMP-02227,I want to report that the projector is not displaying in C-305.,i want to report that the projector is not displaying in c 305,Classroom and Laboratory,Academic Infrastructure,High,Laboratory,C-305,0,
CMP-03008,Urgent attention is needed because there is no water supply in Engineering Block.,urgent attention is needed because there is no water supply in engineering block,Water and Plumbing,Plumbing and Civil Maintenance,Medium,Washroom,Engineering Block,1,CMP-01494
CMP-02659,கழிவறை குழாய் உடைந்துள்ளது பிரச்சனை Hostel Block B இடத்தில் உள்ளது.,கழ வற க ழ ய உட ந த ள ளத ப ரச சன hostel block b இடத த ல உள ளத,Water and Plumbing,Plumbing and Civil Maintenance,High,Canteen,Hostel Block B,0,
CMP-03578,Hostel Block A பகுதியில் ஈஆர்பி உள்நுழைவு தோல்வியடைந்தது. தயவுசெய்து சரிசெய்யவும்.,hostel block a பக த ய ல ஈஆர ப உள ந ழ வ த ல வ யட ந தத தயவ ச ய த சர ச ய யவ ம,Wi-Fi and IT Services,IT Support and Network Cell,Medium,Laboratory,Hostel Block A,1,CMP-02376
CMP-03638,College Entrance இல் வாகனம் வளாக நுழைவாயிலை மறைத்துள்ளது. உடனடியாக நடவடிக்கை எடுக்கவும்.,college entrance இல வ கனம வள க ந ழ வ ய ல மற த த ள ளத உடனட ய க நடவட க க எட க கவ ம,Transport and Parking,Transport Cell,Medium,Campus Road,College Entrance,1,CMP-02089
CMP-03650,உணவின் தரம் மோசமாக உள்ளது பிரச்சனை North Canteen இடத்தில் உள்ளது.,உணவ ன தரம ம சம க உள ளத ப ரச சன north canteen இடத த ல உள ளத,Food and Canteen,Canteen Committee,Medium,Canteen,North Canteen,1,CMP-01115
CMP-02435,Please check the student portal is not loading at Hostel Block A.,please check the student portal is not loading at hostel block a,Wi-Fi and IT Services,IT Support and Network Cell,Medium,Classroom,Hostel Block A,0,
CMP-00635,Please check garbage has accumulated at Parking Area.,please check garbage has accumulated at parking area,Cleanliness and Waste,Housekeeping and Sanitation,Medium,Washroom,Parking Area,0,
CMP-00233,I want to report that the food price is incorrect in Main Canteen.,i want to report that the food price is incorrect in main canteen,Food and Canteen,Canteen Committee,Medium,Canteen,Main Canteen,0,
CMP-00203,Hostel Block B பகுதியில் வைஃபை வேலை செய்யவில்லை. தயவுசெய்து சரிசெய்யவும்.,hostel block b பக த ய ல வ ஃப வ ல ச ய யவ ல ல தயவ ச ய த சர ச ய யவ ம,Wi-Fi and IT Services,IT Support and Network Cell,High,Laboratory,Hostel Block B,0,
CMP-00207,parking space illa at College Entrance. Kindly action edunga.,parking space illa at college entrance kindly action edunga,Transport and Parking,Transport Cell,Medium,Campus Road,College Entrance,0,
CMP-01345,Boys Hostel Washroom இல் நடைபாதை அழுக்காக உள்ளது. உடனடியாக நடவடிக்கை எடுக்கவும்.,boys hostel washroom இல நட ப த அழ க க க உள ளத உடனட ய க நடவட க க எட க கவ ம,Cleanliness and Waste,Housekeeping and Sanitation,Low,Canteen,Boys Hostel Washroom,0,
CMP-02505,Urgent attention is needed because the student portal is not loading in AI Laboratory.,urgent attention is needed because the student portal is not loading in ai laboratory,Wi-Fi and IT Services,IT Support and Network Cell,Medium,Classroom,AI Laboratory,0,
CMP-00484,Accounts Office பகுதியில் அடையாள அட்டை கோரிக்கை தாமதமாகிறது. தயவுசெய்து சரிசெய்யவும்.,accounts office பக த ய ல அட ய ள அட ட க ர க க த மதம க றத தயவ ச ய த சர ச ய யவ ம,Administration and Documents,Administrative Office,Medium,Office,Accounts Office,0,
CMP-01215,Library Washroom la corridor dirty ah iruku. Please check pannunga.,library washroom la corridor dirty ah iruku please check pannunga,Cleanliness and Waste,Housekeeping and Sanitation,Critical,Washroom,Library Washroom,0,
CMP-02516,Library Entrance இல் கண்ணாடி பலகம் உடைந்துள்ளது. உடனடியாக நடவடிக்கை எடுக்கவும்.,library entrance இல கண ண ட பலகம உட ந த ள ளத உடனட ய க நடவட க க எட க கவ ம,Safety and Security,Security Office,Critical,Campus Building,Library Entrance,0,
CMP-01305,Please check the cupboard lock is not working at Girls Hostel Block B.,please check the cupboard lock is not working at girls hostel block b,Hostel and Accommodation,Hostel Administration,Medium,Hostel,Girls Hostel Block B,0,
CMP-03430,Hostel Room 214 பகுதியில் அறை கதவு பூட்டு உடைந்துள்ளது. தயவுசெய்து சரிசெய்யவும்.,hostel room 214 பக த ய ல அற கதவ ப ட ட உட ந த ள ளத தயவ ச ய த சர ச ய யவ ம,Hostel and Accommodation,Hostel Administration,High,Hostel,Hostel Room 214,1,CMP-02783
CMP-00643,I want to report that the cupboard lock is not working in Boys Hostel Block B.,i want to report that the cupboard lock is not working in boys hostel block b,Hostel and Accommodation,Hostel Administration,Medium,Hostel,Boys Hostel Block B,0,
CMP-00639,Please check the corridor light is not working at C-204.,please check the corridor light is not working at c 204,Electrical and Power,Electrical Maintenance,Medium,Hostel,C-204,0,
CMP-01782,மின்விசிறி வேலை செய்யவில்லை பிரச்சனை Hostel Block B இடத்தில் உள்ளது.,ம ன வ ச ற வ ல ச ய யவ ல ல ப ரச சன hostel block b இடத த ல உள ளத,Electrical and Power,Electrical Maintenance,High,Hostel,Hostel Block B,0,
CMP-00653,I want to report that the toilet is blocked in Main Canteen.,i want to report that the toilet is blocked in main canteen,Water and Plumbing,Plumbing and Civil Maintenance,Medium,Campus Building,Main Canteen,0,
CMP-02712,I want to report that the electrical switch is damaged in C-204.,i want to report that the electrical switch is damaged in c 204,Electrical and Power,Electrical Maintenance,Medium,Classroom,C-204,0,
CMP-01604,Girls Hostel Block A இல் ஜன்னல் சேதமடைந்துள்ளது. உடனடியாக நடவடிக்கை எடுக்கவும்.,girls hostel block a இல ஜன னல ச தமட ந த ள ளத உடனட ய க நடவட க க எட க கவ ம,Hostel and Accommodation,Hostel Administration,High,Hostel,Girls Hostel Block A,0,
CMP-00306,ஈஆர்பி உள்நுழைவு தோல்வியடைந்தது பிரச்சனை AI Laboratory இடத்தில் உள்ளது.,ஈஆர ப உள ந ழ வ த ல வ யட ந தத ப ரச சன ai laboratory இடத த ல உள ளத,Wi-Fi and IT Services,IT Support and Network Cell,High,Classroom,AI Laboratory,0,
CMP-01500,"Academic Office la bonafide certificate request pending la iruku, immediate ah solve pannunga.",academic office la bonafide certificate request pending la iruku immediate ah solve pannunga,Administration and Documents,Administrative Office,Low,Office,Academic Office,0,
CMP-00915,There is a problem because the corridor light is not working at Computer Laboratory.,there is a problem because the corridor light is not working at computer laboratory,Electrical and Power,Electrical Maintenance,Medium,Classroom,Computer Laboratory,0,
CMP-01171,Central Library la student portal load aagala. Please check pannunga.,central library la student portal load aagala please check pannunga,Wi-Fi and IT Services,IT Support and Network Cell,Medium,Classroom,Central Library,0,
CMP-03335,internet romba slow ah iruku at Hostel Block A. Kindly action edunga.,internet romba slow ah iruku at hostel block a kindly action edunga,Wi-Fi and IT Services,IT Support and Network Cell,Medium,Classroom,Hostel Block A,1,CMP-02435
CMP-03795,Computer Laboratory இல் வைஃபை வேலை செய்யவில்லை. உடனடியாக நடவடிக்கை எடுக்கவும்.,computer laboratory இல வ ஃப வ ல ச ய யவ ல ல உடனட ய க நடவட க க எட க கவ ம,Wi-Fi and IT Services,IT Support and Network Cell,Medium,Laboratory,Computer Laboratory,1,CMP-02562
CMP-01466,I want to report that the student portal is not loading in Central Library.,i want to report that the student portal is not loading in central library,Wi-Fi and IT Services,IT Support and Network Cell,Medium,Classroom,Central Library,0,
CMP-01808,Urgent attention is needed because the corridor is dirty in Parking Area.,urgent attention is needed because the corridor is dirty in parking area,Cleanliness and Waste,Housekeeping and Sanitation,Medium,Canteen,Parking Area,0,
CMP-03714,Parking Area இல் குப்பை இடத்தின் அருகில் துர்நாற்றம் உள்ளது. உடனடியாக நடவடிக்கை எடுக்கவும்.,parking area இல க ப ப இடத த ன அர க ல த ர ந ற றம உள ளத உடனட ய க நடவட க க எட க கவ ம,Cleanliness and Waste,Housekeeping and Sanitation,Medium,Washroom,Parking Area,1,CMP-00635
CMP-02139,scholarship status update aagala at Examination Cell. Kindly action edunga.,scholarship status update aagala at examination cell kindly action edunga,Administration and Documents,Administrative Office,High,Office,Examination Cell,0,
CMP-02822,washroom tap broken ah iruku at Engineering Block. Kindly action edunga.,washroom tap broken ah iruku at engineering block kindly action edunga,Water and Plumbing,Plumbing and Civil Maintenance,High,Canteen,Engineering Block,0,
CMP-01672,Please check an unauthorized person entered the hostel area at Parking Area.,please check an unauthorized person entered the hostel area at parking area,Safety and Security,Security Office,Critical,Campus Road,Parking Area,0,
CMP-02552,room clean pannala at Boys Hostel Block A. Kindly action edunga.,room clean pannala at boys hostel block a kindly action edunga,Hostel and Accommodation,Hostel Administration,Medium,Hostel,Boys Hostel Block A,0,
CMP-03505,campus street light work aagala at Parking Area. Kindly action edunga.,campus street light work aagala at parking area kindly action edunga,Safety and Security,Security Office,Critical,Campus Road,Parking Area,1,CMP-01672
CMP-00120,Hostel Block A இல் குழல் விளக்கு மின்னுகிறது. உடனடியாக நடவடிக்கை எடுக்கவும்.,hostel block a இல க ழல வ ளக க ம ன ன க றத உடனட ய க நடவட க க எட க கவ ம,Electrical and Power,Electrical Maintenance,High,Laboratory,Hostel Block A,0,
CMP-03770,Central Library இல் ஈஆர்பி உள்நுழைவு தோல்வியடைந்தது. உடனடியாக நடவடிக்கை எடுக்கவும்.,central library இல ஈஆர ப உள ந ழ வ த ல வ யட ந தத உடனட ய க நடவட க க எட க கவ ம,Wi-Fi and IT Services,IT Support and Network Cell,Medium,Classroom,Central Library,1,CMP-01171
CMP-02823,"North Canteen la food quality poor ah iruku, immediate ah solve pannunga.",north canteen la food quality poor ah iruku immediate ah solve pannunga,Food and Canteen,Canteen Committee,Medium,Canteen,North Canteen,0,
CMP-02034,Please check the room has a damaged window at Hostel Room 214.,please check the room has a damaged window at hostel room 214,Hostel and Accommodation,Hostel Administration,High,Hostel,Hostel Room 214,0,
CMP-02965,I want to report that the canteen service is very slow in Main Canteen.,i want to report that the canteen service is very slow in main canteen,Food and Canteen,Canteen Committee,Critical,Canteen,Main Canteen,0,
CMP-02699,There is a problem because the staircase railing is loose at Campus Road.,there is a problem because the staircase railing is loose at campus road,Safety and Security,Security Office,High,Campus Building,Campus Road,0,
CMP-01597,ஆய்வக உபகரணம் வேலை செய்யவில்லை பிரச்சனை AI Laboratory இடத்தில் உள்ளது.,ஆய வக உபகரணம வ ல ச ய யவ ல ல ப ரச சன ai laboratory இடத த ல உள ளத,Classroom and Laboratory,Academic Infrastructure,High,Classroom,AI Laboratory,0,
CMP-02402,"Engineering Block la corridor light eriyala, immediate ah solve pannunga.",engineering block la corridor light eriyala immediate ah solve pannunga,Electrical and Power,Electrical Maintenance,High,Campus Building,Engineering Block,0,
CMP-03536,Girls Hostel Block B இல் மெத்தை சேதமடைந்துள்ளது. உடனடியாக நடவடிக்கை எடுக்கவும்.,girls hostel block b இல ம த த ச தமட ந த ள ளத உடனட ய க நடவட க க எட க கவ ம,Hostel and Accommodation,Hostel Administration,Medium,Hostel,Girls Hostel Block B,1,CMP-01305
CMP-03545,Boys Hostel Washroom area la waste area pakkathula bad smell iruku.,boys hostel washroom area la waste area pakkathula bad smell iruku,Cleanliness and Waste,Housekeeping and Sanitation,Low,Canteen,Boys Hostel Washroom,1,CMP-01345
CMP-01015,Please check the fee payment is not updated in the portal at Scholarship Office.,please check the fee payment is not updated in the portal at scholarship office,Administration and Documents,Administrative Office,Medium,Office,Scholarship Office,0,
CMP-00101,உணவின் விலை தவறாக உள்ளது பிரச்சனை North Canteen இடத்தில் உள்ளது.,உணவ ன வ ல தவற க உள ளத ப ரச சன north canteen இடத த ல உள ளத,Food and Canteen,Canteen Committee,Medium,Canteen,North Canteen,0,
CMP-01473,Please check there is a power outage at C-204.,please check there is a power outage at c 204,Electrical and Power,Electrical Maintenance,Medium,Classroom,C-204,0,
CMP-00967,There is a problem because the food appears unhygienic at North Canteen.,there is a problem because the food appears unhygienic at north canteen,Food and Canteen,Canteen Committee,Medium,Canteen,North Canteen,0,
CMP-01350,Please check the projector is not displaying at Electronics Laboratory.,please check the projector is not displaying at electronics laboratory,Classroom and Laboratory,Academic Infrastructure,High,Classroom,Electronics Laboratory,0,
CMP-02875,Please check the room door lock is broken at Girls Hostel Block B.,please check the room door lock is broken at girls hostel block b,Hostel and Accommodation,Hostel Administration,Low,Hostel,Girls Hostel Block B,0,
CMP-01013,Please check water is leaking near an electrical panel at Hostel Block B.,please check water is leaking near an electrical panel at hostel block b,Safety and Security,Security Office,High,Campus Building,Hostel Block B,0,
CMP-01541,அறை கதவு பூட்டு உடைந்துள்ளது பிரச்சனை Boys Hostel Block B இடத்தில் உள்ளது.,அற கதவ ப ட ட உட ந த ள ளத ப ரச சன boys hostel block b இடத த ல உள ளத,Hostel and Accommodation,Hostel Administration,Low,Hostel,Boys Hostel Block B,0,
CMP-02319,Please check there is a broken glass panel at Main Gate.,please check there is a broken glass panel at main gate,Safety and Security,Security Office,High,Campus Road,Main Gate,0,
CMP-03653,"Scholarship Office la bonafide certificate request pending la iruku, immediate ah solve pannunga.",scholarship office la bonafide certificate request pending la iruku immediate ah solve pannunga,Administration and Documents,Administrative Office,Medium,Office,Scholarship Office,1,CMP-01015
CMP-03210,Parking Area area la waste area pakkathula bad smell iruku.,parking area area la waste area pakkathula bad smell iruku,Cleanliness and Waste,Housekeeping and Sanitation,Medium,Canteen,Parking Area,1,CMP-01808
CMP-00501,There is a problem because an unauthorized person entered the hostel area at Library Entrance.,there is a problem because an unauthorized person entered the hostel area at library entrance,Safety and Security,Security Office,Critical,Campus Road,Library Entrance,0,
CMP-02422,Urgent attention is needed because the hostel room is not cleaned in Boys Hostel Block B.,urgent attention is needed because the hostel room is not cleaned in boys hostel block b,Hostel and Accommodation,Hostel Administration,High,Hostel,Boys Hostel Block B,0,
CMP-03490,Main Canteen பகுதியில் உணவு சுகாதாரமற்றதாக உள்ளது. தயவுசெய்து சரிசெய்யவும்.,main canteen பக த ய ல உணவ ச க த ரமற றத க உள ளத தயவ ச ய த சர ச ய யவ ம,Food and Canteen,Canteen Committee,Critical,Canteen,Main Canteen,1,CMP-02965
CMP-00830,Please check the canteen service is very slow at Hostel Mess.,please check the canteen service is very slow at hostel mess,Food and Canteen,Canteen Committee,High,Canteen,Hostel Mess,0,
CMP-02944,Urgent attention is needed because the campus bus arrived late in Main Parking Area.,urgent attention is needed because the campus bus arrived late in main parking area,Transport and Parking,Transport Cell,High,Campus Road,Main Parking Area,0,
CMP-01907,Please check the water tank is overflowing at Engineering Block.,please check the water tank is overflowing at engineering block,Water and Plumbing,Plumbing and Civil Maintenance,Medium,Washroom,Engineering Block,0,
CMP-00640,I want to report that water is leaking near an electrical panel in Library Entrance.,i want to report that water is leaking near an electrical panel in library entrance,Safety and Security,Security Office,High,Campus Building,Library Entrance,0,
CMP-01440,"AI Laboratory la lab equipment work aagala, immediate ah solve pannunga.",ai laboratory la lab equipment work aagala immediate ah solve pannunga,Classroom and Laboratory,Academic Infrastructure,Medium,Laboratory,AI Laboratory,0,
CMP-03140,Library Entrance la glass panel broken ah iruku. Please check pannunga.,library entrance la glass panel broken ah iruku please check pannunga,Safety and Security,Security Office,High,Campus Building,Library Entrance,1,CMP-00640
CMP-02644,Girls Hostel Washroom இல் நடைபாதை அழுக்காக உள்ளது. உடனடியாக நடவடிக்கை எடுக்கவும்.,girls hostel washroom இல நட ப த அழ க க க உள ளத உடனட ய க நடவட க க எட க கவ ம,Cleanliness and Waste,Housekeeping and Sanitation,Medium,Washroom,Girls Hostel Washroom,0,
CMP-01499,உணவின் தரம் மோசமாக உள்ளது பிரச்சனை Hostel Mess இடத்தில் உள்ளது.,உணவ ன தரம ம சம க உள ளத ப ரச சன hostel mess இடத த ல உள ளத,Food and Canteen,Canteen Committee,High,Canteen,Hostel Mess,0,
CMP-01263,ஈஆர்பி உள்நுழைவு தோல்வியடைந்தது பிரச்சனை Central Library Reading Hall இடத்தில் உள்ளது.,ஈஆர ப உள ந ழ வ த ல வ யட ந தத ப ரச சன central library reading hall இடத த ல உள ளத,Wi-Fi and IT Services,IT Support and Network Cell,High,Hostel,Central Library Reading Hall,0,
CMP-00906,C-204 la current supply illa. Please check pannunga.,c 204 la current supply illa please check pannunga,Electrical and Power,Electrical Maintenance,Medium,Laboratory,C-204,0,
CMP-00002,"Student Service Centre la marksheet correction pending la iruku, immediate ah solve pannunga.",student service centre la marksheet correction pending la iruku immediate ah solve pannunga,Administration and Documents,Administrative Office,Low,Office,Student Service Centre,0,
CMP-01575,I want to report that there is no water supply in Hostel Block C.,i want to report that there is no water supply in hostel block c,Water and Plumbing,Plumbing and Civil Maintenance,High,Canteen,Hostel Block C,0,
CMP-03471,"Girls Hostel Block B la window damage aagiruku, immediate ah solve pannunga.",girls hostel block b la window damage aagiruku immediate ah solve pannunga,Hostel and Accommodation,Hostel Administration,Low,Hostel,Girls Hostel Block B,1,CMP-02875
CMP-03362,மின்பலகையின் அருகில் தண்ணீர் கசிகிறது பிரச்சனை Hostel Block B இடத்தில் உள்ளது.,ம ன பலக ய ன அர க ல தண ண ர கச க றத ப ரச சன hostel block b இடத த ல உள ளத,Safety and Security,Security Office,High,Campus Building,Hostel Block B,1,CMP-01013
CMP-00399,அறை கதவு பூட்டு உடைந்துள்ளது பிரச்சனை Girls Hostel Block B இடத்தில் உள்ளது.,அற கதவ ப ட ட உட ந த ள ளத ப ரச சன girls hostel block b இடத த ல உள ளத,Hostel and Accommodation,Hostel Administration,Medium,Hostel,Girls Hostel Block B,0,
CMP-02287,Please check the canteen service is very slow at Hostel Mess.,please check the canteen service is very slow at hostel mess,Food and Canteen,Canteen Committee,Medium,Canteen,Hostel Mess,0,
CMP-00013,AI Laboratory la ERP login aagala. Please check pannunga.,ai laboratory la erp login aagala please check pannunga,Wi-Fi and IT Services,IT Support and Network Cell,High,Laboratory,AI Laboratory,0,
CMP-01153,மின்விசிறி வேலை செய்யவில்லை பிரச்சனை Hostel Block B இடத்தில் உள்ளது.,ம ன வ ச ற வ ல ச ய யவ ல ல ப ரச சன hostel block b இடத த ல உள ளத,Electrical and Power,Electrical Maintenance,Low,Laboratory,Hostel Block B,0,
CMP-01043,food quality poor ah iruku at North Canteen. Kindly action edunga.,food quality poor ah iruku at north canteen kindly action edunga,Food and Canteen,Canteen Committee,High,Canteen,North Canteen,0,
CMP-00199,Please check the ID card request is delayed at Accounts Office.,please check the id card request is delayed at accounts office,Administration and Documents,Administrative Office,Low,Office,Accounts Office,0,
CMP-02715,I want to report that the classroom has poor ventilation in C-305.,i want to report that the classroom has poor ventilation in c 305,Classroom and Laboratory,Academic Infrastructure,Low,Classroom,C-305,0,
CMP-00400,Boys Hostel Washroom area la garbage accumulate aagiruku.,boys hostel washroom area la garbage accumulate aagiruku,Cleanliness and Waste,Housekeeping and Sanitation,Low,Hostel,Boys Hostel Washroom,0,
CMP-01220,Boys Hostel Washroom la washroom clean pannala. Please check pannunga.,boys hostel washroom la washroom clean pannala please check pannunga,Cleanliness and Waste,Housekeeping and Sanitation,High,Hostel,Boys Hostel Washroom,0,
CMP-00761,There is a problem because the toilet is blocked at Hostel Block C.,there is a problem because the toilet is blocked at hostel block c,Water and Plumbing,Plumbing and Civil Maintenance,High,Campus Building,Hostel Block C,0,
CMP-03639,Urgent attention is needed because the cupboard lock is not working in Girls Hostel Block B.,urgent attention is needed because the cupboard lock is not working in girls hostel block b,Hostel and Accommodation,Hostel Administration,Medium,Hostel,Girls Hostel Block B,1,CMP-00399
CMP-00785,Urgent attention is needed because the Wi-Fi is not working in Central Library Reading Hall.,urgent attention is needed because the wi fi is not working in central library reading hall,Wi-Fi and IT Services,IT Support and Network Cell,Medium,Library,Central Library Reading Hall,0,
CMP-02144,I want to report that there is a bad smell near the waste area in Parking Area.,i want to report that there is a bad smell near the waste area in parking area,Cleanliness and Waste,Housekeeping and Sanitation,Medium,Washroom,Parking Area,0,
CMP-03535,I want to report that the Wi-Fi is not working in AI Laboratory.,i want to report that the wi fi is not working in ai laboratory,Wi-Fi and IT Services,IT Support and Network Cell,High,Laboratory,AI Laboratory,1,CMP-00013
CMP-00073,Main Parking Area இல் வளாக பேருந்து தாமதமாக வந்தது. உடனடியாக நடவடிக்கை எடுக்கவும்.,main parking area இல வள க ப ர ந த த மதம க வந தத உடனட ய க நடவட க க எட க கவ ம,Transport and Parking,Transport Cell,Medium,Parking,Main Parking Area,0,
CMP-03811,Hostel Mess பகுதியில் கேன்டீன் சேவை மிகவும் மெதுவாக உள்ளது. தயவுசெய்து சரிசெய்யவும்.,hostel mess பக த ய ல க ன ட ன ச வ ம கவ ம ம த வ க உள ளத தயவ ச ய த சர ச ய யவ ம,Food and Canteen,Canteen Committee,Medium,Canteen,Hostel Mess,1,CMP-02287
CMP-01928,Library Washroom area la waste area pakkathula bad smell iruku.,library washroom area la waste area pakkathula bad smell iruku,Cleanliness and Waste,Housekeeping and Sanitation,Medium,Canteen,Library Washroom,0,
CMP-02572,There is a problem because the bus is overcrowded at Main Parking Area.,there is a problem because the bus is overcrowded at main parking area,Transport and Parking,Transport Cell,Medium,Parking,Main Parking Area,0,
CMP-01683,Hostel Mess இல் உணவின் தரம் மோசமாக உள்ளது. உடனடியாக நடவடிக்கை எடுக்கவும்.,hostel mess இல உணவ ன தரம ம சம க உள ளத உடனட ய க நடவட க க எட க கவ ம,Food and Canteen,Canteen Committee,Low,Canteen,Hostel Mess,0,
CMP-02321,There is a problem because the drinking water dispenser is not working at Main Canteen.,there is a problem because the drinking water dispenser is not working at main canteen,Food and Canteen,Canteen Committee,High,Canteen,Main Canteen,0,
CMP-03691,parking space illa at Main Parking Area. Kindly action edunga.,parking space illa at main parking area kindly action edunga,Transport and Parking,Transport Cell,Medium,Parking,Main Parking Area,1,CMP-00073
CMP-01248,There is a problem because the cupboard lock is not working at Girls Hostel Block A.,there is a problem because the cupboard lock is not working at girls hostel block a,Hostel and Accommodation,Hostel Administration,Medium,Hostel,Girls Hostel Block A,0,
CMP-03797,Urgent attention is needed because the ceiling fan is not working in Hostel Block B.,urgent attention is needed because the ceiling fan is not working in hostel block b,Electrical and Power,Electrical Maintenance,Low,Laboratory,Hostel Block B,1,CMP-01153
CMP-00896,I want to report that water is leaking from the pipe in Boys Hostel Washroom.,i want to report that water is leaking from the pipe in boys hostel washroom,Water and Plumbing,Plumbing and Civil Maintenance,Medium,Canteen,Boys Hostel Washroom,0,
CMP-02029,"Main Canteen la waste area pakkathula bad smell iruku, immediate ah solve pannunga.",main canteen la waste area pakkathula bad smell iruku immediate ah solve pannunga,Cleanliness and Waste,Housekeeping and Sanitation,Low,Campus Road,Main Canteen,0,
CMP-00269,Hostel Room 214 பகுதியில் அறை சுத்தம் செய்யப்படவில்லை. தயவுசெய்து சரிசெய்யவும்.,hostel room 214 பக த ய ல அற ச த தம ச ய யப படவ ல ல தயவ ச ய த சர ச ய யவ ம,Hostel and Accommodation,Hostel Administration,High,Hostel,Hostel Room 214,0,
CMP-00625,"Hostel Room 214 la room clean pannala, immediate ah solve pannunga.",hostel room 214 la room clean pannala immediate ah solve pannunga,Hostel and Accommodation,Hostel Administration,High,Hostel,Hostel Room 214,0,
CMP-00873,Urgent attention is needed because there is a power outage in Engineering Block.,urgent attention is needed because there is a power outage in engineering block,Electrical and Power,Electrical Maintenance,Low,Classroom,Engineering Block,0,
CMP-00751,குப்பை இடத்தின் அருகில் துர்நாற்றம் உள்ளது பிரச்சனை Boys Hostel Washroom இடத்தில் உள்ளது.,க ப ப இடத த ன அர க ல த ர ந ற றம உள ளத ப ரச சன boys hostel washroom இடத த ல உள ளத,Cleanliness and Waste,Housekeeping and Sanitation,High,Canteen,Boys Hostel Washroom,0,
CMP-02920,Computer Laboratory இல் ப்ரொஜெக்டர் காட்சி அளிக்கவில்லை. உடனடியாக நடவடிக்கை எடுக்கவும்.,computer laboratory இல ப ர ஜ க டர க ட ச அள க கவ ல ல உடனட ய க நடவட க க எட க கவ ம,Classroom and Laboratory,Academic Infrastructure,Critical,Classroom,Computer Laboratory,0,
CMP-00144,There is a problem because the scholarship application status is not updated at Scholarship Office.,there is a problem because the scholarship application status is not updated at scholarship office,Administration and Documents,Administrative Office,High,Office,Scholarship Office,0,
CMP-03151,Boys Hostel Washroom பகுதியில் கழிவறை குழாய் உடைந்துள்ளது. தயவுசெய்து சரிசெய்யவும்.,boys hostel washroom பக த ய ல கழ வற க ழ ய உட ந த ள ளத தயவ ச ய த சர ச ய யவ ம,Water and Plumbing,Plumbing and Civil Maintenance,Medium,Canteen,Boys Hostel Washroom,1,CMP-00896
CMP-03616,குழாயில் தண்ணீர் கசிகிறது பிரச்சனை Hostel Block C இடத்தில் உள்ளது.,க ழ ய ல தண ண ர கச க றத ப ரச சன hostel block c இடத த ல உள ளத,Water and Plumbing,Plumbing and Civil Maintenance,High,Canteen,Hostel Block C,1,CMP-01575
CMP-01880,"Parking Area la staircase railing loose ah iruku, immediate ah solve pannunga.",parking area la staircase railing loose ah iruku immediate ah solve pannunga,Safety and Security,Security Office,High,Parking,Parking Area,0,
CMP-03414,There is a problem because there is a broken glass panel at Parking Area.,there is a problem because there is a broken glass panel at parking area,Safety and Security,Security Office,High,Parking,Parking Area,1,CMP-01880
CMP-02564,"Campus Road la electrical panel pakkathula water leak aagudhu, immediate ah solve pannunga.",campus road la electrical panel pakkathula water leak aagudhu immediate ah solve pannunga,Safety and Security,Security Office,Low,Parking,Campus Road,0,
CMP-02924,"Boys Hostel Washroom la toilet block aagiruku, immediate ah solve pannunga.",boys hostel washroom la toilet block aagiruku immediate ah solve pannunga,Water and Plumbing,Plumbing and Civil Maintenance,Medium,Hostel,Boys Hostel Washroom,0,
CMP-01122,"C-305 la AC work aagala, immediate ah solve pannunga.",c 305 la ac work aagala immediate ah solve pannunga,Classroom and Laboratory,Academic Infrastructure,High,Laboratory,C-305,0,
CMP-00549,Urgent attention is needed because the drinking water dispenser is not working in Main Canteen.,urgent attention is needed because the drinking water dispenser is not working in main canteen,Food and Canteen,Canteen Committee,High,Canteen,Main Canteen,0,
CMP-00133,I want to report that the campus bus arrived late in Main Parking Area.,i want to report that the campus bus arrived late in main parking area,Transport and Parking,Transport Cell,Medium,Campus Road,Main Parking Area,0,
CMP-03475,Boys Hostel Washroom area la garbage accumulate aagiruku.,boys hostel washroom area la garbage accumulate aagiruku,Cleanliness and Waste,Housekeeping and Sanitation,High,Canteen,Boys Hostel Washroom,1,CMP-00751
CMP-01021,வளாக தெருவிளக்கு வேலை செய்யவில்லை பிரச்சனை Hostel Block B இடத்தில் உள்ளது.,வள க த ர வ ளக க வ ல ச ய யவ ல ல ப ரச சன hostel block b இடத த ல உள ளத,Safety and Security,Security Office,Critical,Parking,Hostel Block B,0,
CMP-02986,Urgent attention is needed because the classroom bench is broken in C-204.,urgent attention is needed because the classroom bench is broken in c 204,Classroom and Laboratory,Academic Infrastructure,Critical,Laboratory,C-204,0,
CMP-02105,fan work aagala at C-204. Kindly action edunga.,fan work aagala at c 204 kindly action edunga,Electrical and Power,Electrical Maintenance,Medium,Hostel,C-204,0,
CMP-00048,AI Laboratory இல் வைஃபை வேலை செய்யவில்லை. உடனடியாக நடவடிக்கை எடுக்கவும்.,ai laboratory இல வ ஃப வ ல ச ய யவ ல ல உடனட ய க நடவட க க எட க கவ ம,Wi-Fi and IT Services,IT Support and Network Cell,Medium,Laboratory,AI Laboratory,0,
CMP-03345,கழிவறை சுத்தம் செய்யப்படவில்லை பிரச்சனை Library Washroom இடத்தில் உள்ளது.,கழ வற ச த தம ச ய யப படவ ல ல ப ரச சன library washroom இடத த ல உள ளத,Cleanliness and Waste,Housekeeping and Sanitation,Medium,Canteen,Library Washroom,1,CMP-01928
CMP-02651,campus bus late ah vandhuchu at Route 2 Bus Stop. Kindly action edunga.,campus bus late ah vandhuchu at route 2 bus stop kindly action edunga,Transport and Parking,Transport Cell,Low,Campus Road,Route 2 Bus Stop,0,
CMP-00110,அறிவிப்பின்றி பேருந்து பாதை மாற்றப்பட்டது பிரச்சனை College Entrance இடத்தில் உள்ளது.,அற வ ப ப ன ற ப ர ந த ப த ம ற றப பட டத ப ரச சன college entrance இடத த ல உள ளத,Transport and Parking,Transport Cell,Critical,Parking,College Entrance,0,
CMP-00460,Student Service Centre பகுதியில் பொனஃபைடு சான்றிதழ் கோரிக்கை நிலுவையில் உள்ளது. தயவுசெய்து சரிசெய்யவும்.,student service centre பக த ய ல ப னஃப ட ச ன ற தழ க ர க க ந ல வ ய ல உள ளத தயவ ச ய த சர ச ய யவ ம,Administration and Documents,Administrative Office,Medium,Office,Student Service Centre,0,
CMP-03842,There is a problem because the classroom has poor ventilation at C-305.,there is a problem because the classroom has poor ventilation at c 305,Classroom and Laboratory,Academic Infrastructure,High,Laboratory,C-305,1,CMP-01122
CMP-03820,Hostel Room 214 பகுதியில் மெத்தை சேதமடைந்துள்ளது. தயவுசெய்து சரிசெய்யவும்.,hostel room 214 பக த ய ல ம த த ச தமட ந த ள ளத தயவ ச ய த சர ச ய யவ ம,Hostel and Accommodation,Hostel Administration,High,Hostel,Hostel Room 214,1,CMP-00625
CMP-00151,There is a problem because the dustbin is overflowing at Girls Hostel Washroom.,there is a problem because the dustbin is overflowing at girls hostel washroom,Cleanliness and Waste,Housekeeping and Sanitation,High,Campus Road,Girls Hostel Washroom,0,
CMP-02160,Please check the washroom tap is broken at Boys Hostel Washroom.,please check the washroom tap is broken at boys hostel washroom,Water and Plumbing,Plumbing and Civil Maintenance,Medium,Campus Building,Boys Hostel Washroom,0,
CMP-00797,Please check the ID card request is delayed at Examination Cell.,please check the id card request is delayed at examination cell,Administration and Documents,Administrative Office,Low,Office,Examination Cell,0,
CMP-01508,Academic Office la ID card request delay aagudhu. Please check pannunga.,academic office la id card request delay aagudhu please check pannunga,Administration and Documents,Administrative Office,Medium,Office,Academic Office,0,
CMP-02306,Please check the campus street light is not working at Library Entrance.,please check the campus street light is not working at library entrance,Safety and Security,Security Office,Medium,Campus Road,Library Entrance,0,
CMP-00764,Urgent attention is needed because the campus bus arrived late in College Entrance.,urgent attention is needed because the campus bus arrived late in college entrance,Transport and Parking,Transport Cell,Medium,Parking,College Entrance,0,
CMP-03807,There is a problem because there is no parking space available at Route 2 Bus Stop.,there is a problem because there is no parking space available at route 2 bus stop,Transport and Parking,Transport Cell,Low,Campus Road,Route 2 Bus Stop,1,CMP-02651
CMP-03421,C-204 பகுதியில் குளிர்சாதன வசதி வேலை செய்யவில்லை. தயவுசெய்து சரிசெய்யவும்.,c 204 பக த ய ல க ள ர ச தன வசத வ ல ச ய யவ ல ல தயவ ச ய த சர ச ய யவ ம,Classroom and Laboratory,Academic Infrastructure,Critical,Laboratory,C-204,1,CMP-02986
CMP-02268,Urgent attention is needed because the student portal is not loading in Hostel Block B.,urgent attention is needed because the student portal is not loading in hostel block b,Wi-Fi and IT Services,IT Support and Network Cell,High,Hostel,Hostel Block B,0,
CMP-00557,"Route 3 Bus Stop la campus bus late ah vandhuchu, immediate ah solve pannunga.",route 3 bus stop la campus bus late ah vandhuchu immediate ah solve pannunga,Transport and Parking,Transport Cell,High,Campus Road,Route 3 Bus Stop,0,
CMP-02916,Examination Cell இல் கட்டண செலுத்துதல் தளத்தில் புதுப்பிக்கப்படவில்லை. உடனடியாக நடவடிக்கை எடுக்கவும்.,examination cell இல கட டண ச ல த த தல தளத த ல ப த ப ப க கப படவ ல ல உடனட ய க நடவட க க எட க கவ ம,Administration and Documents,Administrative Office,Low,Office,Examination Cell,0,
CMP-00236,"Boys Hostel Washroom la washroom clean pannala, immediate ah solve pannunga.",boys hostel washroom la washroom clean pannala immediate ah solve pannunga,Cleanliness and Waste,Housekeeping and Sanitation,High,Canteen,Boys Hostel Washroom,0,
CMP-01097,I want to report that the dustbin is overflowing in Main Canteen.,i want to report that the dustbin is overflowing in main canteen,Cleanliness and Waste,Housekeeping and Sanitation,High,Canteen,Main Canteen,0,
CMP-02398,வளாக பேருந்து தாமதமாக வந்தது பிரச்சனை Main Parking Area இடத்தில் உள்ளது.,வள க ப ர ந த த மதம க வந தத ப ரச சன main parking area இடத த ல உள ளத,Transport and Parking,Transport Cell,Low,Parking,Main Parking Area,0,
CMP-02288,Campus Road பகுதியில் கண்ணாடி பலகம் உடைந்துள்ளது. தயவுசெய்து சரிசெய்யவும்.,campus road பக த ய ல கண ண ட பலகம உட ந த ள ளத தயவ ச ய த சர ச ய யவ ம,Safety and Security,Security Office,High,Campus Road,Campus Road,0,
CMP-03296,நிறுத்துமிடம் கிடைக்கவில்லை பிரச்சனை Main Parking Area இடத்தில் உள்ளது.,ந ற த த ம டம க ட க கவ ல ல ப ரச சன main parking area இடத த ல உள ளத,Transport and Parking,Transport Cell,Medium,Campus Road,Main Parking Area,1,CMP-00133
CMP-03424,Hostel Block B area la lab computer network connect aagala.,hostel block b area la lab computer network connect aagala,Wi-Fi and IT Services,IT Support and Network Cell,High,Hostel,Hostel Block B,1,CMP-02268
CMP-03746,"Girls Hostel Washroom la garbage accumulate aagiruku, immediate ah solve pannunga.",girls hostel washroom la garbage accumulate aagiruku immediate ah solve pannunga,Cleanliness and Waste,Housekeeping and Sanitation,High,Campus Road,Girls Hostel Washroom,1,CMP-00151
CMP-01333,Please check there is a bad smell near the waste area at Main Canteen.,please check there is a bad smell near the waste area at main canteen,Cleanliness and Waste,Housekeeping and Sanitation,Low,Hostel,Main Canteen,0,
CMP-00672,வளாக தெருவிளக்கு வேலை செய்யவில்லை பிரச்சனை Engineering Block இடத்தில் உள்ளது.,வள க த ர வ ளக க வ ல ச ய யவ ல ல ப ரச சன engineering block இடத த ல உள ளத,Safety and Security,Security Office,Medium,Campus Building,Engineering Block,0,
CMP-02596,There is a problem because water is leaking from the pipe at Engineering Block.,there is a problem because water is leaking from the pipe at engineering block,Water and Plumbing,Plumbing and Civil Maintenance,High,Campus Building,Engineering Block,0,
CMP-01674,Please check the projector is not displaying at AI Laboratory.,please check the projector is not displaying at ai laboratory,Classroom and Laboratory,Academic Infrastructure,High,Laboratory,AI Laboratory,0,
CMP-02211,There is a problem because the fee payment is not updated in the portal at Academic Office.,there is a problem because the fee payment is not updated in the portal at academic office,Administration and Documents,Administrative Office,Low,Office,Academic Office,0,
CMP-00037,There is a problem because the marksheet correction request is pending at Accounts Office.,there is a problem because the marksheet correction request is pending at accounts office,Administration and Documents,Administrative Office,Medium,Office,Accounts Office,0,
CMP-02606,Academic Block Corridor la waste area pakkathula bad smell iruku. Please check pannunga.,academic block corridor la waste area pakkathula bad smell iruku please check pannunga,Cleanliness and Waste,Housekeeping and Sanitation,Medium,Hostel,Academic Block Corridor,0,
CMP-03181,campus street light work aagala at Engineering Block. Kindly action edunga.,campus street light work aagala at engineering block kindly action edunga,Safety and Security,Security Office,Medium,Campus Building,Engineering Block,1,CMP-00672
CMP-01445,Student Service Centre பகுதியில் உதவித்தொகை நிலை புதுப்பிக்கப்படவில்லை. தயவுசெய்து சரிசெய்யவும்.,student service centre பக த ய ல உதவ த த க ந ல ப த ப ப க கப படவ ல ல தயவ ச ய த சர ச ய யவ ம,Administration and Documents,Administrative Office,Medium,Office,Student Service Centre,0,
CMP-01172,Please check the laboratory equipment is not functioning at AI Laboratory.,please check the laboratory equipment is not functioning at ai laboratory,Classroom and Laboratory,Academic Infrastructure,High,Classroom,AI Laboratory,0,
CMP-00701,Please check there is a broken glass panel at Main Gate.,please check there is a broken glass panel at main gate,Safety and Security,Security Office,High,Campus Building,Main Gate,0,
CMP-03266,electrical panel pakkathula water leak aagudhu at Library Entrance. Kindly action edunga.,electrical panel pakkathula water leak aagudhu at library entrance kindly action edunga,Safety and Security,Security Office,Medium,Campus Road,Library Entrance,1,CMP-02306
CMP-01071,"Main Canteen la canteen service romba slow ah iruku, immediate ah solve pannunga.",main canteen la canteen service romba slow ah iruku immediate ah solve pannunga,Food and Canteen,Canteen Committee,High,Canteen,Main Canteen,0,
CMP-01173,AI Laboratory la student portal load aagala. Please check pannunga.,ai laboratory la student portal load aagala please check pannunga,Wi-Fi and IT Services,IT Support and Network Cell,Medium,Classroom,AI Laboratory,0,
CMP-01369,Please check the room has a damaged window at Boys Hostel Block B.,please check the room has a damaged window at boys hostel block b,Hostel and Accommodation,Hostel Administration,Medium,Hostel,Boys Hostel Block B,0,
CMP-03042,"Boys Hostel Washroom la toilet block aagiruku, immediate ah solve pannunga.",boys hostel washroom la toilet block aagiruku immediate ah solve pannunga,Water and Plumbing,Plumbing and Civil Maintenance,Medium,Campus Building,Boys Hostel Washroom,1,CMP-02160
CMP-01949,food hygiene illa at Hostel Mess. Kindly action edunga.,food hygiene illa at hostel mess kindly action edunga,Food and Canteen,Canteen Committee,High,Canteen,Hostel Mess,0,
CMP-01536,I want to report that there is no parking space available in Main Parking Area.,i want to report that there is no parking space available in main parking area,Transport and Parking,Transport Cell,Low,Parking,Main Parking Area,0,
CMP-00422,washroom clean pannala at Library Washroom. Kindly action edunga.,washroom clean pannala at library washroom kindly action edunga,Cleanliness and Waste,Housekeeping and Sanitation,Low,Hostel,Library Washroom,0,
CMP-00735,Student Service Centre இல் கட்டண செலுத்துதல் தளத்தில் புதுப்பிக்கப்படவில்லை. உடனடியாக நடவடிக்கை எடுக்கவும்.,student service centre இல கட டண ச ல த த தல தளத த ல ப த ப ப க கப படவ ல ல உடனட ய க நடவட க க எட க கவ ம,Administration and Documents,Administrative Office,Medium,Office,Student Service Centre,0,
CMP-03828,Accounts Office பகுதியில் அடையாள அட்டை கோரிக்கை தாமதமாகிறது. தயவுசெய்து சரிசெய்யவும்.,accounts office பக த ய ல அட ய ள அட ட க ர க க த மதம க றத தயவ ச ய த சர ச ய யவ ம,Administration and Documents,Administrative Office,Medium,Office,Accounts Office,1,CMP-00037
CMP-03326,Please check a vehicle is blocking the campus entrance at Main Parking Area.,please check a vehicle is blocking the campus entrance at main parking area,Transport and Parking,Transport Cell,Low,Parking,Main Parking Area,1,CMP-02398
CMP-00644,Urgent attention is needed because the air conditioner is not working in C-305.,urgent attention is needed because the air conditioner is not working in c 305,Classroom and Laboratory,Academic Infrastructure,High,Classroom,C-305,0,
CMP-00377,Please check the food appears unhygienic at North Canteen.,please check the food appears unhygienic at north canteen,Food and Canteen,Canteen Committee,Medium,Canteen,North Canteen,0,
CMP-03897,Please check the fee payment is not updated in the portal at Examination Cell.,please check the fee payment is not updated in the portal at examination cell,Administration and Documents,Administrative Office,Low,Office,Examination Cell,1,CMP-02916
CMP-00776,food price wrong ah iruku at Hostel Mess. Kindly action edunga.,food price wrong ah iruku at hostel mess kindly action edunga,Food and Canteen,Canteen Committee,High,Canteen,Hostel Mess,0,
CMP-00587,C-101 area la classroom bench broken ah iruku.,c 101 area la classroom bench broken ah iruku,Classroom and Laboratory,Academic Infrastructure,High,Classroom,C-101,0,
CMP-01787,"Hostel Block B la glass panel broken ah iruku, immediate ah solve pannunga.",hostel block b la glass panel broken ah iruku immediate ah solve pannunga,Safety and Security,Security Office,High,Campus Building,Hostel Block B,0,
CMP-01655,Urgent attention is needed because the mattress is damaged in Hostel Room 312.,urgent attention is needed because the mattress is damaged in hostel room 312,Hostel and Accommodation,Hostel Administration,Medium,Hostel,Hostel Room 312,0,
CMP-01141,There is a problem because the washroom tap is broken at Girls Hostel Washroom.,there is a problem because the washroom tap is broken at girls hostel washroom,Water and Plumbing,Plumbing and Civil Maintenance,Medium,Canteen,Girls Hostel Washroom,0,
CMP-00661,Examination Cell பகுதியில் உதவித்தொகை நிலை புதுப்பிக்கப்படவில்லை. தயவுசெய்து சரிசெய்யவும்.,examination cell பக த ய ல உதவ த த க ந ல ப த ப ப க கப படவ ல ல தயவ ச ய த சர ச ய யவ ம,Administration and Documents,Administrative Office,High,Office,Examination Cell,0,
CMP-02127,Girls Hostel Block B area la room clean pannala.,girls hostel block b area la room clean pannala,Hostel and Accommodation,Hostel Administration,Medium,Hostel,Girls Hostel Block B,0,
CMP-00077,corridor dirty ah iruku at Main Canteen. Kindly action edunga.,corridor dirty ah iruku at main canteen kindly action edunga,Cleanliness and Waste,Housekeeping and Sanitation,High,Washroom,Main Canteen,0,
CMP-01145,"Main Canteen la dustbin overflow aagudhu, immediate ah solve pannunga.",main canteen la dustbin overflow aagudhu immediate ah solve pannunga,Cleanliness and Waste,Housekeeping and Sanitation,Low,Canteen,Main Canteen,0,
CMP-03764,Main Canteen இல் உணவின் தரம் மோசமாக உள்ளது. உடனடியாக நடவடிக்கை எடுக்கவும்.,main canteen இல உணவ ன தரம ம சம க உள ளத உடனட ய க நடவட க க எட க கவ ம,Food and Canteen,Canteen Committee,High,Canteen,Main Canteen,1,CMP-01071
CMP-03343,Main Canteen la garbage accumulate aagiruku. Please check pannunga.,main canteen la garbage accumulate aagiruku please check pannunga,Cleanliness and Waste,Housekeeping and Sanitation,Low,Hostel,Main Canteen,1,CMP-01333
CMP-01900,There is a problem because the room has a damaged window at Boys Hostel Block A.,there is a problem because the room has a damaged window at boys hostel block a,Hostel and Accommodation,Hostel Administration,High,Hostel,Boys Hostel Block A,0,
CMP-00852,There is a problem because the food appears unhygienic at Hostel Mess.,there is a problem because the food appears unhygienic at hostel mess,Food and Canteen,Canteen Committee,Medium,Canteen,Hostel Mess,0,
CMP-01885,I want to report that an unauthorized person entered the hostel area in Hostel Block B.,i want to report that an unauthorized person entered the hostel area in hostel block b,Safety and Security,Security Office,Medium,Hostel,Hostel Block B,0,
CMP-02831,Parking Area பகுதியில் கண்ணாடி பலகம் உடைந்துள்ளது. தயவுசெய்து சரிசெய்யவும்.,parking area பக த ய ல கண ண ட பலகம உட ந த ள ளத தயவ ச ய த சர ச ய யவ ம,Safety and Security,Security Office,Critical,Parking,Parking Area,0,
CMP-02743,food hygiene illa at North Canteen. Kindly action edunga.,food hygiene illa at north canteen kindly action edunga,Food and Canteen,Canteen Committee,Low,Canteen,North Canteen,0,
CMP-00554,I want to report that the staircase railing is loose in Library Entrance.,i want to report that the staircase railing is loose in library entrance,Safety and Security,Security Office,Critical,Campus Building,Library Entrance,0,
CMP-03384,C-305 area la classroom bench broken ah iruku.,c 305 area la classroom bench broken ah iruku,Classroom and Laboratory,Academic Infrastructure,High,Classroom,C-305,1,CMP-00644
CMP-03782,"Library Entrance la campus street light work aagala, immediate ah solve pannunga.",library entrance la campus street light work aagala immediate ah solve pannunga,Safety and Security,Security Office,Critical,Campus Building,Library Entrance,1,CMP-00554
CMP-02574,North Canteen இல் உணவு சுகாதாரமற்றதாக உள்ளது. உடனடியாக நடவடிக்கை எடுக்கவும்.,north canteen இல உணவ ச க த ரமற றத க உள ளத உடனட ய க நடவட க க எட க கவ ம,Food and Canteen,Canteen Committee,High,Canteen,North Canteen,0,
CMP-00574,Route 2 Bus Stop la vehicle campus entrance block pannudhu. Please check pannunga.,route 2 bus stop la vehicle campus entrance block pannudhu please check pannunga,Transport and Parking,Transport Cell,Medium,Campus Road,Route 2 Bus Stop,0,
CMP-02912,marksheet correction pending la iruku at Scholarship Office. Kindly action edunga.,marksheet correction pending la iruku at scholarship office kindly action edunga,Administration and Documents,Administrative Office,Medium,Office,Scholarship Office,0,
CMP-03267,ஜன்னல் சேதமடைந்துள்ளது பிரச்சனை Girls Hostel Block B இடத்தில் உள்ளது.,ஜன னல ச தமட ந த ள ளத ப ரச சன girls hostel block b இடத த ல உள ளத,Hostel and Accommodation,Hostel Administration,Medium,Hostel,Girls Hostel Block B,1,CMP-02127
CMP-01637,College Entrance பகுதியில் வாகனம் வளாக நுழைவாயிலை மறைத்துள்ளது. தயவுசெய்து சரிசெய்யவும்.,college entrance பக த ய ல வ கனம வள க ந ழ வ ய ல மற த த ள ளத தயவ ச ய த சர ச ய யவ ம,Transport and Parking,Transport Cell,Low,Parking,College Entrance,0,
CMP-00559,Hostel Block B area la pipe la water leak aagudhu.,hostel block b area la pipe la water leak aagudhu,Water and Plumbing,Plumbing and Civil Maintenance,Medium,Washroom,Hostel Block B,0,
CMP-01752,"Girls Hostel Washroom la pipe la water leak aagudhu, immediate ah solve pannunga.",girls hostel washroom la pipe la water leak aagudhu immediate ah solve pannunga,Water and Plumbing,Plumbing and Civil Maintenance,Medium,Hostel,Girls Hostel Washroom,0,
CMP-00446,Girls Hostel Washroom பகுதியில் நடைபாதை அழுக்காக உள்ளது. தயவுசெய்து சரிசெய்யவும்.,girls hostel washroom பக த ய ல நட ப த அழ க க க உள ளத தயவ ச ய த சர ச ய யவ ம,Cleanliness and Waste,Housekeeping and Sanitation,Medium,Canteen,Girls Hostel Washroom,0,
CMP-03572,There is a problem because the laboratory computer cannot access the network at AI Laboratory.,there is a problem because the laboratory computer cannot access the network at ai laboratory,Wi-Fi and IT Services,IT Support and Network Cell,Medium,Classroom,AI Laboratory,1,CMP-01173
CMP-03784,Urgent attention is needed because the food price is incorrect in Hostel Mess.,urgent attention is needed because the food price is incorrect in hostel mess,Food and Canteen,Canteen Committee,High,Canteen,Hostel Mess,1,CMP-00776
CMP-02159,There is a problem because there is a power outage at Hostel Block A.,there is a problem because there is a power outage at hostel block a,Electrical and Power,Electrical Maintenance,High,Hostel,Hostel Block A,0,
CMP-03822,drinking water dispenser work aagala at Hostel Mess. Kindly action edunga.,drinking water dispenser work aagala at hostel mess kindly action edunga,Food and Canteen,Canteen Committee,Medium,Canteen,Hostel Mess,1,CMP-00852
CMP-02486,ஈஆர்பி உள்நுழைவு தோல்வியடைந்தது பிரச்சனை Hostel Block A இடத்தில் உள்ளது.,ஈஆர ப உள ந ழ வ த ல வ யட ந தத ப ரச சன hostel block a இடத த ல உள ளத,Wi-Fi and IT Services,IT Support and Network Cell,Medium,Laboratory,Hostel Block A,0,
CMP-02581,unauthorized person hostel area la vandhirukanga at Parking Area. Kindly action edunga.,unauthorized person hostel area la vandhirukanga at parking area kindly action edunga,Safety and Security,Security Office,High,Parking,Parking Area,0,
CMP-01450,உணவின் விலை தவறாக உள்ளது பிரச்சனை Main Canteen இடத்தில் உள்ளது.,உணவ ன வ ல தவற க உள ளத ப ரச சன main canteen இடத த ல உள ளத,Food and Canteen,Canteen Committee,Low,Canteen,Main Canteen,0,
CMP-00905,There is a problem because a vehicle is blocking the campus entrance at Route 1 Bus Stop.,there is a problem because a vehicle is blocking the campus entrance at route 1 bus stop,Transport and Parking,Transport Cell,Low,Parking,Route 1 Bus Stop,0,
CMP-00187,Hostel Room 312 இல் அறை சுத்தம் செய்யப்படவில்லை. உடனடியாக நடவடிக்கை எடுக்கவும்.,hostel room 312 இல அற ச த தம ச ய யப படவ ல ல உடனட ய க நடவட க க எட க கவ ம,Hostel and Accommodation,Hostel Administration,High,Hostel,Hostel Room 312,0,
CMP-02446,Hostel Block A பகுதியில் மின்விசிறி வேலை செய்யவில்லை. தயவுசெய்து சரிசெய்யவும்.,hostel block a பக த ய ல ம ன வ ச ற வ ல ச ய யவ ல ல தயவ ச ய த சர ச ய யவ ம,Electrical and Power,Electrical Maintenance,Medium,Laboratory,Hostel Block A,0,
CMP-00502,Route 1 Bus Stop இல் நிறுத்துமிடம் கிடைக்கவில்லை. உடனடியாக நடவடிக்கை எடுக்கவும்.,route 1 bus stop இல ந ற த த ம டம க ட க கவ ல ல உடனட ய க நடவட க க எட க கவ ம,Transport and Parking,Transport Cell,Critical,Campus Road,Route 1 Bus Stop,0,
CMP-00249,Engineering Block area la water supply varala.,engineering block area la water supply varala,Water and Plumbing,Plumbing and Civil Maintenance,Medium,Canteen,Engineering Block,0,
CMP-00899,Computer Laboratory பகுதியில் குளிர்சாதன வசதி வேலை செய்யவில்லை. தயவுசெய்து சரிசெய்யவும்.,computer laboratory பக த ய ல க ள ர ச தன வசத வ ல ச ய யவ ல ல தயவ ச ய த சர ச ய யவ ம,Classroom and Laboratory,Academic Infrastructure,Low,Laboratory,Computer Laboratory,0,
CMP-03540,canteen service romba slow ah iruku at Main Canteen. Kindly action edunga.,canteen service romba slow ah iruku at main canteen kindly action edunga,Food and Canteen,Canteen Committee,Low,Canteen,Main Canteen,1,CMP-01450
CMP-00538,C-305 area la AC work aagala.,c 305 area la ac work aagala,Classroom and Laboratory,Academic Infrastructure,High,Classroom,C-305,0,
CMP-03098,Urgent attention is needed because there is a bad smell near the waste area in Girls Hostel Washroom.,urgent attention is needed because there is a bad smell near the waste area in girls hostel washroom,Cleanliness and Waste,Housekeeping and Sanitation,Medium,Canteen,Girls Hostel Washroom,1,CMP-00446
CMP-03633,அறிவிப்பின்றி பேருந்து பாதை மாற்றப்பட்டது பிரச்சனை Route 2 Bus Stop இடத்தில் உள்ளது.,அற வ ப ப ன ற ப ர ந த ப த ம ற றப பட டத ப ரச சன route 2 bus stop இடத த ல உள ளத,Transport and Parking,Transport Cell,Medium,Campus Road,Route 2 Bus Stop,1,CMP-00574
CMP-01572,Engineering Block la unauthorized person hostel area la vandhirukanga. Please check pannunga.,engineering block la unauthorized person hostel area la vandhirukanga please check pannunga,Safety and Security,Security Office,Critical,Parking,Engineering Block,0,
CMP-03274,"Route 1 Bus Stop la vehicle campus entrance block pannudhu, immediate ah solve pannunga.",route 1 bus stop la vehicle campus entrance block pannudhu immediate ah solve pannunga,Transport and Parking,Transport Cell,Low,Parking,Route 1 Bus Stop,1,CMP-00905
CMP-03127,There is a problem because the air conditioner is not working at Computer Laboratory.,there is a problem because the air conditioner is not working at computer laboratory,Classroom and Laboratory,Academic Infrastructure,Low,Laboratory,Computer Laboratory,1,CMP-00899
CMP-02274,North Canteen la food hygiene illa. Please check pannunga.,north canteen la food hygiene illa please check pannunga,Food and Canteen,Canteen Committee,Critical,Canteen,North Canteen,0,
CMP-02583,Route 3 Bus Stop இல் வளாக பேருந்து தாமதமாக வந்தது. உடனடியாக நடவடிக்கை எடுக்கவும்.,route 3 bus stop இல வள க ப ர ந த த மதம க வந தத உடனட ய க நடவட க க எட க கவ ம,Transport and Parking,Transport Cell,Low,Campus Road,Route 3 Bus Stop,0,
CMP-02007,தண்ணீர் வழங்கல் இல்லை பிரச்சனை Hostel Block A இடத்தில் உள்ளது.,தண ண ர வழங கல இல ல ப ரச சன hostel block a இடத த ல உள ளத,Water and Plumbing,Plumbing and Civil Maintenance,Medium,Campus Building,Hostel Block A,0,
CMP-01158,There is a problem because the campus bus arrived late at College Entrance.,there is a problem because the campus bus arrived late at college entrance,Transport and Parking,Transport Cell,Low,Campus Road,College Entrance,0,
CMP-01793,wifi work aagala at Hostel Block A. Kindly action edunga.,wifi work aagala at hostel block a kindly action edunga,Wi-Fi and IT Services,IT Support and Network Cell,Low,Laboratory,Hostel Block A,0,
CMP-01957,student portal load aagala at Hostel Block B. Kindly action edunga.,student portal load aagala at hostel block b kindly action edunga,Wi-Fi and IT Services,IT Support and Network Cell,High,Hostel,Hostel Block B,0,
CMP-02967,Urgent attention is needed because there is a power outage in Hostel Block A.,urgent attention is needed because there is a power outage in hostel block a,Electrical and Power,Electrical Maintenance,High,Hostel,Hostel Block A,0,
CMP-03579,பொனஃபைடு சான்றிதழ் கோரிக்கை நிலுவையில் உள்ளது பிரச்சனை Scholarship Office இடத்தில் உள்ளது.,ப னஃப ட ச ன ற தழ க ர க க ந ல வ ய ல உள ளத ப ரச சன scholarship office இடத த ல உள ளத,Administration and Documents,Administrative Office,Medium,Office,Scholarship Office,1,CMP-02912
CMP-02631,bus romba crowded ah iruku at Route 2 Bus Stop. Kindly action edunga.,bus romba crowded ah iruku at route 2 bus stop kindly action edunga,Transport and Parking,Transport Cell,High,Parking,Route 2 Bus Stop,0,
CMP-01012,Hostel Block A பகுதியில் கழிவறை அடைத்துள்ளது. தயவுசெய்து சரிசெய்யவும்.,hostel block a பக த ய ல கழ வற அட த த ள ளத தயவ ச ய த சர ச ய யவ ம,Water and Plumbing,Plumbing and Civil Maintenance,High,Washroom,Hostel Block A,0,
CMP-01200,Urgent attention is needed because the tube light is flickering in Computer Laboratory.,urgent attention is needed because the tube light is flickering in computer laboratory,Electrical and Power,Electrical Maintenance,Critical,Classroom,Computer Laboratory,0,
CMP-00265,Urgent attention is needed because the canteen service is very slow in North Canteen.,urgent attention is needed because the canteen service is very slow in north canteen,Food and Canteen,Canteen Committee,Low,Canteen,North Canteen,0,
CMP-01892,Urgent attention is needed because the dustbin is overflowing in Boys Hostel Washroom.,urgent attention is needed because the dustbin is overflowing in boys hostel washroom,Cleanliness and Waste,Housekeeping and Sanitation,High,Hostel,Boys Hostel Washroom,0,
CMP-00132,There is a problem because the food appears unhygienic at North Canteen.,there is a problem because the food appears unhygienic at north canteen,Food and Canteen,Canteen Committee,High,Canteen,North Canteen,0,
CMP-00268,Boys Hostel Washroom area la water tank overflow aagudhu.,boys hostel washroom area la water tank overflow aagudhu,Water and Plumbing,Plumbing and Civil Maintenance,Critical,Hostel,Boys Hostel Washroom,0,
CMP-00885,Please check water is leaking near an electrical panel at Main Gate.,please check water is leaking near an electrical panel at main gate,Safety and Security,Security Office,Critical,Hostel,Main Gate,0,
CMP-03674,வைஃபை வேலை செய்யவில்லை பிரச்சனை Hostel Block A இடத்தில் உள்ளது.,வ ஃப வ ல ச ய யவ ல ல ப ரச சன hostel block a இடத த ல உள ளத,Wi-Fi and IT Services,IT Support and Network Cell,Low,Laboratory,Hostel Block A,1,CMP-01793
CMP-02859,There is a problem because the electrical switch is damaged at C-204.,there is a problem because the electrical switch is damaged at c 204,Electrical and Power,Electrical Maintenance,High,Classroom,C-204,0,
CMP-00939,Accounts Office இல் கட்டண செலுத்துதல் தளத்தில் புதுப்பிக்கப்படவில்லை. உடனடியாக நடவடிக்கை எடுக்கவும்.,accounts office இல கட டண ச ல த த தல தளத த ல ப த ப ப க கப படவ ல ல உடனட ய க நடவட க க எட க கவ ம,Administration and Documents,Administrative Office,Low,Office,Accounts Office,0,
CMP-01678,Urgent attention is needed because the projector is not displaying in Computer Laboratory.,urgent attention is needed because the projector is not displaying in computer laboratory,Classroom and Laboratory,Academic Infrastructure,Medium,Classroom,Computer Laboratory,0,
CMP-01209,Academic Office la ID card request delay aagudhu. Please check pannunga.,academic office la id card request delay aagudhu please check pannunga,Administration and Documents,Administrative Office,Medium,Office,Academic Office,0,
CMP-02512,Boys Hostel Washroom la pipe la water leak aagudhu. Please check pannunga.,boys hostel washroom la pipe la water leak aagudhu please check pannunga,Water and Plumbing,Plumbing and Civil Maintenance,Medium,Washroom,Boys Hostel Washroom,0,
CMP-00019,Please check the ID card request is delayed at Academic Office.,please check the id card request is delayed at academic office,Administration and Documents,Administrative Office,Medium,Office,Academic Office,0,
CMP-03458,Hostel Room 312 area la mattress damage aagiruku.,hostel room 312 area la mattress damage aagiruku,Hostel and Accommodation,Hostel Administration,High,Hostel,Hostel Room 312,1,CMP-00187
CMP-00272,Central Library Reading Hall la student portal load aagala. Please check pannunga.,central library reading hall la student portal load aagala please check pannunga,Wi-Fi and IT Services,IT Support and Network Cell,Low,Laboratory,Central Library Reading Hall,0,
CMP-00922,ERP login aagala at Central Library Reading Hall. Kindly action edunga.,erp login aagala at central library reading hall kindly action edunga,Wi-Fi and IT Services,IT Support and Network Cell,Critical,Library,Central Library Reading Hall,0,
CMP-03235,North Canteen area la drinking water dispenser work aagala.,north canteen area la drinking water dispenser work aagala,Food and Canteen,Canteen Committee,Low,Canteen,North Canteen,1,CMP-00265
CMP-03631,"Computer Laboratory la corridor light eriyala, immediate ah solve pannunga.",computer laboratory la corridor light eriyala immediate ah solve pannunga,Electrical and Power,Electrical Maintenance,Critical,Classroom,Computer Laboratory,1,CMP-01200
CMP-01662,ஆய்வக உபகரணம் வேலை செய்யவில்லை பிரச்சனை Computer Laboratory இடத்தில் உள்ளது.,ஆய வக உபகரணம வ ல ச ய யவ ல ல ப ரச சன computer laboratory இடத த ல உள ளத,Classroom and Laboratory,Academic Infrastructure,Medium,Classroom,Computer Laboratory,0,
CMP-01986,"Engineering Block la pipe la water leak aagudhu, immediate ah solve pannunga.",engineering block la pipe la water leak aagudhu immediate ah solve pannunga,Water and Plumbing,Plumbing and Civil Maintenance,Medium,Washroom,Engineering Block,0,
CMP-00562,Engineering Block பகுதியில் தண்ணீர் வழங்கல் இல்லை. தயவுசெய்து சரிசெய்யவும்.,engineering block பக த ய ல தண ண ர வழங கல இல ல தயவ ச ய த சர ச ய யவ ம,Water and Plumbing,Plumbing and Civil Maintenance,High,Hostel,Engineering Block,0,
CMP-02748,corridor light eriyala at Hostel Block B. Kindly action edunga.,corridor light eriyala at hostel block b kindly action edunga,Electrical and Power,Electrical Maintenance,Medium,Laboratory,Hostel Block B,0,
CMP-03611,Please check the internet connection is very slow at Hostel Block B.,please check the internet connection is very slow at hostel block b,Wi-Fi and IT Services,IT Support and Network Cell,High,Hostel,Hostel Block B,1,CMP-01957
CMP-00754,There is a problem because a vehicle is blocking the campus entrance at Route 3 Bus Stop.,there is a problem because a vehicle is blocking the campus entrance at route 3 bus stop,Transport and Parking,Transport Cell,High,Campus Road,Route 3 Bus Stop,0,
CMP-00678,I want to report that the hostel room is not cleaned in Boys Hostel Block A.,i want to report that the hostel room is not cleaned in boys hostel block a,Hostel and Accommodation,Hostel Administration,Critical,Hostel,Boys Hostel Block A,0,
CMP-01109,மின்பலகையின் அருகில் தண்ணீர் கசிகிறது பிரச்சனை Parking Area இடத்தில் உள்ளது.,ம ன பலக ய ன அர க ல தண ண ர கச க றத ப ரச சன parking area இடத த ல உள ளத,Safety and Security,Security Office,Low,Campus Road,Parking Area,0,
CMP-01480,I want to report that the dustbin is overflowing in Academic Block Corridor.,i want to report that the dustbin is overflowing in academic block corridor,Cleanliness and Waste,Housekeeping and Sanitation,Medium,Canteen,Academic Block Corridor,0,
CMP-03314,I want to report that there is no water supply in Hostel Block A.,i want to report that there is no water supply in hostel block a,Water and Plumbing,Plumbing and Civil Maintenance,High,Washroom,Hostel Block A,1,CMP-01012
CMP-03819,மின்சார சுவிட்ச் சேதமடைந்துள்ளது பிரச்சனை C-204 இடத்தில் உள்ளது.,ம ன ச ர ச வ ட ச ச தமட ந த ள ளத ப ரச சன c 204 இடத த ல உள ளத,Electrical and Power,Electrical Maintenance,High,Classroom,C-204,1,CMP-02859
CMP-02735,Urgent attention is needed because the bus is overcrowded in Route 3 Bus Stop.,urgent attention is needed because the bus is overcrowded in route 3 bus stop,Transport and Parking,Transport Cell,Low,Campus Road,Route 3 Bus Stop,0,
CMP-03648,Route 3 Bus Stop பகுதியில் வளாக பேருந்து தாமதமாக வந்தது. தயவுசெய்து சரிசெய்யவும்.,route 3 bus stop பக த ய ல வள க ப ர ந த த மதம க வந தத தயவ ச ய த சர ச ய யவ ம,Transport and Parking,Transport Cell,High,Campus Road,Route 3 Bus Stop,1,CMP-00754
CMP-02871,"Academic Office la ID card request delay aagudhu, immediate ah solve pannunga.",academic office la id card request delay aagudhu immediate ah solve pannunga,Administration and Documents,Administrative Office,Medium,Office,Academic Office,0,
CMP-03869,"Computer Laboratory la classroom bench broken ah iruku, immediate ah solve pannunga.",computer laboratory la classroom bench broken ah iruku immediate ah solve pannunga,Classroom and Laboratory,Academic Infrastructure,Medium,Classroom,Computer Laboratory,1,CMP-01678
CMP-00548,Urgent attention is needed because water is leaking near an electrical panel in Engineering Block.,urgent attention is needed because water is leaking near an electrical panel in engineering block,Safety and Security,Security Office,High,Hostel,Engineering Block,0,
CMP-02528,I want to report that the corridor is dirty in Main Canteen.,i want to report that the corridor is dirty in main canteen,Cleanliness and Waste,Housekeeping and Sanitation,High,Washroom,Main Canteen,0,
CMP-03480,கழிவறை சுத்தம் செய்யப்படவில்லை பிரச்சனை Main Canteen இடத்தில் உள்ளது.,கழ வற ச த தம ச ய யப படவ ல ல ப ரச சன main canteen இடத த ல உள ளத,Cleanliness and Waste,Housekeeping and Sanitation,High,Washroom,Main Canteen,1,CMP-02528
CMP-03203,Urgent attention is needed because there is no water supply in Engineering Block.,urgent attention is needed because there is no water supply in engineering block,Water and Plumbing,Plumbing and Civil Maintenance,Medium,Washroom,Engineering Block,1,CMP-01986
CMP-01881,There is a problem because the room has a damaged window at Boys Hostel Block B.,there is a problem because the room has a damaged window at boys hostel block b,Hostel and Accommodation,Hostel Administration,Low,Hostel,Boys Hostel Block B,0,
CMP-01959,There is a problem because the toilet is blocked at Hostel Block C.,there is a problem because the toilet is blocked at hostel block c,Water and Plumbing,Plumbing and Civil Maintenance,Critical,Campus Building,Hostel Block C,0,
CMP-01533,"Boys Hostel Washroom la pipe la water leak aagudhu, immediate ah solve pannunga.",boys hostel washroom la pipe la water leak aagudhu immediate ah solve pannunga,Water and Plumbing,Plumbing and Civil Maintenance,Critical,Washroom,Boys Hostel Washroom,0,
CMP-02964,Please check the student portal is not loading at Hostel Block B.,please check the student portal is not loading at hostel block b,Wi-Fi and IT Services,IT Support and Network Cell,High,Library,Hostel Block B,0,
CMP-02542,Computer Laboratory இல் வகுப்பறை மேசை உடைந்துள்ளது. உடனடியாக நடவடிக்கை எடுக்கவும்.,computer laboratory இல வக ப பற ம ச உட ந த ள ளத உடனட ய க நடவட க க எட க கவ ம,Classroom and Laboratory,Academic Infrastructure,Medium,Classroom,Computer Laboratory,0,
CMP-01034,tube light flicker aagudhu at C-204. Kindly action edunga.,tube light flicker aagudhu at c 204 kindly action edunga,Electrical and Power,Electrical Maintenance,Medium,Campus Building,C-204,0,
CMP-02061,Hostel Block C இல் தண்ணீர் வழங்கல் இல்லை. உடனடியாக நடவடிக்கை எடுக்கவும்.,hostel block c இல தண ண ர வழங கல இல ல உடனட ய க நடவட க க எட க கவ ம,Water and Plumbing,Plumbing and Civil Maintenance,Medium,Campus Building,Hostel Block C,0,
CMP-02450,Please check there is no water supply at Engineering Block.,please check there is no water supply at engineering block,Water and Plumbing,Plumbing and Civil Maintenance,Medium,Washroom,Engineering Block,0,
CMP-02197,Computer Laboratory la student portal load aagala. Please check pannunga.,computer laboratory la student portal load aagala please check pannunga,Wi-Fi and IT Services,IT Support and Network Cell,Low,Classroom,Computer Laboratory,0,
CMP-01630,Hostel Block B area la campus street light work aagala.,hostel block b area la campus street light work aagala,Safety and Security,Security Office,Medium,Campus Building,Hostel Block B,0,
CMP-03177,Hostel Block C இல் கழிவறை குழாய் உடைந்துள்ளது. உடனடியாக நடவடிக்கை எடுக்கவும்.,hostel block c இல கழ வற க ழ ய உட ந த ள ளத உடனட ய க நடவட க க எட க கவ ம,Water and Plumbing,Plumbing and Civil Maintenance,Critical,Campus Building,Hostel Block C,1,CMP-01959
CMP-02901,"Engineering Block la water supply varala, immediate ah solve pannunga.",engineering block la water supply varala immediate ah solve pannunga,Water and Plumbing,Plumbing and Civil Maintenance,Medium,Campus Building,Engineering Block,0,
CMP-02170,Urgent attention is needed because the laboratory equipment is not functioning in Computer Laboratory.,urgent attention is needed because the laboratory equipment is not functioning in computer laboratory,Classroom and Laboratory,Academic Infrastructure,High,Laboratory,Computer Laboratory,0,
CMP-00338,internet romba slow ah iruku at AI Laboratory. Kindly action edunga.,internet romba slow ah iruku at ai laboratory kindly action edunga,Wi-Fi and IT Services,IT Support and Network Cell,Critical,Laboratory,AI Laboratory,0,
CMP-03786,Urgent attention is needed because the marksheet correction request is pending in Academic Office.,urgent attention is needed because the marksheet correction request is pending in academic office,Administration and Documents,Administrative Office,Medium,Office,Academic Office,1,CMP-02871
CMP-01682,Please check the washroom tap is broken at Girls Hostel Washroom.,please check the washroom tap is broken at girls hostel washroom,Water and Plumbing,Plumbing and Civil Maintenance,Medium,Hostel,Girls Hostel Washroom,0,
CMP-02514,"Route 1 Bus Stop la parking space illa, immediate ah solve pannunga.",route 1 bus stop la parking space illa immediate ah solve pannunga,Transport and Parking,Transport Cell,Medium,Campus Road,Route 1 Bus Stop,0,
CMP-03055,Girls Hostel Washroom பகுதியில் குழாயில் தண்ணீர் கசிகிறது. தயவுசெய்து சரிசெய்யவும்.,girls hostel washroom பக த ய ல க ழ ய ல தண ண ர கச க றத தயவ ச ய த சர ச ய யவ ம,Water and Plumbing,Plumbing and Civil Maintenance,Medium,Hostel,Girls Hostel Washroom,1,CMP-01682
CMP-02953,வளாக பேருந்து தாமதமாக வந்தது பிரச்சனை Route 1 Bus Stop இடத்தில் உள்ளது.,வள க ப ர ந த த மதம க வந தத ப ரச சன route 1 bus stop இடத த ல உள ளத,Transport and Parking,Transport Cell,High,Campus Road,Route 1 Bus Stop,0,
CMP-00975,Urgent attention is needed because there is no parking space available in Route 1 Bus Stop.,urgent attention is needed because there is no parking space available in route 1 bus stop,Transport and Parking,Transport Cell,Medium,Parking,Route 1 Bus Stop,0,
CMP-01165,I want to report that the cupboard lock is not working in Girls Hostel Block B.,i want to report that the cupboard lock is not working in girls hostel block b,Hostel and Accommodation,Hostel Administration,Low,Hostel,Girls Hostel Block B,0,
CMP-01174,fee payment portal la update aagala at Scholarship Office. Kindly action edunga.,fee payment portal la update aagala at scholarship office kindly action edunga,Administration and Documents,Administrative Office,Medium,Office,Scholarship Office,0,
CMP-03704,There is a problem because the tube light is flickering at C-204.,there is a problem because the tube light is flickering at c 204,Electrical and Power,Electrical Maintenance,Medium,Campus Building,C-204,1,CMP-01034
CMP-01673,Hostel Block B la ERP login aagala. Please check pannunga.,hostel block b la erp login aagala please check pannunga,Wi-Fi and IT Services,IT Support and Network Cell,High,Classroom,Hostel Block B,0,
CMP-01496,Urgent attention is needed because the bus is overcrowded in Route 2 Bus Stop.,urgent attention is needed because the bus is overcrowded in route 2 bus stop,Transport and Parking,Transport Cell,High,Parking,Route 2 Bus Stop,0,
CMP-00350,"Hostel Mess la canteen service romba slow ah iruku, immediate ah solve pannunga.",hostel mess la canteen service romba slow ah iruku immediate ah solve pannunga,Food and Canteen,Canteen Committee,High,Canteen,Hostel Mess,0,
CMP-03707,I want to report that the laboratory equipment is not functioning in Computer Laboratory.,i want to report that the laboratory equipment is not functioning in computer laboratory,Classroom and Laboratory,Academic Infrastructure,Medium,Classroom,Computer Laboratory,1,CMP-02542
CMP-03096,classroom ventilation poor ah iruku at Computer Laboratory. Kindly action edunga.,classroom ventilation poor ah iruku at computer laboratory kindly action edunga,Classroom and Laboratory,Academic Infrastructure,High,Laboratory,Computer Laboratory,1,CMP-02170
CMP-03087,Route 1 Bus Stop area la bus route notice illama change pannitanga.,route 1 bus stop area la bus route notice illama change pannitanga,Transport and Parking,Transport Cell,High,Campus Road,Route 1 Bus Stop,1,CMP-02953
CMP-03750,AI Laboratory இல் இணைய இணைப்பு மிகவும் மெதுவாக உள்ளது. உடனடியாக நடவடிக்கை எடுக்கவும்.,ai laboratory இல இண ய இண ப ப ம கவ ம ம த வ க உள ளத உடனட ய க நடவட க க எட க கவ ம,Wi-Fi and IT Services,IT Support and Network Cell,Critical,Laboratory,AI Laboratory,1,CMP-00338
CMP-00220,தண்ணீர் வழங்கல் இல்லை பிரச்சனை Engineering Block இடத்தில் உள்ளது.,தண ண ர வழங கல இல ல ப ரச சன engineering block இடத த ல உள ளத,Water and Plumbing,Plumbing and Civil Maintenance,Medium,Canteen,Engineering Block,0,
CMP-01218,Please check the bus is overcrowded at College Entrance.,please check the bus is overcrowded at college entrance,Transport and Parking,Transport Cell,Low,Campus Road,College Entrance,0,
CMP-00709,Computer Laboratory இல் மின்விசிறி வேலை செய்யவில்லை. உடனடியாக நடவடிக்கை எடுக்கவும்.,computer laboratory இல ம ன வ ச ற வ ல ச ய யவ ல ல உடனட ய க நடவட க க எட க கவ ம,Electrical and Power,Electrical Maintenance,High,Campus Building,Computer Laboratory,0,
CMP-01769,Accounts Office இல் பொனஃபைடு சான்றிதழ் கோரிக்கை நிலுவையில் உள்ளது. உடனடியாக நடவடிக்கை எடுக்கவும்.,accounts office இல ப னஃப ட ச ன ற தழ க ர க க ந ல வ ய ல உள ளத உடனட ய க நடவட க க எட க கவ ம,Administration and Documents,Administrative Office,Low,Office,Accounts Office,0,
CMP-02241,Boys Hostel Block B பகுதியில் அறை கதவு பூட்டு உடைந்துள்ளது. தயவுசெய்து சரிசெய்யவும்.,boys hostel block b பக த ய ல அற கதவ ப ட ட உட ந த ள ளத தயவ ச ய த சர ச ய யவ ம,Hostel and Accommodation,Hostel Administration,High,Hostel,Boys Hostel Block B,0,
CMP-03295,Girls Hostel Block B area la cupboard lock work aagala.,girls hostel block b area la cupboard lock work aagala,Hostel and Accommodation,Hostel Administration,Low,Hostel,Girls Hostel Block B,1,CMP-01165
CMP-03032,Please check the room has a damaged window at Boys Hostel Block B.,please check the room has a damaged window at boys hostel block b,Hostel and Accommodation,Hostel Administration,High,Hostel,Boys Hostel Block B,1,CMP-02241
CMP-01148,C-305 இல் மின்விசிறி வேலை செய்யவில்லை. உடனடியாக நடவடிக்கை எடுக்கவும்.,c 305 இல ம ன வ ச ற வ ல ச ய யவ ல ல உடனட ய க நடவட க க எட க கவ ம,Electrical and Power,Electrical Maintenance,Medium,Laboratory,C-305,0,
CMP-00498,wifi work aagala at Hostel Block A. Kindly action edunga.,wifi work aagala at hostel block a kindly action edunga,Wi-Fi and IT Services,IT Support and Network Cell,High,Hostel,Hostel Block A,0,
CMP-00658,staircase railing loose ah iruku at Campus Road. Kindly action edunga.,staircase railing loose ah iruku at campus road kindly action edunga,Safety and Security,Security Office,Medium,Hostel,Campus Road,0,
CMP-00124,நிறுத்துமிடம் கிடைக்கவில்லை பிரச்சனை Route 1 Bus Stop இடத்தில் உள்ளது.,ந ற த த ம டம க ட க கவ ல ல ப ரச சன route 1 bus stop இடத த ல உள ளத,Transport and Parking,Transport Cell,Medium,Parking,Route 1 Bus Stop,0,
CMP-01582,Route 1 Bus Stop இல் வளாக பேருந்து தாமதமாக வந்தது. உடனடியாக நடவடிக்கை எடுக்கவும்.,route 1 bus stop இல வள க ப ர ந த த மதம க வந தத உடனட ய க நடவட க க எட க கவ ம,Transport and Parking,Transport Cell,Medium,Campus Road,Route 1 Bus Stop,0,
CMP-01521,Route 1 Bus Stop la bus romba crowded ah iruku. Please check pannunga.,route 1 bus stop la bus romba crowded ah iruku please check pannunga,Transport and Parking,Transport Cell,Medium,Parking,Route 1 Bus Stop,0,
CMP-01310,AI Laboratory la classroom ventilation poor ah iruku. Please check pannunga.,ai laboratory la classroom ventilation poor ah iruku please check pannunga,Classroom and Laboratory,Academic Infrastructure,High,Laboratory,AI Laboratory,0,
CMP-03134,Hostel Block B இல் மாணவர் தளம் திறக்கவில்லை. உடனடியாக நடவடிக்கை எடுக்கவும்.,hostel block b இல ம ணவர தளம த றக கவ ல ல உடனட ய க நடவட க க எட க கவ ம,Wi-Fi and IT Services,IT Support and Network Cell,High,Classroom,Hostel Block B,1,CMP-01673
CMP-01016,Academic Office பகுதியில் பொனஃபைடு சான்றிதழ் கோரிக்கை நிலுவையில் உள்ளது. தயவுசெய்து சரிசெய்யவும்.,academic office பக த ய ல ப னஃப ட ச ன ற தழ க ர க க ந ல வ ய ல உள ளத தயவ ச ய த சர ச ய யவ ம,Administration and Documents,Administrative Office,Low,Office,Academic Office,0,
CMP-02507,There is a problem because the toilet is blocked at Hostel Block A.,there is a problem because the toilet is blocked at hostel block a,Water and Plumbing,Plumbing and Civil Maintenance,High,Campus Building,Hostel Block A,0,
CMP-02521,Urgent attention is needed because the corridor is dirty in Girls Hostel Washroom.,urgent attention is needed because the corridor is dirty in girls hostel washroom,Cleanliness and Waste,Housekeeping and Sanitation,Low,Washroom,Girls Hostel Washroom,0,
CMP-03731,I want to report that the tube light is flickering in C-305.,i want to report that the tube light is flickering in c 305,Electrical and Power,Electrical Maintenance,Medium,Laboratory,C-305,1,CMP-01148
CMP-00986,Main Canteen இல் உணவின் விலை தவறாக உள்ளது. உடனடியாக நடவடிக்கை எடுக்கவும்.,main canteen இல உணவ ன வ ல தவற க உள ளத உடனட ய க நடவட க க எட க கவ ம,Food and Canteen,Canteen Committee,High,Canteen,Main Canteen,0,
CMP-01997,Urgent attention is needed because the washroom tap is broken in Hostel Block A.,urgent attention is needed because the washroom tap is broken in hostel block a,Water and Plumbing,Plumbing and Civil Maintenance,High,Washroom,Hostel Block A,0,
CMP-00932,Hostel Block C பகுதியில் தண்ணீர் வழங்கல் இல்லை. தயவுசெய்து சரிசெய்யவும்.,hostel block c பக த ய ல தண ண ர வழங கல இல ல தயவ ச ய த சர ச ய யவ ம,Water and Plumbing,Plumbing and Civil Maintenance,High,Hostel,Hostel Block C,0,
CMP-00357,I want to report that the classroom bench is broken in C-305.,i want to report that the classroom bench is broken in c 305,Classroom and Laboratory,Academic Infrastructure,Medium,Laboratory,C-305,0,
CMP-01291,Urgent attention is needed because there is a power outage in C-305.,urgent attention is needed because there is a power outage in c 305,Electrical and Power,Electrical Maintenance,Medium,Campus Building,C-305,0,
CMP-03285,AI Laboratory இல் ப்ரொஜெக்டர் காட்சி அளிக்கவில்லை. உடனடியாக நடவடிக்கை எடுக்கவும்.,ai laboratory இல ப ர ஜ க டர க ட ச அள க கவ ல ல உடனட ய க நடவட க க எட க கவ ம,Classroom and Laboratory,Academic Infrastructure,High,Laboratory,AI Laboratory,1,CMP-01310
CMP-01063,உணவின் தரம் மோசமாக உள்ளது பிரச்சனை Hostel Mess இடத்தில் உள்ளது.,உணவ ன தரம ம சம க உள ளத ப ரச சன hostel mess இடத த ல உள ளத,Food and Canteen,Canteen Committee,Medium,Canteen,Hostel Mess,0,
CMP-02344,Urgent attention is needed because the ceiling fan is not working in C-305.,urgent attention is needed because the ceiling fan is not working in c 305,Electrical and Power,Electrical Maintenance,Critical,Campus Building,C-305,0,
CMP-02267,Library Entrance பகுதியில் வளாக தெருவிளக்கு வேலை செய்யவில்லை. தயவுசெய்து சரிசெய்யவும்.,library entrance பக த ய ல வள க த ர வ ளக க வ ல ச ய யவ ல ல தயவ ச ய த சர ச ய யவ ம,Safety and Security,Security Office,High,Parking,Library Entrance,0,
CMP-00453,I want to report that the water tank is overflowing in Main Canteen.,i want to report that the water tank is overflowing in main canteen,Water and Plumbing,Plumbing and Civil Maintenance,High,Campus Building,Main Canteen,0,
CMP-01411,College Entrance la parking space illa. Please check pannunga.,college entrance la parking space illa please check pannunga,Transport and Parking,Transport Cell,Low,Parking,College Entrance,0,
CMP-02918,Central Library area la internet romba slow ah iruku.,central library area la internet romba slow ah iruku,Wi-Fi and IT Services,IT Support and Network Cell,Medium,Classroom,Central Library,0,
CMP-00016,I want to report that the washroom tap is broken in Hostel Block B.,i want to report that the washroom tap is broken in hostel block b,Water and Plumbing,Plumbing and Civil Maintenance,Medium,Hostel,Hostel Block B,0,
CMP-00666,cupboard lock work aagala at Boys Hostel Block A. Kindly action edunga.,cupboard lock work aagala at boys hostel block a kindly action edunga,Hostel and Accommodation,Hostel Administration,Medium,Hostel,Boys Hostel Block A,0,
CMP-03193,tube light flicker aagudhu at C-305. Kindly action edunga.,tube light flicker aagudhu at c 305 kindly action edunga,Electrical and Power,Electrical Maintenance,Critical,Campus Building,C-305,1,CMP-02344
CMP-00217,Academic Office பகுதியில் உதவித்தொகை நிலை புதுப்பிக்கப்படவில்லை. தயவுசெய்து சரிசெய்யவும்.,academic office பக த ய ல உதவ த த க ந ல ப த ப ப க கப படவ ல ல தயவ ச ய த சர ச ய யவ ம,Administration and Documents,Administrative Office,Medium,Office,Academic Office,0,
CMP-00251,I want to report that the food quality is poor in North Canteen.,i want to report that the food quality is poor in north canteen,Food and Canteen,Canteen Committee,Medium,Canteen,North Canteen,0,
CMP-00712,Please check the corridor is dirty at Main Canteen.,please check the corridor is dirty at main canteen,Cleanliness and Waste,Housekeeping and Sanitation,Critical,Washroom,Main Canteen,0,
CMP-02463,C-101 பகுதியில் ப்ரொஜெக்டர் காட்சி அளிக்கவில்லை. தயவுசெய்து சரிசெய்யவும்.,c 101 பக த ய ல ப ர ஜ க டர க ட ச அள க கவ ல ல தயவ ச ய த சர ச ய யவ ம,Classroom and Laboratory,Academic Infrastructure,High,Laboratory,C-101,0,
CMP-01699,Please check the food price is incorrect at Main Canteen.,please check the food price is incorrect at main canteen,Food and Canteen,Canteen Committee,Low,Canteen,Main Canteen,0,
CMP-01727,மின்சாரம் இல்லை பிரச்சனை Hostel Block B இடத்தில் உள்ளது.,ம ன ச ரம இல ல ப ரச சன hostel block b இடத த ல உள ளத,Electrical and Power,Electrical Maintenance,Low,Classroom,Hostel Block B,0,
CMP-01591,"Hostel Block B la tube light flicker aagudhu, immediate ah solve pannunga.",hostel block b la tube light flicker aagudhu immediate ah solve pannunga,Electrical and Power,Electrical Maintenance,High,Hostel,Hostel Block B,0,
CMP-00353,Library Washroom பகுதியில் நடைபாதை அழுக்காக உள்ளது. தயவுசெய்து சரிசெய்யவும்.,library washroom பக த ய ல நட ப த அழ க க க உள ளத தயவ ச ய த சர ச ய யவ ம,Cleanliness and Waste,Housekeeping and Sanitation,Critical,Campus Road,Library Washroom,0,
CMP-01895,Please check garbage has accumulated at Academic Block Corridor.,please check garbage has accumulated at academic block corridor,Cleanliness and Waste,Housekeeping and Sanitation,Medium,Washroom,Academic Block Corridor,0,
CMP-00963,Please check the electrical switch is damaged at Hostel Block B.,please check the electrical switch is damaged at hostel block b,Electrical and Power,Electrical Maintenance,Medium,Laboratory,Hostel Block B,0,
CMP-01958,campus street light work aagala at Engineering Block. Kindly action edunga.,campus street light work aagala at engineering block kindly action edunga,Safety and Security,Security Office,Critical,Campus Road,Engineering Block,0,
CMP-01247,There is a problem because the mattress is damaged at Boys Hostel Block A.,there is a problem because the mattress is damaged at boys hostel block a,Hostel and Accommodation,Hostel Administration,High,Hostel,Boys Hostel Block A,0,
CMP-02867,மாணவர் தளம் திறக்கவில்லை பிரச்சனை Central Library Reading Hall இடத்தில் உள்ளது.,ம ணவர தளம த றக கவ ல ல ப ரச சன central library reading hall இடத த ல உள ளத,Wi-Fi and IT Services,IT Support and Network Cell,Critical,Laboratory,Central Library Reading Hall,0,
CMP-01504,I want to report that the campus bus arrived late in Route 1 Bus Stop.,i want to report that the campus bus arrived late in route 1 bus stop,Transport and Parking,Transport Cell,High,Parking,Route 1 Bus Stop,0,
CMP-03407,Boys Hostel Block A area la room clean pannala.,boys hostel block a area la room clean pannala,Hostel and Accommodation,Hostel Administration,High,Hostel,Boys Hostel Block A,1,CMP-01247
CMP-02754,கட்டண செலுத்துதல் தளத்தில் புதுப்பிக்கப்படவில்லை பிரச்சனை Academic Office இடத்தில் உள்ளது.,கட டண ச ல த த தல தளத த ல ப த ப ப க கப படவ ல ல ப ரச சன academic office இடத த ல உள ளத,Administration and Documents,Administrative Office,Medium,Office,Academic Office,0,
CMP-02883,"Library Washroom la dustbin overflow aagudhu, immediate ah solve pannunga.",library washroom la dustbin overflow aagudhu immediate ah solve pannunga,Cleanliness and Waste,Housekeeping and Sanitation,Low,Washroom,Library Washroom,0,
CMP-00616,ப்ரொஜெக்டர் காட்சி அளிக்கவில்லை பிரச்சனை C-101 இடத்தில் உள்ளது.,ப ர ஜ க டர க ட ச அள க கவ ல ல ப ரச சன c 101 இடத த ல உள ளத,Classroom and Laboratory,Academic Infrastructure,Medium,Classroom,C-101,0,
CMP-01987,Please check garbage has accumulated at Library Washroom.,please check garbage has accumulated at library washroom,Cleanliness and Waste,Housekeeping and Sanitation,Low,Canteen,Library Washroom,0,
CMP-02899,Main Canteen பகுதியில் கழிவறை அடைத்துள்ளது. தயவுசெய்து சரிசெய்யவும்.,main canteen பக த ய ல கழ வற அட த த ள ளத தயவ ச ய த சர ச ய யவ ம,Water and Plumbing,Plumbing and Civil Maintenance,High,Campus Building,Main Canteen,0,
CMP-02453,Please check the dustbin is overflowing at Academic Block Corridor.,please check the dustbin is overflowing at academic block corridor,Cleanliness and Waste,Housekeeping and Sanitation,Medium,Washroom,Academic Block Corridor,0,
CMP-00161,AI Laboratory பகுதியில் வைஃபை வேலை செய்யவில்லை. தயவுசெய்து சரிசெய்யவும்.,ai laboratory பக த ய ல வ ஃப வ ல ச ய யவ ல ல தயவ ச ய த சர ச ய யவ ம,Wi-Fi and IT Services,IT Support and Network Cell,High,Laboratory,AI Laboratory,0,
CMP-03170,Hostel Block B area la water tank overflow aagudhu.,hostel block b area la water tank overflow aagudhu,Water and Plumbing,Plumbing and Civil Maintenance,Medium,Hostel,Hostel Block B,1,CMP-00016
CMP-03747,There is a problem because the bonafide certificate request is pending at Academic Office.,there is a problem because the bonafide certificate request is pending at academic office,Administration and Documents,Administrative Office,Medium,Office,Academic Office,1,CMP-02754
CMP-02346,Hostel Room 312 area la cupboard lock work aagala.,hostel room 312 area la cupboard lock work aagala,Hostel and Accommodation,Hostel Administration,Low,Hostel,Hostel Room 312,0,
CMP-01239,Please check an unauthorized person entered the hostel area at Main Gate.,please check an unauthorized person entered the hostel area at main gate,Safety and Security,Security Office,High,Campus Road,Main Gate,0,
CMP-03792,Main Canteen area la corridor dirty ah iruku.,main canteen area la corridor dirty ah iruku,Cleanliness and Waste,Housekeeping and Sanitation,Critical,Washroom,Main Canteen,1,CMP-00712
CMP-00040,Urgent attention is needed because there is a bad smell near the waste area in Parking Area.,urgent attention is needed because there is a bad smell near the waste area in parking area,Cleanliness and Waste,Housekeeping and Sanitation,High,Campus Road,Parking Area,0,
CMP-03588,Library Washroom area la waste area pakkathula bad smell iruku.,library washroom area la waste area pakkathula bad smell iruku,Cleanliness and Waste,Housekeeping and Sanitation,Critical,Campus Road,Library Washroom,1,CMP-00353
CMP-03834,"C-101 la projector display varala, immediate ah solve pannunga.",c 101 la projector display varala immediate ah solve pannunga,Classroom and Laboratory,Academic Infrastructure,High,Laboratory,C-101,1,CMP-02463
CMP-00012,வளாக பேருந்து தாமதமாக வந்தது பிரச்சனை Route 2 Bus Stop இடத்தில் உள்ளது.,வள க ப ர ந த த மதம க வந தத ப ரச சன route 2 bus stop இடத த ல உள ளத,Transport and Parking,Transport Cell,Medium,Campus Road,Route 2 Bus Stop,0,
CMP-03152,"Library Washroom la waste area pakkathula bad smell iruku, immediate ah solve pannunga.",library washroom la waste area pakkathula bad smell iruku immediate ah solve pannunga,Cleanliness and Waste,Housekeeping and Sanitation,Low,Canteen,Library Washroom,1,CMP-01987
CMP-00300,There is a problem because the drinking water dispenser is not working at Hostel Mess.,there is a problem because the drinking water dispenser is not working at hostel mess,Food and Canteen,Canteen Committee,High,Canteen,Hostel Mess,0,
CMP-01295,Urgent attention is needed because there is no parking space available in Main Parking Area.,urgent attention is needed because there is no parking space available in main parking area,Transport and Parking,Transport Cell,High,Campus Road,Main Parking Area,0,
CMP-00870,unauthorized person hostel area la vandhirukanga at Main Gate. Kindly action edunga.,unauthorized person hostel area la vandhirukanga at main gate kindly action edunga,Safety and Security,Security Office,Critical,Parking,Main Gate,0,
CMP-03543,I want to report that the Wi-Fi is not working in AI Laboratory.,i want to report that the wi fi is not working in ai laboratory,Wi-Fi and IT Services,IT Support and Network Cell,High,Laboratory,AI Laboratory,1,CMP-00161
CMP-01561,There is a problem because there is a power outage at Computer Laboratory.,there is a problem because there is a power outage at computer laboratory,Electrical and Power,Electrical Maintenance,Medium,Hostel,Computer Laboratory,0,
CMP-01894,Please check the room door lock is broken at Girls Hostel Block B.,please check the room door lock is broken at girls hostel block b,Hostel and Accommodation,Hostel Administration,Medium,Hostel,Girls Hostel Block B,0,
CMP-02981,Route 2 Bus Stop la vehicle campus entrance block pannudhu. Please check pannunga.,route 2 bus stop la vehicle campus entrance block pannudhu please check pannunga,Transport and Parking,Transport Cell,Low,Campus Road,Route 2 Bus Stop,0,
CMP-01573,C-101 la projector display varala. Please check pannunga.,c 101 la projector display varala please check pannunga,Classroom and Laboratory,Academic Infrastructure,Medium,Laboratory,C-101,0,
CMP-03703,"Computer Laboratory la tube light flicker aagudhu, immediate ah solve pannunga.",computer laboratory la tube light flicker aagudhu immediate ah solve pannunga,Electrical and Power,Electrical Maintenance,Medium,Hostel,Computer Laboratory,1,CMP-01561
CMP-01879,I want to report that the laboratory computer cannot access the network in Computer Laboratory.,i want to report that the laboratory computer cannot access the network in computer laboratory,Wi-Fi and IT Services,IT Support and Network Cell,Medium,Hostel,Computer Laboratory,0,
CMP-02131,Main Canteen la water tank overflow aagudhu. Please check pannunga.,main canteen la water tank overflow aagudhu please check pannunga,Water and Plumbing,Plumbing and Civil Maintenance,Low,Campus Building,Main Canteen,0,
CMP-01750,Hostel Block B area la campus street light work aagala.,hostel block b area la campus street light work aagala,Safety and Security,Security Office,Critical,Campus Road,Hostel Block B,0,
CMP-00083,I want to report that garbage has accumulated in Boys Hostel Washroom.,i want to report that garbage has accumulated in boys hostel washroom,Cleanliness and Waste,Housekeeping and Sanitation,High,Washroom,Boys Hostel Washroom,0,
CMP-00831,I want to report that the bonafide certificate request is pending in Scholarship Office.,i want to report that the bonafide certificate request is pending in scholarship office,Administration and Documents,Administrative Office,High,Office,Scholarship Office,0,
CMP-01370,lab equipment work aagala at C-204. Kindly action edunga.,lab equipment work aagala at c 204 kindly action edunga,Classroom and Laboratory,Academic Infrastructure,Low,Laboratory,C-204,0,
CMP-01057,There is a problem because the food quality is poor at Main Canteen.,there is a problem because the food quality is poor at main canteen,Food and Canteen,Canteen Committee,High,Canteen,Main Canteen,0,
CMP-01284,Hostel Block A area la current supply illa.,hostel block a area la current supply illa,Electrical and Power,Electrical Maintenance,Medium,Hostel,Hostel Block A,0,
CMP-01710,Main Canteen area la food hygiene illa.,main canteen area la food hygiene illa,Food and Canteen,Canteen Committee,Medium,Canteen,Main Canteen,0,
CMP-03084,bus route notice illama change pannitanga at Main Parking Area. Kindly action edunga.,bus route notice illama change pannitanga at main parking area kindly action edunga,Transport and Parking,Transport Cell,High,Campus Road,Main Parking Area,1,CMP-01295
CMP-03328,Boys Hostel Washroom la corridor dirty ah iruku. Please check pannunga.,boys hostel washroom la corridor dirty ah iruku please check pannunga,Cleanliness and Waste,Housekeeping and Sanitation,High,Washroom,Boys Hostel Washroom,1,CMP-00083
CMP-01780,Hostel Mess இல் உணவு சுகாதாரமற்றதாக உள்ளது. உடனடியாக நடவடிக்கை எடுக்கவும்.,hostel mess இல உணவ ச க த ரமற றத க உள ளத உடனட ய க நடவட க க எட க கவ ம,Food and Canteen,Canteen Committee,Critical,Canteen,Hostel Mess,0,
CMP-02083,Library Washroom area la garbage accumulate aagiruku.,library washroom area la garbage accumulate aagiruku,Cleanliness and Waste,Housekeeping and Sanitation,Low,Campus Road,Library Washroom,0,
CMP-00561,Please check there is no parking space available at Route 1 Bus Stop.,please check there is no parking space available at route 1 bus stop,Transport and Parking,Transport Cell,High,Parking,Route 1 Bus Stop,0,
CMP-00091,I want to report that the ERP login is failing in Central Library.,i want to report that the erp login is failing in central library,Wi-Fi and IT Services,IT Support and Network Cell,Medium,Library,Central Library,0,
CMP-01661,There is a problem because the food appears unhygienic at Main Canteen.,there is a problem because the food appears unhygienic at main canteen,Food and Canteen,Canteen Committee,Medium,Canteen,Main Canteen,0,
CMP-01225,பொனஃபைடு சான்றிதழ் கோரிக்கை நிலுவையில் உள்ளது பிரச்சனை Student Service Centre இடத்தில் உள்ளது.,ப னஃப ட ச ன ற தழ க ர க க ந ல வ ய ல உள ளத ப ரச சன student service centre இடத த ல உள ளத,Administration and Documents,Administrative Office,Medium,Office,Student Service Centre,0,
CMP-00330,There is a problem because the laboratory computer cannot access the network at Central Library Reading Hall.,there is a problem because the laboratory computer cannot access the network at central library reading hall,Wi-Fi and IT Services,IT Support and Network Cell,Medium,Classroom,Central Library Reading Hall,0,
CMP-02045,C-305 இல் மின்சாரம் இல்லை. உடனடியாக நடவடிக்கை எடுக்கவும்.,c 305 இல ம ன ச ரம இல ல உடனட ய க நடவட க க எட க கவ ம,Electrical and Power,Electrical Maintenance,Medium,Campus Building,C-305,0,
CMP-01198,Please check there is a power outage at Computer Laboratory.,please check there is a power outage at computer laboratory,Electrical and Power,Electrical Maintenance,High,Campus Building,Computer Laboratory,0,
CMP-02194,குளிர்சாதன வசதி வேலை செய்யவில்லை பிரச்சனை AI Laboratory இடத்தில் உள்ளது.,க ள ர ச தன வசத வ ல ச ய யவ ல ல ப ரச சன ai laboratory இடத த ல உள ளத,Classroom and Laboratory,Academic Infrastructure,High,Classroom,AI Laboratory,0,
CMP-01186,There is a problem because water is leaking from the pipe at Main Canteen.,there is a problem because water is leaking from the pipe at main canteen,Water and Plumbing,Plumbing and Civil Maintenance,High,Canteen,Main Canteen,0,
CMP-00347,Please check the washroom tap is broken at Hostel Block C.,please check the washroom tap is broken at hostel block c,Water and Plumbing,Plumbing and Civil Maintenance,Medium,Canteen,Hostel Block C,0,
CMP-00772,Parking Area la glass panel broken ah iruku. Please check pannunga.,parking area la glass panel broken ah iruku please check pannunga,Safety and Security,Security Office,High,Campus Road,Parking Area,0,
CMP-03180,Please check the staircase railing is loose at Hostel Block B.,please check the staircase railing is loose at hostel block b,Safety and Security,Security Office,Critical,Campus Road,Hostel Block B,1,CMP-01750
CMP-01027,I want to report that the bus route was changed without notice in Route 3 Bus Stop.,i want to report that the bus route was changed without notice in route 3 bus stop,Transport and Parking,Transport Cell,Low,Parking,Route 3 Bus Stop,0,
CMP-02082,Hostel Mess la canteen service romba slow ah iruku. Please check pannunga.,hostel mess la canteen service romba slow ah iruku please check pannunga,Food and Canteen,Canteen Committee,Medium,Canteen,Hostel Mess,0,
CMP-02853,"C-204 la classroom ventilation poor ah iruku, immediate ah solve pannunga.",c 204 la classroom ventilation poor ah iruku immediate ah solve pannunga,Classroom and Laboratory,Academic Infrastructure,Medium,Classroom,C-204,0,
CMP-00985,I want to report that garbage has accumulated in Parking Area.,i want to report that garbage has accumulated in parking area,Cleanliness and Waste,Housekeeping and Sanitation,High,Canteen,Parking Area,0,
CMP-01419,"Hostel Block C la water tank overflow aagudhu, immediate ah solve pannunga.",hostel block c la water tank overflow aagudhu immediate ah solve pannunga,Water and Plumbing,Plumbing and Civil Maintenance,Medium,Campus Building,Hostel Block C,0,
CMP-00079,I want to report that garbage has accumulated in Boys Hostel Washroom.,i want to report that garbage has accumulated in boys hostel washroom,Cleanliness and Waste,Housekeeping and Sanitation,Medium,Campus Road,Boys Hostel Washroom,0,
CMP-00356,Central Library Reading Hall பகுதியில் வைஃபை வேலை செய்யவில்லை. தயவுசெய்து சரிசெய்யவும்.,central library reading hall பக த ய ல வ ஃப வ ல ச ய யவ ல ல தயவ ச ய த சர ச ய யவ ம,Wi-Fi and IT Services,IT Support and Network Cell,Medium,Laboratory,Central Library Reading Hall,0,
CMP-00194,Hostel Room 214 இல் ஜன்னல் சேதமடைந்துள்ளது. உடனடியாக நடவடிக்கை எடுக்கவும்.,hostel room 214 இல ஜன னல ச தமட ந த ள ளத உடனட ய க நடவட க க எட க கவ ம,Hostel and Accommodation,Hostel Administration,Low,Hostel,Hostel Room 214,0,
CMP-01716,வாகனம் வளாக நுழைவாயிலை மறைத்துள்ளது பிரச்சனை College Entrance இடத்தில் உள்ளது.,வ கனம வள க ந ழ வ ய ல மற த த ள ளத ப ரச சன college entrance இடத த ல உள ளத,Transport and Parking,Transport Cell,High,Campus Road,College Entrance,0,
CMP-01932,There is a problem because the room door lock is broken at Boys Hostel Block B.,there is a problem because the room door lock is broken at boys hostel block b,Hostel and Accommodation,Hostel Administration,Medium,Hostel,Boys Hostel Block B,0,
CMP-00992,Route 1 Bus Stop area la campus bus late ah vandhuchu.,route 1 bus stop area la campus bus late ah vandhuchu,Transport and Parking,Transport Cell,Medium,Campus Road,Route 1 Bus Stop,0,
CMP-00147,Computer Laboratory la classroom bench broken ah iruku. Please check pannunga.,computer laboratory la classroom bench broken ah iruku please check pannunga,Classroom and Laboratory,Academic Infrastructure,Medium,Classroom,Computer Laboratory,0,
CMP-00241,Main Gate இல் வளாக தெருவிளக்கு வேலை செய்யவில்லை. உடனடியாக நடவடிக்கை எடுக்கவும்.,main gate இல வள க த ர வ ளக க வ ல ச ய யவ ல ல உடனட ய க நடவட க க எட க கவ ம,Safety and Security,Security Office,Critical,Campus Road,Main Gate,0,
CMP-00250,Please check the electrical switch is damaged at Hostel Block B.,please check the electrical switch is damaged at hostel block b,Electrical and Power,Electrical Maintenance,High,Laboratory,Hostel Block B,0,
CMP-00707,I want to report that the tube light is flickering in C-204.,i want to report that the tube light is flickering in c 204,Electrical and Power,Electrical Maintenance,Low,Classroom,C-204,0,
CMP-03376,Computer Laboratory இல் மின்சாரம் இல்லை. உடனடியாக நடவடிக்கை எடுக்கவும்.,computer laboratory இல ம ன ச ரம இல ல உடனட ய க நடவட க க எட க கவ ம,Electrical and Power,Electrical Maintenance,High,Campus Building,Computer Laboratory,1,CMP-01198
CMP-00577,Urgent attention is needed because the washroom has not been cleaned in Library Washroom.,urgent attention is needed because the washroom has not been cleaned in library washroom,Cleanliness and Waste,Housekeeping and Sanitation,Medium,Campus Road,Library Washroom,0,
CMP-03876,Urgent attention is needed because the food appears unhygienic in Hostel Mess.,urgent attention is needed because the food appears unhygienic in hostel mess,Food and Canteen,Canteen Committee,Critical,Canteen,Hostel Mess,1,CMP-01780
CMP-00317,ஜன்னல் சேதமடைந்துள்ளது பிரச்சனை Boys Hostel Block B இடத்தில் உள்ளது.,ஜன னல ச தமட ந த ள ளத ப ரச சன boys hostel block b இடத த ல உள ளத,Hostel and Accommodation,Hostel Administration,Low,Hostel,Boys Hostel Block B,0,
CMP-03755,Main Canteen பகுதியில் உணவின் விலை தவறாக உள்ளது. தயவுசெய்து சரிசெய்யவும்.,main canteen பக த ய ல உணவ ன வ ல தவற க உள ளத தயவ ச ய த சர ச ய யவ ம,Food and Canteen,Canteen Committee,Medium,Canteen,Main Canteen,1,CMP-01710
CMP-03311,I want to report that an unauthorized person entered the hostel area in Parking Area.,i want to report that an unauthorized person entered the hostel area in parking area,Safety and Security,Security Office,High,Campus Road,Parking Area,1,CMP-00772
CMP-01236,Route 1 Bus Stop la vehicle campus entrance block pannudhu. Please check pannunga.,route 1 bus stop la vehicle campus entrance block pannudhu please check pannunga,Transport and Parking,Transport Cell,Critical,Parking,Route 1 Bus Stop,0,
CMP-03887,Main Canteen la water tank overflow aagudhu. Please check pannunga.,main canteen la water tank overflow aagudhu please check pannunga,Water and Plumbing,Plumbing and Civil Maintenance,High,Canteen,Main Canteen,1,CMP-01186
CMP-03220,Hostel Block C இல் தண்ணீர் வழங்கல் இல்லை. உடனடியாக நடவடிக்கை எடுக்கவும்.,hostel block c இல தண ண ர வழங கல இல ல உடனட ய க நடவட க க எட க கவ ம,Water and Plumbing,Plumbing and Civil Maintenance,Medium,Campus Building,Hostel Block C,1,CMP-01419
CMP-03670,Urgent attention is needed because the campus bus arrived late in Route 1 Bus Stop.,urgent attention is needed because the campus bus arrived late in route 1 bus stop,Transport and Parking,Transport Cell,Critical,Parking,Route 1 Bus Stop,1,CMP-01236
CMP-03619,Route 1 Bus Stop இல் வாகனம் வளாக நுழைவாயிலை மறைத்துள்ளது. உடனடியாக நடவடிக்கை எடுக்கவும்.,route 1 bus stop இல வ கனம வள க ந ழ வ ய ல மற த த ள ளத உடனட ய க நடவட க க எட க கவ ம,Transport and Parking,Transport Cell,Medium,Campus Road,Route 1 Bus Stop,1,CMP-00992
CMP-02130,Computer Laboratory area la wifi work aagala.,computer laboratory area la wifi work aagala,Wi-Fi and IT Services,IT Support and Network Cell,High,Classroom,Computer Laboratory,0,
CMP-02277,North Canteen area la food hygiene illa.,north canteen area la food hygiene illa,Food and Canteen,Canteen Committee,High,Canteen,North Canteen,0,
CMP-02643,வளாக பேருந்து தாமதமாக வந்தது பிரச்சனை College Entrance இடத்தில் உள்ளது.,வள க ப ர ந த த மதம க வந தத ப ரச சன college entrance இடத த ல உள ளத,Transport and Parking,Transport Cell,Low,Parking,College Entrance,0,
CMP-02172,Route 1 Bus Stop la vehicle campus entrance block pannudhu. Please check pannunga.,route 1 bus stop la vehicle campus entrance block pannudhu please check pannunga,Transport and Parking,Transport Cell,High,Campus Road,Route 1 Bus Stop,0,
CMP-00733,Urgent attention is needed because the classroom bench is broken in C-204.,urgent attention is needed because the classroom bench is broken in c 204,Classroom and Laboratory,Academic Infrastructure,Medium,Classroom,C-204,0,
CMP-02937,There is a problem because the tube light is flickering at Engineering Block.,there is a problem because the tube light is flickering at engineering block,Electrical and Power,Electrical Maintenance,Medium,Classroom,Engineering Block,0,
CMP-00828,AI Laboratory பகுதியில் ப்ரொஜெக்டர் காட்சி அளிக்கவில்லை. தயவுசெய்து சரிசெய்யவும்.,ai laboratory பக த ய ல ப ர ஜ க டர க ட ச அள க கவ ல ல தயவ ச ய த சர ச ய யவ ம,Classroom and Laboratory,Academic Infrastructure,Medium,Laboratory,AI Laboratory,0,
CMP-00791,tube light flicker aagudhu at C-305. Kindly action edunga.,tube light flicker aagudhu at c 305 kindly action edunga,Electrical and Power,Electrical Maintenance,High,Hostel,C-305,0,
CMP-02171,There is a problem because the classroom has poor ventilation at C-204.,there is a problem because the classroom has poor ventilation at c 204,Classroom and Laboratory,Academic Infrastructure,Medium,Classroom,C-204,0,
CMP-00201,There is a problem because the air conditioner is not working at Computer Laboratory.,there is a problem because the air conditioner is not working at computer laboratory,Classroom and Laboratory,Academic Infrastructure,Medium,Laboratory,Computer Laboratory,0,
CMP-03825,Engineering Block la switch damage aagiruku. Please check pannunga.,engineering block la switch damage aagiruku please check pannunga,Electrical and Power,Electrical Maintenance,Medium,Classroom,Engineering Block,1,CMP-02937
CMP-02900,அறை சுத்தம் செய்யப்படவில்லை பிரச்சனை Boys Hostel Block B இடத்தில் உள்ளது.,அற ச த தம ச ய யப படவ ல ல ப ரச சன boys hostel block b இடத த ல உள ளத,Hostel and Accommodation,Hostel Administration,High,Hostel,Boys Hostel Block B,0,
CMP-02999,Central Library Reading Hall இல் வைஃபை வேலை செய்யவில்லை. உடனடியாக நடவடிக்கை எடுக்கவும்.,central library reading hall இல வ ஃப வ ல ச ய யவ ல ல உடனட ய க நடவட க க எட க கவ ம,Wi-Fi and IT Services,IT Support and Network Cell,Medium,Library,Central Library Reading Hall,0,
CMP-00575,I want to report that the bonafide certificate request is pending in Academic Office.,i want to report that the bonafide certificate request is pending in academic office,Administration and Documents,Administrative Office,Low,Office,Academic Office,0,
CMP-03544,C-204 la classroom ventilation poor ah iruku. Please check pannunga.,c 204 la classroom ventilation poor ah iruku please check pannunga,Classroom and Laboratory,Academic Infrastructure,Medium,Classroom,C-204,1,CMP-00733
CMP-03748,C-204 area la current supply illa.,c 204 area la current supply illa,Electrical and Power,Electrical Maintenance,Low,Classroom,C-204,1,CMP-00707
CMP-02369,Please check the electrical switch is damaged at Hostel Block B.,please check the electrical switch is damaged at hostel block b,Electrical and Power,Electrical Maintenance,High,Hostel,Hostel Block B,0,
CMP-00309,கழிவறை சுத்தம் செய்யப்படவில்லை பிரச்சனை Boys Hostel Washroom இடத்தில் உள்ளது.,கழ வற ச த தம ச ய யப படவ ல ல ப ரச சன boys hostel washroom இடத த ல உள ளத,Cleanliness and Waste,Housekeeping and Sanitation,Low,Washroom,Boys Hostel Washroom,0,
CMP-02049,C-305 பகுதியில் மின்விசிறி வேலை செய்யவில்லை. தயவுசெய்து சரிசெய்யவும்.,c 305 பக த ய ல ம ன வ ச ற வ ல ச ய யவ ல ல தயவ ச ய த சர ச ய யவ ம,Electrical and Power,Electrical Maintenance,Low,Laboratory,C-305,0,
CMP-01545,Hostel Block A பகுதியில் மின்விசிறி வேலை செய்யவில்லை. தயவுசெய்து சரிசெய்யவும்.,hostel block a பக த ய ல ம ன வ ச ற வ ல ச ய யவ ல ல தயவ ச ய த சர ச ய யவ ம,Electrical and Power,Electrical Maintenance,Medium,Classroom,Hostel Block A,0,
CMP-01072,There is a problem because a vehicle is blocking the campus entrance at Route 2 Bus Stop.,there is a problem because a vehicle is blocking the campus entrance at route 2 bus stop,Transport and Parking,Transport Cell,Critical,Parking,Route 2 Bus Stop,0,
CMP-02248,Route 2 Bus Stop la bus romba crowded ah iruku. Please check pannunga.,route 2 bus stop la bus romba crowded ah iruku please check pannunga,Transport and Parking,Transport Cell,High,Campus Road,Route 2 Bus Stop,0,
CMP-00951,அறிவிப்பின்றி பேருந்து பாதை மாற்றப்பட்டது பிரச்சனை Route 1 Bus Stop இடத்தில் உள்ளது.,அற வ ப ப ன ற ப ர ந த ப த ம ற றப பட டத ப ரச சன route 1 bus stop இடத த ல உள ளத,Transport and Parking,Transport Cell,Low,Parking,Route 1 Bus Stop,0,
CMP-00432,I want to report that the bus route was changed without notice in Main Parking Area.,i want to report that the bus route was changed without notice in main parking area,Transport and Parking,Transport Cell,Medium,Campus Road,Main Parking Area,0,
CMP-00789,Hostel Block B இல் படிக்கட்டு கைப்பிடி தளர்வாக உள்ளது. உடனடியாக நடவடிக்கை எடுக்கவும்.,hostel block b இல பட க கட ட க ப ப ட தளர வ க உள ளத உடனட ய க நடவட க க எட க கவ ம,Safety and Security,Security Office,Low,Campus Road,Hostel Block B,0,
CMP-03813,"Central Library Reading Hall la student portal load aagala, immediate ah solve pannunga.",central library reading hall la student portal load aagala immediate ah solve pannunga,Wi-Fi and IT Services,IT Support and Network Cell,Medium,Library,Central Library Reading Hall,1,CMP-02999
CMP-03070,இணைய இணைப்பு மிகவும் மெதுவாக உள்ளது பிரச்சனை Computer Laboratory இடத்தில் உள்ளது.,இண ய இண ப ப ம கவ ம ம த வ க உள ளத ப ரச சன computer laboratory இடத த ல உள ளத,Wi-Fi and IT Services,IT Support and Network Cell,High,Classroom,Computer Laboratory,1,CMP-02130
CMP-00457,Girls Hostel Block B area la cupboard lock work aagala.,girls hostel block b area la cupboard lock work aagala,Hostel and Accommodation,Hostel Administration,Medium,Hostel,Girls Hostel Block B,0,
CMP-00490,Urgent attention is needed because the water tank is overflowing in Engineering Block.,urgent attention is needed because the water tank is overflowing in engineering block,Water and Plumbing,Plumbing and Civil Maintenance,Medium,Hostel,Engineering Block,0,
CMP-00158,AC work aagala at C-101. Kindly action edunga.,ac work aagala at c 101 kindly action edunga,Classroom and Laboratory,Academic Infrastructure,High,Laboratory,C-101,0,
CMP-02309,Urgent attention is needed because the classroom bench is broken in AI Laboratory.,urgent attention is needed because the classroom bench is broken in ai laboratory,Classroom and Laboratory,Academic Infrastructure,Critical,Classroom,AI Laboratory,0,
CMP-03179,projector display varala at AI Laboratory. Kindly action edunga.,projector display varala at ai laboratory kindly action edunga,Classroom and Laboratory,Academic Infrastructure,Critical,Classroom,AI Laboratory,1,CMP-02309
CMP-03767,I want to report that the ceiling fan is not working in C-305.,i want to report that the ceiling fan is not working in c 305,Electrical and Power,Electrical Maintenance,Low,Laboratory,C-305,1,CMP-02049
CMP-03641,Urgent attention is needed because the classroom bench is broken in C-101.,urgent attention is needed because the classroom bench is broken in c 101,Classroom and Laboratory,Academic Infrastructure,High,Laboratory,C-101,1,CMP-00158
CMP-01100,There is a problem because the laboratory equipment is not functioning at C-204.,there is a problem because the laboratory equipment is not functioning at c 204,Classroom and Laboratory,Academic Infrastructure,High,Laboratory,C-204,0,
CMP-02642,Please check the classroom has poor ventilation at AI Laboratory.,please check the classroom has poor ventilation at ai laboratory,Classroom and Laboratory,Academic Infrastructure,Critical,Classroom,AI Laboratory,0,
CMP-03660,Route 2 Bus Stop பகுதியில் நிறுத்துமிடம் கிடைக்கவில்லை. தயவுசெய்து சரிசெய்யவும்.,route 2 bus stop பக த ய ல ந ற த த ம டம க ட க கவ ல ல தயவ ச ய த சர ச ய யவ ம,Transport and Parking,Transport Cell,High,Campus Road,Route 2 Bus Stop,1,CMP-02248
CMP-02389,toilet block aagiruku at Hostel Block C. Kindly action edunga.,toilet block aagiruku at hostel block c kindly action edunga,Water and Plumbing,Plumbing and Civil Maintenance,Medium,Washroom,Hostel Block C,0,
CMP-00713,"Hostel Mess la food price wrong ah iruku, immediate ah solve pannunga.",hostel mess la food price wrong ah iruku immediate ah solve pannunga,Food and Canteen,Canteen Committee,Medium,Canteen,Hostel Mess,0,
CMP-00363,"C-101 la AC work aagala, immediate ah solve pannunga.",c 101 la ac work aagala immediate ah solve pannunga,Classroom and Laboratory,Academic Infrastructure,Critical,Classroom,C-101,0,
CMP-00521,water tank overflow aagudhu at Girls Hostel Washroom. Kindly action edunga.,water tank overflow aagudhu at girls hostel washroom kindly action edunga,Water and Plumbing,Plumbing and Civil Maintenance,High,Hostel,Girls Hostel Washroom,0,
CMP-03801,Route 2 Bus Stop இல் வளாக பேருந்து தாமதமாக வந்தது. உடனடியாக நடவடிக்கை எடுக்கவும்.,route 2 bus stop இல வள க ப ர ந த த மதம க வந தத உடனட ய க நடவட க க எட க கவ ம,Transport and Parking,Transport Cell,Critical,Parking,Route 2 Bus Stop,1,CMP-01072
CMP-02102,There is a problem because the air conditioner is not working at AI Laboratory.,there is a problem because the air conditioner is not working at ai laboratory,Classroom and Laboratory,Academic Infrastructure,High,Laboratory,AI Laboratory,0,
CMP-03888,C-204 இல் ஆய்வக உபகரணம் வேலை செய்யவில்லை. உடனடியாக நடவடிக்கை எடுக்கவும்.,c 204 இல ஆய வக உபகரணம வ ல ச ய யவ ல ல உடனட ய க நடவட க க எட க கவ ம,Classroom and Laboratory,Academic Infrastructure,High,Laboratory,C-204,1,CMP-01100
CMP-02357,Electronics Laboratory பகுதியில் ஆய்வக உபகரணம் வேலை செய்யவில்லை. தயவுசெய்து சரிசெய்யவும்.,electronics laboratory பக த ய ல ஆய வக உபகரணம வ ல ச ய யவ ல ல தயவ ச ய த சர ச ய யவ ம,Classroom and Laboratory,Academic Infrastructure,High,Classroom,Electronics Laboratory,0,
CMP-00181,parking space illa at Main Parking Area. Kindly action edunga.,parking space illa at main parking area kindly action edunga,Transport and Parking,Transport Cell,Low,Parking,Main Parking Area,0,
CMP-03859,வாகனம் வளாக நுழைவாயிலை மறைத்துள்ளது பிரச்சனை Main Parking Area இடத்தில் உள்ளது.,வ கனம வள க ந ழ வ ய ல மற த த ள ளத ப ரச சன main parking area இடத த ல உள ளத,Transport and Parking,Transport Cell,Medium,Campus Road,Main Parking Area,1,CMP-00432
CMP-02736,Urgent attention is needed because the student portal is not loading in Central Library.,urgent attention is needed because the student portal is not loading in central library,Wi-Fi and IT Services,IT Support and Network Cell,Low,Library,Central Library,0,
CMP-02802,Please check a vehicle is blocking the campus entrance at Route 1 Bus Stop.,please check a vehicle is blocking the campus entrance at route 1 bus stop,Transport and Parking,Transport Cell,Low,Parking,Route 1 Bus Stop,0,
CMP-01823,"Computer Laboratory la classroom ventilation poor ah iruku, immediate ah solve pannunga.",computer laboratory la classroom ventilation poor ah iruku immediate ah solve pannunga,Classroom and Laboratory,Academic Infrastructure,Medium,Laboratory,Computer Laboratory,0,
CMP-02578,There is a problem because the water tank is overflowing at Boys Hostel Washroom.,there is a problem because the water tank is overflowing at boys hostel washroom,Water and Plumbing,Plumbing and Civil Maintenance,High,Washroom,Boys Hostel Washroom,0,
CMP-02525,Route 3 Bus Stop la bus romba crowded ah iruku. Please check pannunga.,route 3 bus stop la bus romba crowded ah iruku please check pannunga,Transport and Parking,Transport Cell,High,Campus Road,Route 3 Bus Stop,0,
CMP-01447,Urgent attention is needed because the washroom has not been cleaned in Parking Area.,urgent attention is needed because the washroom has not been cleaned in parking area,Cleanliness and Waste,Housekeeping and Sanitation,High,Hostel,Parking Area,0,
CMP-02972,I want to report that the student portal is not loading in Central Library Reading Hall.,i want to report that the student portal is not loading in central library reading hall,Wi-Fi and IT Services,IT Support and Network Cell,Medium,Library,Central Library Reading Hall,0,
CMP-00509,Examination Cell இல் பொனஃபைடு சான்றிதழ் கோரிக்கை நிலுவையில் உள்ளது. உடனடியாக நடவடிக்கை எடுக்கவும்.,examination cell இல ப னஃப ட ச ன ற தழ க ர க க ந ல வ ய ல உள ளத உடனட ய க நடவட க க எட க கவ ம,Administration and Documents,Administrative Office,Low,Office,Examination Cell,0,
CMP-01166,There is a problem because an unauthorized person entered the hostel area at Parking Area.,there is a problem because an unauthorized person entered the hostel area at parking area,Safety and Security,Security Office,Medium,Campus Road,Parking Area,0,
CMP-01756,Please check the hostel room is not cleaned at Hostel Room 312.,please check the hostel room is not cleaned at hostel room 312,Hostel and Accommodation,Hostel Administration,Low,Hostel,Hostel Room 312,0,
CMP-00131,cupboard lock work aagala at Hostel Room 214. Kindly action edunga.,cupboard lock work aagala at hostel room 214 kindly action edunga,Hostel and Accommodation,Hostel Administration,Medium,Hostel,Hostel Room 214,0,
CMP-00844,Boys Hostel Block B area la cupboard lock work aagala.,boys hostel block b area la cupboard lock work aagala,Hostel and Accommodation,Hostel Administration,High,Hostel,Boys Hostel Block B,0,
CMP-02347,I want to report that the cupboard lock is not working in Girls Hostel Block A.,i want to report that the cupboard lock is not working in girls hostel block a,Hostel and Accommodation,Hostel Administration,Medium,Hostel,Girls Hostel Block A,0,
CMP-00164,Urgent attention is needed because the ID card request is delayed in Academic Office.,urgent attention is needed because the id card request is delayed in academic office,Administration and Documents,Administrative Office,Medium,Office,Academic Office,0,
CMP-02487,I want to report that the fee payment is not updated in the portal in Academic Office.,i want to report that the fee payment is not updated in the portal in academic office,Administration and Documents,Administrative Office,Medium,Office,Academic Office,0,
CMP-02403,C-204 area la corridor light eriyala.,c 204 area la corridor light eriyala,Electrical and Power,Electrical Maintenance,Medium,Classroom,C-204,0,
CMP-01294,தண்ணீர் வழங்கல் இல்லை பிரச்சனை Main Canteen இடத்தில் உள்ளது.,தண ண ர வழங கல இல ல ப ரச சன main canteen இடத த ல உள ளத,Water and Plumbing,Plumbing and Civil Maintenance,High,Washroom,Main Canteen,0,
CMP-02771,"Hostel Block B la pipe la water leak aagudhu, immediate ah solve pannunga.",hostel block b la pipe la water leak aagudhu immediate ah solve pannunga,Water and Plumbing,Plumbing and Civil Maintenance,Medium,Campus Building,Hostel Block B,0,
CMP-03423,Please check the toilet is blocked at Main Canteen.,please check the toilet is blocked at main canteen,Water and Plumbing,Plumbing and Civil Maintenance,High,Washroom,Main Canteen,1,CMP-01294
CMP-01860,I want to report that the student portal is not loading in Computer Laboratory.,i want to report that the student portal is not loading in computer laboratory,Wi-Fi and IT Services,IT Support and Network Cell,Low,Library,Computer Laboratory,0,
CMP-01418,Computer Laboratory area la projector display varala.,computer laboratory area la projector display varala,Classroom and Laboratory,Academic Infrastructure,High,Classroom,Computer Laboratory,0,
CMP-03342,Boys Hostel Washroom பகுதியில் தண்ணீர் வழங்கல் இல்லை. தயவுசெய்து சரிசெய்யவும்.,boys hostel washroom பக த ய ல தண ண ர வழங கல இல ல தயவ ச ய த சர ச ய யவ ம,Water and Plumbing,Plumbing and Civil Maintenance,High,Washroom,Boys Hostel Washroom,1,CMP-02578
CMP-03548,"Central Library la internet romba slow ah iruku, immediate ah solve pannunga.",central library la internet romba slow ah iruku immediate ah solve pannunga,Wi-Fi and IT Services,IT Support and Network Cell,Low,Library,Central Library,1,CMP-02736
CMP-03482,vehicle campus entrance block pannudhu at Route 1 Bus Stop. Kindly action edunga.,vehicle campus entrance block pannudhu at route 1 bus stop kindly action edunga,Transport and Parking,Transport Cell,Low,Parking,Route 1 Bus Stop,1,CMP-02802
CMP-01989,food quality poor ah iruku at Main Canteen. Kindly action edunga.,food quality poor ah iruku at main canteen kindly action edunga,Food and Canteen,Canteen Committee,High,Canteen,Main Canteen,0,
CMP-02000,Please check the food appears unhygienic at Main Canteen.,please check the food appears unhygienic at main canteen,Food and Canteen,Canteen Committee,Medium,Canteen,Main Canteen,0,
CMP-02428,Urgent attention is needed because the air conditioner is not working in Computer Laboratory.,urgent attention is needed because the air conditioner is not working in computer laboratory,Classroom and Laboratory,Academic Infrastructure,High,Classroom,Computer Laboratory,0,
CMP-00637,Route 3 Bus Stop இல் வளாக பேருந்து தாமதமாக வந்தது. உடனடியாக நடவடிக்கை எடுக்கவும்.,route 3 bus stop இல வள க ப ர ந த த மதம க வந தத உடனட ய க நடவட க க எட க கவ ம,Transport and Parking,Transport Cell,Critical,Campus Road,Route 3 Bus Stop,0,
CMP-01483,Urgent attention is needed because the food quality is poor in North Canteen.,urgent attention is needed because the food quality is poor in north canteen,Food and Canteen,Canteen Committee,Medium,Canteen,North Canteen,0,
CMP-03620,Central Library Reading Hall பகுதியில் ஈஆர்பி உள்நுழைவு தோல்வியடைந்தது. தயவுசெய்து சரிசெய்யவும்.,central library reading hall பக த ய ல ஈஆர ப உள ந ழ வ த ல வ யட ந தத தயவ ச ய த சர ச ய யவ ம,Wi-Fi and IT Services,IT Support and Network Cell,Medium,Library,Central Library Reading Hall,1,CMP-02972
CMP-03002,"Parking Area la washroom clean pannala, immediate ah solve pannunga.",parking area la washroom clean pannala immediate ah solve pannunga,Cleanliness and Waste,Housekeeping and Sanitation,High,Hostel,Parking Area,1,CMP-01447
CMP-01261,I want to report that the drinking water dispenser is not working in Main Canteen.,i want to report that the drinking water dispenser is not working in main canteen,Food and Canteen,Canteen Committee,Critical,Canteen,Main Canteen,0,
CMP-00373,cupboard lock work aagala at Hostel Room 312. Kindly action edunga.,cupboard lock work aagala at hostel room 312 kindly action edunga,Hostel and Accommodation,Hostel Administration,Low,Hostel,Hostel Room 312,0,
CMP-02050,கழிவறை சுத்தம் செய்யப்படவில்லை பிரச்சனை Parking Area இடத்தில் உள்ளது.,கழ வற ச த தம ச ய யப படவ ல ல ப ரச சன parking area இடத த ல உள ளத,Cleanliness and Waste,Housekeeping and Sanitation,High,Hostel,Parking Area,0,
CMP-01354,There is a problem because the room has a damaged window at Boys Hostel Block A.,there is a problem because the room has a damaged window at boys hostel block a,Hostel and Accommodation,Hostel Administration,High,Hostel,Boys Hostel Block A,0,
CMP-03272,Computer Laboratory பகுதியில் குளிர்சாதன வசதி வேலை செய்யவில்லை. தயவுசெய்து சரிசெய்யவும்.,computer laboratory பக த ய ல க ள ர ச தன வசத வ ல ச ய யவ ல ல தயவ ச ய த சர ச ய யவ ம,Classroom and Laboratory,Academic Infrastructure,High,Classroom,Computer Laboratory,1,CMP-02428
CMP-02775,There is a problem because the washroom tap is broken at Boys Hostel Washroom.,there is a problem because the washroom tap is broken at boys hostel washroom,Water and Plumbing,Plumbing and Civil Maintenance,High,Hostel,Boys Hostel Washroom,0,
CMP-01562,There is a problem because there is no parking space available at Route 2 Bus Stop.,there is a problem because there is no parking space available at route 2 bus stop,Transport and Parking,Transport Cell,High,Campus Road,Route 2 Bus Stop,0,
CMP-03781,மெத்தை சேதமடைந்துள்ளது பிரச்சனை Hostel Room 312 இடத்தில் உள்ளது.,ம த த ச தமட ந த ள ளத ப ரச சன hostel room 312 இடத த ல உள ளத,Hostel and Accommodation,Hostel Administration,Low,Hostel,Hostel Room 312,1,CMP-01756
CMP-01001,Boys Hostel Washroom area la dustbin overflow aagudhu.,boys hostel washroom area la dustbin overflow aagudhu,Cleanliness and Waste,Housekeeping and Sanitation,Medium,Washroom,Boys Hostel Washroom,0,
CMP-03595,Parking Area area la campus street light work aagala.,parking area area la campus street light work aagala,Safety and Security,Security Office,Medium,Campus Road,Parking Area,1,CMP-01166
CMP-00839,I want to report that the water tank is overflowing in Hostel Block C.,i want to report that the water tank is overflowing in hostel block c,Water and Plumbing,Plumbing and Civil Maintenance,High,Hostel,Hostel Block C,0,
CMP-00003,Urgent attention is needed because there is a bad smell near the waste area in Main Canteen.,urgent attention is needed because there is a bad smell near the waste area in main canteen,Cleanliness and Waste,Housekeeping and Sanitation,High,Hostel,Main Canteen,0,
CMP-02060,அடையாள அட்டை கோரிக்கை தாமதமாகிறது பிரச்சனை Academic Office இடத்தில் உள்ளது.,அட ய ள அட ட க ர க க த மதம க றத ப ரச சன academic office இடத த ல உள ளத,Administration and Documents,Administrative Office,Medium,Office,Academic Office,0,
CMP-00242,I want to report that the projector is not displaying in Computer Laboratory.,i want to report that the projector is not displaying in computer laboratory,Classroom and Laboratory,Academic Infrastructure,Low,Laboratory,Computer Laboratory,0,
CMP-02222,There is a problem because water is leaking near an electrical panel at Engineering Block.,there is a problem because water is leaking near an electrical panel at engineering block,Safety and Security,Security Office,Critical,Hostel,Engineering Block,0,
CMP-01944,There is a problem because the laboratory computer cannot access the network at AI Laboratory.,there is a problem because the laboratory computer cannot access the network at ai laboratory,Wi-Fi and IT Services,IT Support and Network Cell,High,Classroom,AI Laboratory,0,
CMP-00167,"Hostel Block C la pipe la water leak aagudhu, immediate ah solve pannunga.",hostel block c la pipe la water leak aagudhu immediate ah solve pannunga,Water and Plumbing,Plumbing and Civil Maintenance,Medium,Hostel,Hostel Block C,0,
CMP-00977,Route 1 Bus Stop பகுதியில் அறிவிப்பின்றி பேருந்து பாதை மாற்றப்பட்டது. தயவுசெய்து சரிசெய்யவும்.,route 1 bus stop பக த ய ல அற வ ப ப ன ற ப ர ந த ப த ம ற றப பட டத தயவ ச ய த சர ச ய யவ ம,Transport and Parking,Transport Cell,Critical,Campus Road,Route 1 Bus Stop,0,
CMP-03618,"Main Canteen la canteen service romba slow ah iruku, immediate ah solve pannunga.",main canteen la canteen service romba slow ah iruku immediate ah solve pannunga,Food and Canteen,Canteen Committee,Critical,Canteen,Main Canteen,1,CMP-01261
CMP-00321,"Accounts Office la fee payment portal la update aagala, immediate ah solve pannunga.",accounts office la fee payment portal la update aagala immediate ah solve pannunga,Administration and Documents,Administrative Office,Low,Office,Accounts Office,0,
CMP-01067,Urgent attention is needed because there is a bad smell near the waste area in Library Washroom.,urgent attention is needed because there is a bad smell near the waste area in library washroom,Cleanliness and Waste,Housekeeping and Sanitation,Critical,Canteen,Library Washroom,0,
CMP-03125,Boys Hostel Block A இல் அறை கதவு பூட்டு உடைந்துள்ளது. உடனடியாக நடவடிக்கை எடுக்கவும்.,boys hostel block a இல அற கதவ ப ட ட உட ந த ள ளத உடனட ய க நடவட க க எட க கவ ம,Hostel and Accommodation,Hostel Administration,High,Hostel,Boys Hostel Block A,1,CMP-01354
CMP-03832,உணவு சுகாதாரமற்றதாக உள்ளது பிரச்சனை North Canteen இடத்தில் உள்ளது.,உணவ ச க த ரமற றத க உள ளத ப ரச சன north canteen இடத த ல உள ளத,Food and Canteen,Canteen Committee,Medium,Canteen,North Canteen,1,CMP-01483
CMP-02270,"Library Washroom la waste area pakkathula bad smell iruku, immediate ah solve pannunga.",library washroom la waste area pakkathula bad smell iruku immediate ah solve pannunga,Cleanliness and Waste,Housekeeping and Sanitation,Medium,Canteen,Library Washroom,0,
CMP-01138,Please check the marksheet correction request is pending at Accounts Office.,please check the marksheet correction request is pending at accounts office,Administration and Documents,Administrative Office,Low,Office,Accounts Office,0,
CMP-01441,There is a problem because the room has a damaged window at Hostel Room 312.,there is a problem because the room has a damaged window at hostel room 312,Hostel and Accommodation,Hostel Administration,Low,Hostel,Hostel Room 312,0,
CMP-00155,Urgent attention is needed because the food appears unhygienic in Main Canteen.,urgent attention is needed because the food appears unhygienic in main canteen,Food and Canteen,Canteen Committee,Medium,Canteen,Main Canteen,0,
CMP-02432,மாணவர் தளம் திறக்கவில்லை பிரச்சனை Computer Laboratory இடத்தில் உள்ளது.,ம ணவர தளம த றக கவ ல ல ப ரச சன computer laboratory இடத த ல உள ளத,Wi-Fi and IT Services,IT Support and Network Cell,Medium,Library,Computer Laboratory,0,
CMP-02303,மின்விசிறி வேலை செய்யவில்லை பிரச்சனை Computer Laboratory இடத்தில் உள்ளது.,ம ன வ ச ற வ ல ச ய யவ ல ல ப ரச சன computer laboratory இடத த ல உள ளத,Electrical and Power,Electrical Maintenance,Medium,Classroom,Computer Laboratory,0,
CMP-02880,"Computer Laboratory la fan work aagala, immediate ah solve pannunga.",computer laboratory la fan work aagala immediate ah solve pannunga,Electrical and Power,Electrical Maintenance,Low,Campus Building,Computer Laboratory,0,
CMP-01590,There is a problem because the campus street light is not working at Hostel Block B.,there is a problem because the campus street light is not working at hostel block b,Safety and Security,Security Office,Critical,Campus Road,Hostel Block B,0,
CMP-00055,I want to report that the classroom bench is broken in Computer Laboratory.,i want to report that the classroom bench is broken in computer laboratory,Classroom and Laboratory,Academic Infrastructure,High,Classroom,Computer Laboratory,0,
CMP-02433,I want to report that the ceiling fan is not working in C-204.,i want to report that the ceiling fan is not working in c 204,Electrical and Power,Electrical Maintenance,Medium,Campus Building,C-204,0,
CMP-00807,ப்ரொஜெக்டர் காட்சி அளிக்கவில்லை பிரச்சனை AI Laboratory இடத்தில் உள்ளது.,ப ர ஜ க டர க ட ச அள க கவ ல ல ப ரச சன ai laboratory இடத த ல உள ளத,Classroom and Laboratory,Academic Infrastructure,Critical,Laboratory,AI Laboratory,0,
CMP-02750,Hostel Room 214 la room clean pannala. Please check pannunga.,hostel room 214 la room clean pannala please check pannunga,Hostel and Accommodation,Hostel Administration,High,Hostel,Hostel Room 214,0,
CMP-03624,Hostel Block C பகுதியில் கழிவறை அடைத்துள்ளது. தயவுசெய்து சரிசெய்யவும்.,hostel block c பக த ய ல கழ வற அட த த ள ளத தயவ ச ய த சர ச ய யவ ம,Water and Plumbing,Plumbing and Civil Maintenance,Medium,Hostel,Hostel Block C,1,CMP-00167
CMP-00769,Please check the food appears unhygienic at North Canteen.,please check the food appears unhygienic at north canteen,Food and Canteen,Canteen Committee,Medium,Canteen,North Canteen,0,
CMP-03247,கட்டண செலுத்துதல் தளத்தில் புதுப்பிக்கப்படவில்லை பிரச்சனை Accounts Office இடத்தில் உள்ளது.,கட டண ச ல த த தல தளத த ல ப த ப ப க கப படவ ல ல ப ரச சன accounts office இடத த ல உள ளத,Administration and Documents,Administrative Office,Low,Office,Accounts Office,1,CMP-01138
CMP-02789,கழிவறை அடைத்துள்ளது பிரச்சனை Engineering Block இடத்தில் உள்ளது.,கழ வற அட த த ள ளத ப ரச சன engineering block இடத த ல உள ளத,Water and Plumbing,Plumbing and Civil Maintenance,High,Canteen,Engineering Block,0,
CMP-03149,Main Canteen பகுதியில் குப்பை குவிந்துள்ளது. தயவுசெய்து சரிசெய்யவும்.,main canteen பக த ய ல க ப ப க வ ந த ள ளத தயவ ச ய த சர ச ய யவ ம,Cleanliness and Waste,Housekeeping and Sanitation,High,Hostel,Main Canteen,1,CMP-00003
CMP-01714,food hygiene illa at Main Canteen. Kindly action edunga.,food hygiene illa at main canteen kindly action edunga,Food and Canteen,Canteen Committee,Low,Canteen,Main Canteen,0,
CMP-01025,Hostel Room 214 பகுதியில் மெத்தை சேதமடைந்துள்ளது. தயவுசெய்து சரிசெய்யவும்.,hostel room 214 பக த ய ல ம த த ச தமட ந த ள ளத தயவ ச ய த சர ச ய யவ ம,Hostel and Accommodation,Hostel Administration,High,Hostel,Hostel Room 214,0,
CMP-03554,"Engineering Block la washroom tap broken ah iruku, immediate ah solve pannunga.",engineering block la washroom tap broken ah iruku immediate ah solve pannunga,Water and Plumbing,Plumbing and Civil Maintenance,High,Canteen,Engineering Block,1,CMP-02789
CMP-00940,Urgent attention is needed because the room has a damaged window in Boys Hostel Block B.,urgent attention is needed because the room has a damaged window in boys hostel block b,Hostel and Accommodation,Hostel Administration,High,Hostel,Boys Hostel Block B,0,
CMP-00405,I want to report that the toilet is blocked in Hostel Block B.,i want to report that the toilet is blocked in hostel block b,Water and Plumbing,Plumbing and Civil Maintenance,High,Washroom,Hostel Block B,0,
CMP-00396,மின்பலகையின் அருகில் தண்ணீர் கசிகிறது பிரச்சனை Library Entrance இடத்தில் உள்ளது.,ம ன பலக ய ன அர க ல தண ண ர கச க றத ப ரச சன library entrance இடத த ல உள ளத,Safety and Security,Security Office,High,Parking,Library Entrance,0,
CMP-02407,Urgent attention is needed because the laboratory equipment is not functioning in C-204.,urgent attention is needed because the laboratory equipment is not functioning in c 204,Classroom and Laboratory,Academic Infrastructure,Medium,Laboratory,C-204,0,
CMP-02315,Urgent attention is needed because garbage has accumulated in Library Washroom.,urgent attention is needed because garbage has accumulated in library washroom,Cleanliness and Waste,Housekeeping and Sanitation,Critical,Washroom,Library Washroom,0,
CMP-03100,Computer Laboratory la current supply illa. Please check pannunga.,computer laboratory la current supply illa please check pannunga,Electrical and Power,Electrical Maintenance,Medium,Classroom,Computer Laboratory,1,CMP-02303
CMP-01456,Please check the bus is overcrowded at Route 3 Bus Stop.,please check the bus is overcrowded at route 3 bus stop,Transport and Parking,Transport Cell,Medium,Parking,Route 3 Bus Stop,0,
CMP-01502,Examination Cell la ID card request delay aagudhu. Please check pannunga.,examination cell la id card request delay aagudhu please check pannunga,Administration and Documents,Administrative Office,Medium,Office,Examination Cell,0,
CMP-00455,Urgent attention is needed because the food quality is poor in Hostel Mess.,urgent attention is needed because the food quality is poor in hostel mess,Food and Canteen,Canteen Committee,Medium,Canteen,Hostel Mess,0,
CMP-00893,Urgent attention is needed because there is a bad smell near the waste area in Boys Hostel Washroom.,urgent attention is needed because there is a bad smell near the waste area in boys hostel washroom,Cleanliness and Waste,Housekeeping and Sanitation,Medium,Washroom,Boys Hostel Washroom,0,
CMP-02652,Please check the mattress is damaged at Hostel Room 214.,please check the mattress is damaged at hostel room 214,Hostel and Accommodation,Hostel Administration,Medium,Hostel,Hostel Room 214,0,
CMP-00246,Urgent attention is needed because water is leaking near an electrical panel in Parking Area.,urgent attention is needed because water is leaking near an electrical panel in parking area,Safety and Security,Security Office,High,Hostel,Parking Area,0,
CMP-03186,C-204 இல் குளிர்சாதன வசதி வேலை செய்யவில்லை. உடனடியாக நடவடிக்கை எடுக்கவும்.,c 204 இல க ள ர ச தன வசத வ ல ச ய யவ ல ல உடனட ய க நடவட க க எட க கவ ம,Classroom and Laboratory,Academic Infrastructure,Medium,Laboratory,C-204,1,CMP-02407
CMP-02447,I want to report that the bonafide certificate request is pending in Accounts Office.,i want to report that the bonafide certificate request is pending in accounts office,Administration and Documents,Administrative Office,High,Office,Accounts Office,0,
CMP-00312,"AI Laboratory la classroom bench broken ah iruku, immediate ah solve pannunga.",ai laboratory la classroom bench broken ah iruku immediate ah solve pannunga,Classroom and Laboratory,Academic Infrastructure,Medium,Laboratory,AI Laboratory,0,
CMP-00592,"Central Library Reading Hall la student portal load aagala, immediate ah solve pannunga.",central library reading hall la student portal load aagala immediate ah solve pannunga,Wi-Fi and IT Services,IT Support and Network Cell,Low,Laboratory,Central Library Reading Hall,0,
CMP-00936,toilet block aagiruku at Girls Hostel Washroom. Kindly action edunga.,toilet block aagiruku at girls hostel washroom kindly action edunga,Water and Plumbing,Plumbing and Civil Maintenance,High,Washroom,Girls Hostel Washroom,0,
CMP-03183,AI Laboratory இல் ஆய்வக உபகரணம் வேலை செய்யவில்லை. உடனடியாக நடவடிக்கை எடுக்கவும்.,ai laboratory இல ஆய வக உபகரணம வ ல ச ய யவ ல ல உடனட ய க நடவட க க எட க கவ ம,Classroom and Laboratory,Academic Infrastructure,Medium,Laboratory,AI Laboratory,1,CMP-00312
CMP-03829,room clean pannala at Hostel Room 312. Kindly action edunga.,room clean pannala at hostel room 312 kindly action edunga,Hostel and Accommodation,Hostel Administration,Low,Hostel,Hostel Room 312,1,CMP-01441
CMP-03845,classroom ventilation poor ah iruku at Computer Laboratory. Kindly action edunga.,classroom ventilation poor ah iruku at computer laboratory kindly action edunga,Classroom and Laboratory,Academic Infrastructure,High,Classroom,Computer Laboratory,1,CMP-00055
CMP-00601,Please check the food price is incorrect at Hostel Mess.,please check the food price is incorrect at hostel mess,Food and Canteen,Canteen Committee,High,Canteen,Hostel Mess,0,
CMP-00020,There is a problem because an unauthorized person entered the hostel area at Campus Road.,there is a problem because an unauthorized person entered the hostel area at campus road,Safety and Security,Security Office,High,Campus Building,Campus Road,0,
CMP-00384,Hostel Room 312 பகுதியில் அறை கதவு பூட்டு உடைந்துள்ளது. தயவுசெய்து சரிசெய்யவும்.,hostel room 312 பக த ய ல அற கதவ ப ட ட உட ந த ள ளத தயவ ச ய த சர ச ய யவ ம,Hostel and Accommodation,Hostel Administration,Low,Hostel,Hostel Room 312,0,
CMP-00705,Urgent attention is needed because the ERP login is failing in Central Library.,urgent attention is needed because the erp login is failing in central library,Wi-Fi and IT Services,IT Support and Network Cell,Critical,Hostel,Central Library,0,
CMP-00098,There is a problem because the campus street light is not working at Parking Area.,there is a problem because the campus street light is not working at parking area,Safety and Security,Security Office,Medium,Hostel,Parking Area,0,
CMP-03469,Hostel Block B பகுதியில் படிக்கட்டு கைப்பிடி தளர்வாக உள்ளது. தயவுசெய்து சரிசெய்யவும்.,hostel block b பக த ய ல பட க கட ட க ப ப ட தளர வ க உள ளத தயவ ச ய த சர ச ய யவ ம,Safety and Security,Security Office,Critical,Campus Road,Hostel Block B,1,CMP-01590
CMP-02107,I want to report that a vehicle is blocking the campus entrance in Route 3 Bus Stop.,i want to report that a vehicle is blocking the campus entrance in route 3 bus stop,Transport and Parking,Transport Cell,Medium,Parking,Route 3 Bus Stop,0,
CMP-00627,Main Canteen இல் உணவு சுகாதாரமற்றதாக உள்ளது. உடனடியாக நடவடிக்கை எடுக்கவும்.,main canteen இல உணவ ச க த ரமற றத க உள ளத உடனட ய க நடவட க க எட க கவ ம,Food and Canteen,Canteen Committee,Low,Canteen,Main Canteen,0,
CMP-01927,Please check the electrical switch is damaged at C-305.,please check the electrical switch is damaged at c 305,Electrical and Power,Electrical Maintenance,Low,Campus Building,C-305,0,
CMP-03734,Parking Area la unauthorized person hostel area la vandhirukanga. Please check pannunga.,parking area la unauthorized person hostel area la vandhirukanga please check pannunga,Safety and Security,Security Office,High,Hostel,Parking Area,1,CMP-00246
CMP-01033,Please check there is no water supply at Engineering Block.,please check there is no water supply at engineering block,Water and Plumbing,Plumbing and Civil Maintenance,Critical,Washroom,Engineering Block,0,
CMP-02325,Urgent attention is needed because the campus bus arrived late in Route 3 Bus Stop.,urgent attention is needed because the campus bus arrived late in route 3 bus stop,Transport and Parking,Transport Cell,High,Parking,Route 3 Bus Stop,0,
CMP-00280,C-204 பகுதியில் மின்சாரம் இல்லை. தயவுசெய்து சரிசெய்யவும்.,c 204 பக த ய ல ம ன ச ரம இல ல தயவ ச ய த சர ச ய யவ ம,Electrical and Power,Electrical Maintenance,High,Laboratory,C-204,0,
CMP-00138,I want to report that the scholarship application status is not updated in Student Service Centre.,i want to report that the scholarship application status is not updated in student service centre,Administration and Documents,Administrative Office,Low,Office,Student Service Centre,0,
CMP-03844,Central Library பகுதியில் மாணவர் தளம் திறக்கவில்லை. தயவுசெய்து சரிசெய்யவும்.,central library பக த ய ல ம ணவர தளம த றக கவ ல ல தயவ ச ய த சர ச ய யவ ம,Wi-Fi and IT Services,IT Support and Network Cell,Critical,Hostel,Central Library,1,CMP-00705
CMP-03185,Route 3 Bus Stop இல் வாகனம் வளாக நுழைவாயிலை மறைத்துள்ளது. உடனடியாக நடவடிக்கை எடுக்கவும்.,route 3 bus stop இல வ கனம வள க ந ழ வ ய ல மற த த ள ளத உடனட ய க நடவட க க எட க கவ ம,Transport and Parking,Transport Cell,Medium,Parking,Route 3 Bus Stop,1,CMP-01456
CMP-02761,Urgent attention is needed because the bus is overcrowded in Route 1 Bus Stop.,urgent attention is needed because the bus is overcrowded in route 1 bus stop,Transport and Parking,Transport Cell,Medium,Campus Road,Route 1 Bus Stop,0,
CMP-00304,I want to report that the bonafide certificate request is pending in Student Service Centre.,i want to report that the bonafide certificate request is pending in student service centre,Administration and Documents,Administrative Office,Medium,Office,Student Service Centre,0,
CMP-01902,Urgent attention is needed because the canteen service is very slow in Main Canteen.,urgent attention is needed because the canteen service is very slow in main canteen,Food and Canteen,Canteen Committee,Medium,Canteen,Main Canteen,0,
CMP-01396,I want to report that the classroom has poor ventilation in C-204.,i want to report that the classroom has poor ventilation in c 204,Classroom and Laboratory,Academic Infrastructure,Medium,Laboratory,C-204,0,
CMP-01066,AI Laboratory பகுதியில் மாணவர் தளம் திறக்கவில்லை. தயவுசெய்து சரிசெய்யவும்.,ai laboratory பக த ய ல ம ணவர தளம த றக கவ ல ல தயவ ச ய த சர ச ய யவ ம,Wi-Fi and IT Services,IT Support and Network Cell,Low,Laboratory,AI Laboratory,0,
CMP-00429,Electronics Laboratory இல் வகுப்பறை மேசை உடைந்துள்ளது. உடனடியாக நடவடிக்கை எடுக்கவும்.,electronics laboratory இல வக ப பற ம ச உட ந த ள ளத உடனட ய க நடவட க க எட க கவ ம,Classroom and Laboratory,Academic Infrastructure,Medium,Laboratory,Electronics Laboratory,0,
CMP-02686,There is a problem because the classroom bench is broken at C-101.,there is a problem because the classroom bench is broken at c 101,Classroom and Laboratory,Academic Infrastructure,Medium,Classroom,C-101,0,
CMP-01728,Urgent attention is needed because the tube light is flickering in Engineering Block.,urgent attention is needed because the tube light is flickering in engineering block,Electrical and Power,Electrical Maintenance,Critical,Campus Building,Engineering Block,0,
CMP-01254,Academic Block Corridor la washroom clean pannala. Please check pannunga.,academic block corridor la washroom clean pannala please check pannunga,Cleanliness and Waste,Housekeeping and Sanitation,Low,Campus Road,Academic Block Corridor,0,
CMP-02894,tube light flicker aagudhu at C-204. Kindly action edunga.,tube light flicker aagudhu at c 204 kindly action edunga,Electrical and Power,Electrical Maintenance,Medium,Campus Building,C-204,0,
CMP-03717,Engineering Block la fan work aagala. Please check pannunga.,engineering block la fan work aagala please check pannunga,Electrical and Power,Electrical Maintenance,Critical,Campus Building,Engineering Block,1,CMP-01728
CMP-01439,Urgent attention is needed because an unauthorized person entered the hostel area in Campus Road.,urgent attention is needed because an unauthorized person entered the hostel area in campus road,Safety and Security,Security Office,Critical,Campus Building,Campus Road,0,
CMP-01908,Hostel Block B area la campus street light work aagala.,hostel block b area la campus street light work aagala,Safety and Security,Security Office,Medium,Hostel,Hostel Block B,0,
CMP-02380,There is a problem because the room door lock is broken at Girls Hostel Block A.,there is a problem because the room door lock is broken at girls hostel block a,Hostel and Accommodation,Hostel Administration,Medium,Hostel,Girls Hostel Block A,0,
CMP-00407,lab computer network connect aagala at Central Library. Kindly action edunga.,lab computer network connect aagala at central library kindly action edunga,Wi-Fi and IT Services,IT Support and Network Cell,Medium,Hostel,Central Library,0,
CMP-01298,There is a problem because the washroom tap is broken at Engineering Block.,there is a problem because the washroom tap is broken at engineering block,Water and Plumbing,Plumbing and Civil Maintenance,High,Washroom,Engineering Block,0,
CMP-03568,"Main Canteen la food price wrong ah iruku, immediate ah solve pannunga.",main canteen la food price wrong ah iruku immediate ah solve pannunga,Food and Canteen,Canteen Committee,Low,Canteen,Main Canteen,1,CMP-00627
CMP-02183,I want to report that the ERP login is failing in Computer Laboratory.,i want to report that the erp login is failing in computer laboratory,Wi-Fi and IT Services,IT Support and Network Cell,Medium,Library,Computer Laboratory,0,
CMP-03359,Girls Hostel Block A பகுதியில் மெத்தை சேதமடைந்துள்ளது. தயவுசெய்து சரிசெய்யவும்.,girls hostel block a பக த ய ல ம த த ச தமட ந த ள ளத தயவ ச ய த சர ச ய யவ ம,Hostel and Accommodation,Hostel Administration,Medium,Hostel,Girls Hostel Block A,1,CMP-02380
CMP-01795,Please check the mattress is damaged at Boys Hostel Block B.,please check the mattress is damaged at boys hostel block b,Hostel and Accommodation,Hostel Administration,Low,Hostel,Boys Hostel Block B,0,
CMP-03289,Boys Hostel Block B la window damage aagiruku. Please check pannunga.,boys hostel block b la window damage aagiruku please check pannunga,Hostel and Accommodation,Hostel Administration,Low,Hostel,Boys Hostel Block B,1,CMP-01795
CMP-02449,உணவின் தரம் மோசமாக உள்ளது பிரச்சனை North Canteen இடத்தில் உள்ளது.,உணவ ன தரம ம சம க உள ளத ப ரச சன north canteen இடத த ல உள ளத,Food and Canteen,Canteen Committee,High,Canteen,North Canteen,0,
CMP-00903,There is a problem because water is leaking near an electrical panel at Hostel Block B.,there is a problem because water is leaking near an electrical panel at hostel block b,Safety and Security,Security Office,High,Campus Road,Hostel Block B,0,
CMP-00745,Please check the bus route was changed without notice at Main Parking Area.,please check the bus route was changed without notice at main parking area,Transport and Parking,Transport Cell,Medium,Campus Road,Main Parking Area,0,
CMP-02809,அறிவிப்பின்றி பேருந்து பாதை மாற்றப்பட்டது பிரச்சனை Main Parking Area இடத்தில் உள்ளது.,அற வ ப ப ன ற ப ர ந த ப த ம ற றப பட டத ப ரச சன main parking area இடத த ல உள ளத,Transport and Parking,Transport Cell,Medium,Campus Road,Main Parking Area,0,
CMP-02970,Please check the campus street light is not working at Hostel Block B.,please check the campus street light is not working at hostel block b,Safety and Security,Security Office,High,Campus Road,Hostel Block B,0,
CMP-00610,I want to report that the ERP login is failing in Computer Laboratory.,i want to report that the erp login is failing in computer laboratory,Wi-Fi and IT Services,IT Support and Network Cell,Medium,Laboratory,Computer Laboratory,0,
CMP-02265,Examination Cell இல் அடையாள அட்டை கோரிக்கை தாமதமாகிறது. உடனடியாக நடவடிக்கை எடுக்கவும்.,examination cell இல அட ய ள அட ட க ர க க த மதம க றத உடனட ய க நடவட க க எட க கவ ம,Administration and Documents,Administrative Office,Medium,Office,Examination Cell,0,
CMP-01551,"C-305 la tube light flicker aagudhu, immediate ah solve pannunga.",c 305 la tube light flicker aagudhu immediate ah solve pannunga,Electrical and Power,Electrical Maintenance,Low,Laboratory,C-305,0,
CMP-02340,There is a problem because an unauthorized person entered the hostel area at Main Gate.,there is a problem because an unauthorized person entered the hostel area at main gate,Safety and Security,Security Office,High,Campus Building,Main Gate,0,
CMP-00907,There is a problem because water is leaking near an electrical panel at Main Gate.,there is a problem because water is leaking near an electrical panel at main gate,Safety and Security,Security Office,Critical,Hostel,Main Gate,0,
CMP-03409,Campus Road la unauthorized person hostel area la vandhirukanga. Please check pannunga.,campus road la unauthorized person hostel area la vandhirukanga please check pannunga,Safety and Security,Security Office,Critical,Campus Building,Campus Road,1,CMP-01439
CMP-02834,switch damage aagiruku at C-305. Kindly action edunga.,switch damage aagiruku at c 305 kindly action edunga,Electrical and Power,Electrical Maintenance,Medium,Classroom,C-305,0,
CMP-00491,"Parking Area la glass panel broken ah iruku, immediate ah solve pannunga.",parking area la glass panel broken ah iruku immediate ah solve pannunga,Safety and Security,Security Office,High,Hostel,Parking Area,0,
CMP-01779,Urgent attention is needed because the water tank is overflowing in Girls Hostel Washroom.,urgent attention is needed because the water tank is overflowing in girls hostel washroom,Water and Plumbing,Plumbing and Civil Maintenance,High,Hostel,Girls Hostel Washroom,0,
CMP-03375,lab equipment work aagala at C-101. Kindly action edunga.,lab equipment work aagala at c 101 kindly action edunga,Classroom and Laboratory,Academic Infrastructure,Medium,Classroom,C-101,1,CMP-02686
CMP-00441,There is a problem because there is no parking space available at Route 1 Bus Stop.,there is a problem because there is no parking space available at route 1 bus stop,Transport and Parking,Transport Cell,High,Campus Road,Route 1 Bus Stop,0,
CMP-00152,tube light flicker aagudhu at Hostel Block B. Kindly action edunga.,tube light flicker aagudhu at hostel block b kindly action edunga,Electrical and Power,Electrical Maintenance,Medium,Classroom,Hostel Block B,0,
CMP-01803,மின்பலகையின் அருகில் தண்ணீர் கசிகிறது பிரச்சனை Library Entrance இடத்தில் உள்ளது.,ம ன பலக ய ன அர க ல தண ண ர கச க றத ப ரச சன library entrance இடத த ல உள ளத,Safety and Security,Security Office,Low,Hostel,Library Entrance,0,
CMP-00010,Electronics Laboratory பகுதியில் வகுப்பறை மேசை உடைந்துள்ளது. தயவுசெய்து சரிசெய்யவும்.,electronics laboratory பக த ய ல வக ப பற ம ச உட ந த ள ளத தயவ ச ய த சர ச ய யவ ம,Classroom and Laboratory,Academic Infrastructure,Medium,Classroom,Electronics Laboratory,0,
CMP-02597,Please check the corridor light is not working at Computer Laboratory.,please check the corridor light is not working at computer laboratory,Electrical and Power,Electrical Maintenance,Medium,Hostel,Computer Laboratory,0,
CMP-01436,I want to report that the food appears unhygienic in Main Canteen.,i want to report that the food appears unhygienic in main canteen,Food and Canteen,Canteen Committee,Low,Canteen,Main Canteen,0,
CMP-02741,I want to report that the food price is incorrect in Main Canteen.,i want to report that the food price is incorrect in main canteen,Food and Canteen,Canteen Committee,High,Canteen,Main Canteen,0,
CMP-03139,Hostel Block B இல் மின்பலகையின் அருகில் தண்ணீர் கசிகிறது. உடனடியாக நடவடிக்கை எடுக்கவும்.,hostel block b இல ம ன பலக ய ன அர க ல தண ண ர கச க றத உடனட ய க நடவட க க எட க கவ ம,Safety and Security,Security Office,High,Campus Road,Hostel Block B,1,CMP-02970
CMP-03757,Hostel Block B பகுதியில் மின்விசிறி வேலை செய்யவில்லை. தயவுசெய்து சரிசெய்யவும்.,hostel block b பக த ய ல ம ன வ ச ற வ ல ச ய யவ ல ல தயவ ச ய த சர ச ய யவ ம,Electrical and Power,Electrical Maintenance,Medium,Classroom,Hostel Block B,1,CMP-00152
CMP-03122,Computer Laboratory இல் குழல் விளக்கு மின்னுகிறது. உடனடியாக நடவடிக்கை எடுக்கவும்.,computer laboratory இல க ழல வ ளக க ம ன ன க றத உடனட ய க நடவட க க எட க கவ ம,Electrical and Power,Electrical Maintenance,Medium,Hostel,Computer Laboratory,1,CMP-02597
CMP-03472,I want to report that the ID card request is delayed in Examination Cell.,i want to report that the id card request is delayed in examination cell,Administration and Documents,Administrative Office,Medium,Office,Examination Cell,1,CMP-02265
CMP-02799,I want to report that the washroom tap is broken in Hostel Block C.,i want to report that the washroom tap is broken in hostel block c,Water and Plumbing,Plumbing and Civil Maintenance,Medium,Washroom,Hostel Block C,0,
CMP-03463,campus bus late ah vandhuchu at Main Parking Area. Kindly action edunga.,campus bus late ah vandhuchu at main parking area kindly action edunga,Transport and Parking,Transport Cell,Medium,Campus Road,Main Parking Area,1,CMP-00745
CMP-01718,There is a problem because the food price is incorrect at North Canteen.,there is a problem because the food price is incorrect at north canteen,Food and Canteen,Canteen Committee,Critical,Canteen,North Canteen,0,
CMP-03737,Parking Area பகுதியில் மின்பலகையின் அருகில் தண்ணீர் கசிகிறது. தயவுசெய்து சரிசெய்யவும்.,parking area பக த ய ல ம ன பலக ய ன அர க ல தண ண ர கச க றத தயவ ச ய த சர ச ய யவ ம,Safety and Security,Security Office,High,Hostel,Parking Area,1,CMP-00491
CMP-01334,There is a problem because there is a broken glass panel at Hostel Block B.,there is a problem because there is a broken glass panel at hostel block b,Safety and Security,Security Office,Critical,Campus Building,Hostel Block B,0,
CMP-02169,C-204 area la AC work aagala.,c 204 area la ac work aagala,Classroom and Laboratory,Academic Infrastructure,High,Laboratory,C-204,0,
CMP-02977,Urgent attention is needed because the washroom has not been cleaned in Academic Block Corridor.,urgent attention is needed because the washroom has not been cleaned in academic block corridor,Cleanliness and Waste,Housekeeping and Sanitation,High,Campus Road,Academic Block Corridor,0,
CMP-02354,Urgent attention is needed because the washroom has not been cleaned in Academic Block Corridor.,urgent attention is needed because the washroom has not been cleaned in academic block corridor,Cleanliness and Waste,Housekeeping and Sanitation,High,Campus Road,Academic Block Corridor,0,
CMP-01686,"North Canteen la food quality poor ah iruku, immediate ah solve pannunga.",north canteen la food quality poor ah iruku immediate ah solve pannunga,Food and Canteen,Canteen Committee,Medium,Canteen,North Canteen,0,
CMP-00991,Route 3 Bus Stop area la campus bus late ah vandhuchu.,route 3 bus stop area la campus bus late ah vandhuchu,Transport and Parking,Transport Cell,High,Campus Road,Route 3 Bus Stop,0,
CMP-02123,"Hostel Block B la current supply illa, immediate ah solve pannunga.",hostel block b la current supply illa immediate ah solve pannunga,Electrical and Power,Electrical Maintenance,Medium,Hostel,Hostel Block B,0,
CMP-03439,Please check the classroom has poor ventilation at Electronics Laboratory.,please check the classroom has poor ventilation at electronics laboratory,Classroom and Laboratory,Academic Infrastructure,Medium,Classroom,Electronics Laboratory,1,CMP-00010
CMP-00069,Urgent attention is needed because the hostel room is not cleaned in Hostel Room 214.,urgent attention is needed because the hostel room is not cleaned in hostel room 214,Hostel and Accommodation,Hostel Administration,High,Hostel,Hostel Room 214,0,
CMP-01715,I want to report that the room door lock is broken in Hostel Room 214.,i want to report that the room door lock is broken in hostel room 214,Hostel and Accommodation,Hostel Administration,Critical,Hostel,Hostel Room 214,0,
CMP-02607,There is a problem because the cupboard lock is not working at Hostel Room 312.,there is a problem because the cupboard lock is not working at hostel room 312,Hostel and Accommodation,Hostel Administration,High,Hostel,Hostel Room 312,0,
CMP-01952,Hostel Block A பகுதியில் கழிவறை குழாய் உடைந்துள்ளது. தயவுசெய்து சரிசெய்யவும்.,hostel block a பக த ய ல கழ வற க ழ ய உட ந த ள ளத தயவ ச ய த சர ச ய யவ ம,Water and Plumbing,Plumbing and Civil Maintenance,Low,Campus Building,Hostel Block A,0,
CMP-00113,I want to report that there is no water supply in Hostel Block A.,i want to report that there is no water supply in hostel block a,Water and Plumbing,Plumbing and Civil Maintenance,High,Canteen,Hostel Block A,0,
CMP-00274,lab computer network connect aagala at Central Library. Kindly action edunga.,lab computer network connect aagala at central library kindly action edunga,Wi-Fi and IT Services,IT Support and Network Cell,Medium,Library,Central Library,0,
CMP-03705,Hostel Block B area la glass panel broken ah iruku.,hostel block b area la glass panel broken ah iruku,Safety and Security,Security Office,Critical,Campus Building,Hostel Block B,1,CMP-01334
CMP-00806,There is a problem because the marksheet correction request is pending at Student Service Centre.,there is a problem because the marksheet correction request is pending at student service centre,Administration and Documents,Administrative Office,Low,Office,Student Service Centre,0,
CMP-02845,Main Canteen area la pipe la water leak aagudhu.,main canteen area la pipe la water leak aagudhu,Water and Plumbing,Plumbing and Civil Maintenance,Medium,Hostel,Main Canteen,0,
CMP-00404,Accounts Office பகுதியில் கட்டண செலுத்துதல் தளத்தில் புதுப்பிக்கப்படவில்லை. தயவுசெய்து சரிசெய்யவும்.,accounts office பக த ய ல கட டண ச ல த த தல தளத த ல ப த ப ப க கப படவ ல ல தயவ ச ய த சர ச ய யவ ம,Administration and Documents,Administrative Office,Low,Office,Accounts Office,0,
CMP-03596,Hostel Room 214 இல் அறை சுத்தம் செய்யப்படவில்லை. உடனடியாக நடவடிக்கை எடுக்கவும்.,hostel room 214 இல அற ச த தம ச ய யப படவ ல ல உடனட ய க நடவட க க எட க கவ ம,Hostel and Accommodation,Hostel Administration,High,Hostel,Hostel Room 214,1,CMP-00069
CMP-01973,Please check there is a broken glass panel at Campus Road.,please check there is a broken glass panel at campus road,Safety and Security,Security Office,Critical,Hostel,Campus Road,0,
CMP-01995,Route 2 Bus Stop area la campus bus late ah vandhuchu.,route 2 bus stop area la campus bus late ah vandhuchu,Transport and Parking,Transport Cell,Low,Campus Road,Route 2 Bus Stop,0,
CMP-03896,கழிவறை குழாய் உடைந்துள்ளது பிரச்சனை Main Canteen இடத்தில் உள்ளது.,கழ வற க ழ ய உட ந த ள ளத ப ரச சன main canteen இடத த ல உள ளத,Water and Plumbing,Plumbing and Civil Maintenance,Medium,Hostel,Main Canteen,1,CMP-02845
CMP-01314,There is a problem because the mattress is damaged at Boys Hostel Block B.,there is a problem because the mattress is damaged at boys hostel block b,Hostel and Accommodation,Hostel Administration,Medium,Hostel,Boys Hostel Block B,0,
CMP-00401,"Parking Area la electrical panel pakkathula water leak aagudhu, immediate ah solve pannunga.",parking area la electrical panel pakkathula water leak aagudhu immediate ah solve pannunga,Safety and Security,Security Office,High,Campus Building,Parking Area,0,
CMP-02358,There is a problem because the projector is not displaying at C-305.,there is a problem because the projector is not displaying at c 305,Classroom and Laboratory,Academic Infrastructure,High,Classroom,C-305,0,
CMP-00288,canteen service romba slow ah iruku at Main Canteen. Kindly action edunga.,canteen service romba slow ah iruku at main canteen kindly action edunga,Food and Canteen,Canteen Committee,Low,Canteen,Main Canteen,0,
CMP-00803,I want to report that water is leaking near an electrical panel in Main Gate.,i want to report that water is leaking near an electrical panel in main gate,Safety and Security,Security Office,Critical,Campus Building,Main Gate,0,
CMP-02952,canteen service romba slow ah iruku at North Canteen. Kindly action edunga.,canteen service romba slow ah iruku at north canteen kindly action edunga,Food and Canteen,Canteen Committee,High,Canteen,North Canteen,0,
CMP-01429,Urgent attention is needed because the fee payment is not updated in the portal in Scholarship Office.,urgent attention is needed because the fee payment is not updated in the portal in scholarship office,Administration and Documents,Administrative Office,Medium,Office,Scholarship Office,0,
CMP-02770,fee payment portal la update aagala at Examination Cell. Kindly action edunga.,fee payment portal la update aagala at examination cell kindly action edunga,Administration and Documents,Administrative Office,Low,Office,Examination Cell,0,
CMP-01008,I want to report that water is leaking near an electrical panel in Engineering Block.,i want to report that water is leaking near an electrical panel in engineering block,Safety and Security,Security Office,Critical,Campus Road,Engineering Block,0,
CMP-02103,AI Laboratory area la student portal load aagala.,ai laboratory area la student portal load aagala,Wi-Fi and IT Services,IT Support and Network Cell,Medium,Library,AI Laboratory,0,
CMP-00623,Please check the ERP login is failing at Central Library Reading Hall.,please check the erp login is failing at central library reading hall,Wi-Fi and IT Services,IT Support and Network Cell,Medium,Laboratory,Central Library Reading Hall,0,
CMP-00682,I want to report that the student portal is not loading in Hostel Block B.,i want to report that the student portal is not loading in hostel block b,Wi-Fi and IT Services,IT Support and Network Cell,Medium,Library,Hostel Block B,0,
CMP-00793,I want to report that the food price is incorrect in Main Canteen.,i want to report that the food price is incorrect in main canteen,Food and Canteen,Canteen Committee,Medium,Canteen,Main Canteen,0,
CMP-01313,Urgent attention is needed because the tube light is flickering in C-305.,urgent attention is needed because the tube light is flickering in c 305,Electrical and Power,Electrical Maintenance,High,Classroom,C-305,0,
CMP-01433,Boys Hostel Block B la room door lock broken ah iruku. Please check pannunga.,boys hostel block b la room door lock broken ah iruku please check pannunga,Hostel and Accommodation,Hostel Administration,Medium,Hostel,Boys Hostel Block B,0,
CMP-02535,குப்பை குவிந்துள்ளது பிரச்சனை Library Washroom இடத்தில் உள்ளது.,க ப ப க வ ந த ள ளத ப ரச சன library washroom இடத த ல உள ளத,Cleanliness and Waste,Housekeeping and Sanitation,Critical,Hostel,Library Washroom,0,
CMP-02830,Urgent attention is needed because the staircase railing is loose in Hostel Block B.,urgent attention is needed because the staircase railing is loose in hostel block b,Safety and Security,Security Office,Medium,Hostel,Hostel Block B,0,
CMP-02014,Student Service Centre area la ID card request delay aagudhu.,student service centre area la id card request delay aagudhu,Administration and Documents,Administrative Office,Low,Office,Student Service Centre,0,
CMP-00855,Boys Hostel Washroom இல் கழிவறை குழாய் உடைந்துள்ளது. உடனடியாக நடவடிக்கை எடுக்கவும்.,boys hostel washroom இல கழ வற க ழ ய உட ந த ள ளத உடனட ய க நடவட க க எட க கவ ம,Water and Plumbing,Plumbing and Civil Maintenance,Medium,Campus Building,Boys Hostel Washroom,0,
CMP-02550,There is a problem because there is a bad smell near the waste area at Academic Block Corridor.,there is a problem because there is a bad smell near the waste area at academic block corridor,Cleanliness and Waste,Housekeeping and Sanitation,High,Canteen,Academic Block Corridor,0,
CMP-01470,Library Entrance பகுதியில் மின்பலகையின் அருகில் தண்ணீர் கசிகிறது. தயவுசெய்து சரிசெய்யவும்.,library entrance பக த ய ல ம ன பலக ய ன அர க ல தண ண ர கச க றத தயவ ச ய த சர ச ய யவ ம,Safety and Security,Security Office,Medium,Campus Building,Library Entrance,0,
CMP-00160,Route 1 Bus Stop இல் வாகனம் வளாக நுழைவாயிலை மறைத்துள்ளது. உடனடியாக நடவடிக்கை எடுக்கவும்.,route 1 bus stop இல வ கனம வள க ந ழ வ ய ல மற த த ள ளத உடனட ய க நடவட க க எட க கவ ம,Transport and Parking,Transport Cell,Medium,Parking,Route 1 Bus Stop,0,
CMP-00780,There is a problem because the ERP login is failing at Computer Laboratory.,there is a problem because the erp login is failing at computer laboratory,Wi-Fi and IT Services,IT Support and Network Cell,Low,Library,Computer Laboratory,0,
CMP-02195,Main Canteen இல் கழிவறை சுத்தம் செய்யப்படவில்லை. உடனடியாக நடவடிக்கை எடுக்கவும்.,main canteen இல கழ வற ச த தம ச ய யப படவ ல ல உடனட ய க நடவட க க எட க கவ ம,Cleanliness and Waste,Housekeeping and Sanitation,Medium,Hostel,Main Canteen,0,
CMP-00702,There is a problem because water is leaking near an electrical panel at Engineering Block.,there is a problem because water is leaking near an electrical panel at engineering block,Safety and Security,Security Office,Low,Campus Building,Engineering Block,0,
CMP-00516,Urgent attention is needed because the bonafide certificate request is pending in Student Service Centre.,urgent attention is needed because the bonafide certificate request is pending in student service centre,Administration and Documents,Administrative Office,Medium,Office,Student Service Centre,0,
CMP-02943,Boys Hostel Block A பகுதியில் அறை கதவு பூட்டு உடைந்துள்ளது. தயவுசெய்து சரிசெய்யவும்.,boys hostel block a பக த ய ல அற கதவ ப ட ட உட ந த ள ளத தயவ ச ய த சர ச ய யவ ம,Hostel and Accommodation,Hostel Administration,Medium,Hostel,Boys Hostel Block A,0,
CMP-00026,Urgent attention is needed because the projector is not displaying in C-204.,urgent attention is needed because the projector is not displaying in c 204,Classroom and Laboratory,Academic Infrastructure,High,Laboratory,C-204,0,
CMP-02579,There is a problem because there is a power outage at C-305.,there is a problem because there is a power outage at c 305,Electrical and Power,Electrical Maintenance,High,Classroom,C-305,0,
CMP-01078,There is a problem because the bonafide certificate request is pending at Scholarship Office.,there is a problem because the bonafide certificate request is pending at scholarship office,Administration and Documents,Administrative Office,High,Office,Scholarship Office,0,
CMP-00657,Girls Hostel Washroom la corridor dirty ah iruku. Please check pannunga.,girls hostel washroom la corridor dirty ah iruku please check pannunga,Cleanliness and Waste,Housekeeping and Sanitation,Critical,Canteen,Girls Hostel Washroom,0,
CMP-01811,C-305 பகுதியில் ப்ரொஜெக்டர் காட்சி அளிக்கவில்லை. தயவுசெய்து சரிசெய்யவும்.,c 305 பக த ய ல ப ர ஜ க டர க ட ச அள க கவ ல ல தயவ ச ய த சர ச ய யவ ம,Classroom and Laboratory,Academic Infrastructure,High,Classroom,C-305,0,
CMP-01784,Urgent attention is needed because the classroom bench is broken in Computer Laboratory.,urgent attention is needed because the classroom bench is broken in computer laboratory,Classroom and Laboratory,Academic Infrastructure,High,Classroom,Computer Laboratory,0,
CMP-00294,corridor dirty ah iruku at Parking Area. Kindly action edunga.,corridor dirty ah iruku at parking area kindly action edunga,Cleanliness and Waste,Housekeeping and Sanitation,Medium,Campus Road,Parking Area,0,
CMP-01647,கழிவறை சுத்தம் செய்யப்படவில்லை பிரச்சனை Boys Hostel Washroom இடத்தில் உள்ளது.,கழ வற ச த தம ச ய யப படவ ல ல ப ரச சன boys hostel washroom இடத த ல உள ளத,Cleanliness and Waste,Housekeeping and Sanitation,Medium,Washroom,Boys Hostel Washroom,0,
CMP-01454,Parking Area இல் வளாக தெருவிளக்கு வேலை செய்யவில்லை. உடனடியாக நடவடிக்கை எடுக்கவும்.,parking area இல வள க த ர வ ளக க வ ல ச ய யவ ல ல உடனட ய க நடவட க க எட க கவ ம,Safety and Security,Security Office,High,Parking,Parking Area,0,
CMP-03517,I want to report that the dustbin is overflowing in Main Canteen.,i want to report that the dustbin is overflowing in main canteen,Cleanliness and Waste,Housekeeping and Sanitation,Medium,Hostel,Main Canteen,1,CMP-02195
CMP-02205,மாணவர் தளம் திறக்கவில்லை பிரச்சனை Hostel Block A இடத்தில் உள்ளது.,ம ணவர தளம த றக கவ ல ல ப ரச சன hostel block a இடத த ல உள ளத,Wi-Fi and IT Services,IT Support and Network Cell,Medium,Library,Hostel Block A,0,
CMP-00703,C-305 பகுதியில் ஆய்வக உபகரணம் வேலை செய்யவில்லை. தயவுசெய்து சரிசெய்யவும்.,c 305 பக த ய ல ஆய வக உபகரணம வ ல ச ய யவ ல ல தயவ ச ய த சர ச ய யவ ம,Classroom and Laboratory,Academic Infrastructure,Low,Laboratory,C-305,0,
CMP-03646,Urgent attention is needed because the food price is incorrect in North Canteen.,urgent attention is needed because the food price is incorrect in north canteen,Food and Canteen,Canteen Committee,High,Canteen,North Canteen,1,CMP-02952
CMP-02949,Urgent attention is needed because the student portal is not loading in Hostel Block A.,urgent attention is needed because the student portal is not loading in hostel block a,Wi-Fi and IT Services,IT Support and Network Cell,High,Laboratory,Hostel Block A,0,
CMP-02657,Please check garbage has accumulated at Boys Hostel Washroom.,please check garbage has accumulated at boys hostel washroom,Cleanliness and Waste,Housekeeping and Sanitation,High,Canteen,Boys Hostel Washroom,0,
CMP-00777,"Central Library la wifi work aagala, immediate ah solve pannunga.",central library la wifi work aagala immediate ah solve pannunga,Wi-Fi and IT Services,IT Support and Network Cell,Medium,Classroom,Central Library,0,
CMP-00005,Route 3 Bus Stop la parking space illa. Please check pannunga.,route 3 bus stop la parking space illa please check pannunga,Transport and Parking,Transport Cell,Medium,Campus Road,Route 3 Bus Stop,0,
CMP-00876,Please check an unauthorized person entered the hostel area at Library Entrance.,please check an unauthorized person entered the hostel area at library entrance,Safety and Security,Security Office,Critical,Campus Road,Library Entrance,0,
CMP-00854,Route 2 Bus Stop area la bus route notice illama change pannitanga.,route 2 bus stop area la bus route notice illama change pannitanga,Transport and Parking,Transport Cell,High,Parking,Route 2 Bus Stop,0,
CMP-00196,There is a problem because the ID card request is delayed at Examination Cell.,there is a problem because the id card request is delayed at examination cell,Administration and Documents,Administrative Office,Low,Office,Examination Cell,0,
CMP-02726,There is a problem because the laboratory computer cannot access the network at AI Laboratory.,there is a problem because the laboratory computer cannot access the network at ai laboratory,Wi-Fi and IT Services,IT Support and Network Cell,Medium,Hostel,AI Laboratory,0,
CMP-03838,Urgent attention is needed because the washroom has not been cleaned in Boys Hostel Washroom.,urgent attention is needed because the washroom has not been cleaned in boys hostel washroom,Cleanliness and Waste,Housekeeping and Sanitation,Medium,Washroom,Boys Hostel Washroom,1,CMP-01647
CMP-03415,"C-305 la AC work aagala, immediate ah solve pannunga.",c 305 la ac work aagala immediate ah solve pannunga,Classroom and Laboratory,Academic Infrastructure,High,Classroom,C-305,1,CMP-01811
CMP-00420,Route 2 Bus Stop area la parking space illa.,route 2 bus stop area la parking space illa,Transport and Parking,Transport Cell,High,Parking,Route 2 Bus Stop,0,
CMP-03350,Computer Laboratory area la internet romba slow ah iruku.,computer laboratory area la internet romba slow ah iruku,Wi-Fi and IT Services,IT Support and Network Cell,Low,Library,Computer Laboratory,1,CMP-00780
CMP-03019,glass panel broken ah iruku at Hostel Block B. Kindly action edunga.,glass panel broken ah iruku at hostel block b kindly action edunga,Safety and Security,Security Office,Medium,Hostel,Hostel Block B,1,CMP-02830
CMP-00585,"Campus Road la electrical panel pakkathula water leak aagudhu, immediate ah solve pannunga.",campus road la electrical panel pakkathula water leak aagudhu immediate ah solve pannunga,Safety and Security,Security Office,Critical,Campus Road,Campus Road,0,
CMP-02404,Girls Hostel Block B area la room clean pannala.,girls hostel block b area la room clean pannala,Hostel and Accommodation,Hostel Administration,High,Hostel,Girls Hostel Block B,0,
CMP-02973,Route 3 Bus Stop பகுதியில் வாகனம் வளாக நுழைவாயிலை மறைத்துள்ளது. தயவுசெய்து சரிசெய்யவும்.,route 3 bus stop பக த ய ல வ கனம வள க ந ழ வ ய ல மற த த ள ளத தயவ ச ய த சர ச ய யவ ம,Transport and Parking,Transport Cell,Medium,Parking,Route 3 Bus Stop,0,
CMP-00471,Girls Hostel Washroom la washroom tap broken ah iruku. Please check pannunga.,girls hostel washroom la washroom tap broken ah iruku please check pannunga,Water and Plumbing,Plumbing and Civil Maintenance,Critical,Hostel,Girls Hostel Washroom,0,
CMP-01929,food hygiene illa at Hostel Mess. Kindly action edunga.,food hygiene illa at hostel mess kindly action edunga,Food and Canteen,Canteen Committee,Critical,Canteen,Hostel Mess,0,
CMP-00348,Computer Laboratory area la lab computer network connect aagala.,computer laboratory area la lab computer network connect aagala,Wi-Fi and IT Services,IT Support and Network Cell,Medium,Library,Computer Laboratory,0,
CMP-02984,நிறுத்துமிடம் கிடைக்கவில்லை பிரச்சனை Route 2 Bus Stop இடத்தில் உள்ளது.,ந ற த த ம டம க ட க கவ ல ல ப ரச சன route 2 bus stop இடத த ல உள ளத,Transport and Parking,Transport Cell,Medium,Campus Road,Route 2 Bus Stop,0,
CMP-00221,Please check the food appears unhygienic at Main Canteen.,please check the food appears unhygienic at main canteen,Food and Canteen,Canteen Committee,High,Canteen,Main Canteen,0,
CMP-01616,Scholarship Office இல் பொனஃபைடு சான்றிதழ் கோரிக்கை நிலுவையில் உள்ளது. உடனடியாக நடவடிக்கை எடுக்கவும்.,scholarship office இல ப னஃப ட ச ன ற தழ க ர க க ந ல வ ய ல உள ளத உடனட ய க நடவட க க எட க கவ ம,Administration and Documents,Administrative Office,Medium,Office,Scholarship Office,0,
CMP-02617,வைஃபை வேலை செய்யவில்லை பிரச்சனை Central Library இடத்தில் உள்ளது.,வ ஃப வ ல ச ய யவ ல ல ப ரச சன central library இடத த ல உள ளத,Wi-Fi and IT Services,IT Support and Network Cell,Low,Laboratory,Central Library,0,
CMP-03129,Hostel Block A பகுதியில் வைஃபை வேலை செய்யவில்லை. தயவுசெய்து சரிசெய்யவும்.,hostel block a பக த ய ல வ ஃப வ ல ச ய யவ ல ல தயவ ச ய த சர ச ய யவ ம,Wi-Fi and IT Services,IT Support and Network Cell,High,Laboratory,Hostel Block A,1,CMP-02949
CMP-03805,Computer Laboratory area la classroom ventilation poor ah iruku.,computer laboratory area la classroom ventilation poor ah iruku,Classroom and Laboratory,Academic Infrastructure,High,Classroom,Computer Laboratory,1,CMP-01784
CMP-02587,Hostel Block B la water tank overflow aagudhu. Please check pannunga.,hostel block b la water tank overflow aagudhu please check pannunga,Water and Plumbing,Plumbing and Civil Maintenance,Medium,Washroom,Hostel Block B,0,
CMP-01734,There is a problem because the hostel room is not cleaned at Hostel Room 214.,there is a problem because the hostel room is not cleaned at hostel room 214,Hostel and Accommodation,Hostel Administration,High,Hostel,Hostel Room 214,0,
CMP-00230,Please check garbage has accumulated at Library Washroom.,please check garbage has accumulated at library washroom,Cleanliness and Waste,Housekeeping and Sanitation,Medium,Canteen,Library Washroom,0,
CMP-00029,Main Canteen பகுதியில் கழிவறை குழாய் உடைந்துள்ளது. தயவுசெய்து சரிசெய்யவும்.,main canteen பக த ய ல கழ வற க ழ ய உட ந த ள ளத தயவ ச ய த சர ச ய யவ ம,Water and Plumbing,Plumbing and Civil Maintenance,High,Canteen,Main Canteen,0,
CMP-01606,I want to report that the ERP login is failing in Computer Laboratory.,i want to report that the erp login is failing in computer laboratory,Wi-Fi and IT Services,IT Support and Network Cell,Medium,Library,Computer Laboratory,0,
CMP-01039,AI Laboratory area la ERP login aagala.,ai laboratory area la erp login aagala,Wi-Fi and IT Services,IT Support and Network Cell,Medium,Library,AI Laboratory,0,
CMP-02693,I want to report that the food quality is poor in North Canteen.,i want to report that the food quality is poor in north canteen,Food and Canteen,Canteen Committee,Medium,Canteen,North Canteen,0,
CMP-02763,I want to report that water is leaking from the pipe in Hostel Block A.,i want to report that water is leaking from the pipe in hostel block a,Water and Plumbing,Plumbing and Civil Maintenance,Medium,Washroom,Hostel Block A,0,
CMP-00741,Please check there is a bad smell near the waste area at Main Canteen.,please check there is a bad smell near the waste area at main canteen,Cleanliness and Waste,Housekeeping and Sanitation,High,Campus Road,Main Canteen,0,
CMP-01996,Boys Hostel Block A area la window damage aagiruku.,boys hostel block a area la window damage aagiruku,Hostel and Accommodation,Hostel Administration,Medium,Hostel,Boys Hostel Block A,0,
CMP-03156,Please check the student portal is not loading at Central Library.,please check the student portal is not loading at central library,Wi-Fi and IT Services,IT Support and Network Cell,Low,Laboratory,Central Library,1,CMP-02617
CMP-02654,Urgent attention is needed because the corridor light is not working in Hostel Block A.,urgent attention is needed because the corridor light is not working in hostel block a,Electrical and Power,Electrical Maintenance,High,Hostel,Hostel Block A,0,
CMP-03676,Hostel Block A la pipe la water leak aagudhu. Please check pannunga.,hostel block a la pipe la water leak aagudhu please check pannunga,Water and Plumbing,Plumbing and Civil Maintenance,Medium,Washroom,Hostel Block A,1,CMP-02763
CMP-00994,உணவின் தரம் மோசமாக உள்ளது பிரச்சனை Main Canteen இடத்தில் உள்ளது.,உணவ ன தரம ம சம க உள ளத ப ரச சன main canteen இடத த ல உள ளத,Food and Canteen,Canteen Committee,High,Canteen,Main Canteen,0,
CMP-03197,Urgent attention is needed because the water tank is overflowing in Girls Hostel Washroom.,urgent attention is needed because the water tank is overflowing in girls hostel washroom,Water and Plumbing,Plumbing and Civil Maintenance,Critical,Hostel,Girls Hostel Washroom,1,CMP-00471
CMP-00779,இணைய இணைப்பு மிகவும் மெதுவாக உள்ளது பிரச்சனை Computer Laboratory இடத்தில் உள்ளது.,இண ய இண ப ப ம கவ ம ம த வ க உள ளத ப ரச சன computer laboratory இடத த ல உள ளத,Wi-Fi and IT Services,IT Support and Network Cell,Medium,Hostel,Computer Laboratory,0,
CMP-00410,Please check the water tank is overflowing at Engineering Block.,please check the water tank is overflowing at engineering block,Water and Plumbing,Plumbing and Civil Maintenance,Low,Canteen,Engineering Block,0,
CMP-02434,"Main Gate la staircase railing loose ah iruku, immediate ah solve pannunga.",main gate la staircase railing loose ah iruku immediate ah solve pannunga,Safety and Security,Security Office,Critical,Hostel,Main Gate,0,
CMP-00293,"Student Service Centre la fee payment portal la update aagala, immediate ah solve pannunga.",student service centre la fee payment portal la update aagala immediate ah solve pannunga,Administration and Documents,Administrative Office,Medium,Office,Student Service Centre,0,
CMP-03848,Urgent attention is needed because the food quality is poor in Hostel Mess.,urgent attention is needed because the food quality is poor in hostel mess,Food and Canteen,Canteen Committee,Critical,Canteen,Hostel Mess,1,CMP-01929
CMP-03442,Computer Laboratory பகுதியில் வைஃபை வேலை செய்யவில்லை. தயவுசெய்து சரிசெய்யவும்.,computer laboratory பக த ய ல வ ஃப வ ல ச ய யவ ல ல தயவ ச ய த சர ச ய யவ ம,Wi-Fi and IT Services,IT Support and Network Cell,Medium,Library,Computer Laboratory,1,CMP-01606
CMP-00154,There is a problem because the Wi-Fi is not working at Computer Laboratory.,there is a problem because the wi fi is not working at computer laboratory,Wi-Fi and IT Services,IT Support and Network Cell,Low,Classroom,Computer Laboratory,0,
CMP-02181,C-305 பகுதியில் வகுப்பறை மேசை உடைந்துள்ளது. தயவுசெய்து சரிசெய்யவும்.,c 305 பக த ய ல வக ப பற ம ச உட ந த ள ளத தயவ ச ய த சர ச ய யவ ம,Classroom and Laboratory,Academic Infrastructure,Critical,Classroom,C-305,0,
CMP-01385,Please check the tube light is flickering at Engineering Block.,please check the tube light is flickering at engineering block,Electrical and Power,Electrical Maintenance,Medium,Campus Building,Engineering Block,0,
CMP-03632,I want to report that the hostel room is not cleaned in Boys Hostel Block A.,i want to report that the hostel room is not cleaned in boys hostel block a,Hostel and Accommodation,Hostel Administration,Medium,Hostel,Boys Hostel Block A,1,CMP-01996
CMP-03109,There is a problem because the laboratory computer cannot access the network at AI Laboratory.,there is a problem because the laboratory computer cannot access the network at ai laboratory,Wi-Fi and IT Services,IT Support and Network Cell,Medium,Library,AI Laboratory,1,CMP-01039
CMP-01755,I want to report that there is a power outage in Computer Laboratory.,i want to report that there is a power outage in computer laboratory,Electrical and Power,Electrical Maintenance,Low,Hostel,Computer Laboratory,0,
CMP-00667,Girls Hostel Block A area la room door lock broken ah iruku.,girls hostel block a area la room door lock broken ah iruku,Hostel and Accommodation,Hostel Administration,Medium,Hostel,Girls Hostel Block A,0,
CMP-00442,Please check the food appears unhygienic at North Canteen.,please check the food appears unhygienic at north canteen,Food and Canteen,Canteen Committee,Medium,Canteen,North Canteen,0,
CMP-02162,Please check the student portal is not loading at Central Library Reading Hall.,please check the student portal is not loading at central library reading hall,Wi-Fi and IT Services,IT Support and Network Cell,High,Classroom,Central Library Reading Hall,0,
CMP-00398,Computer Laboratory area la AC work aagala.,computer laboratory area la ac work aagala,Classroom and Laboratory,Academic Infrastructure,High,Laboratory,Computer Laboratory,0,
CMP-00673,Urgent attention is needed because water is leaking near an electrical panel in Hostel Block B.,urgent attention is needed because water is leaking near an electrical panel in hostel block b,Safety and Security,Security Office,High,Campus Building,Hostel Block B,0,
CMP-01936,"Route 1 Bus Stop la parking space illa, immediate ah solve pannunga.",route 1 bus stop la parking space illa immediate ah solve pannunga,Transport and Parking,Transport Cell,High,Campus Road,Route 1 Bus Stop,0,
CMP-02282,Please check the fee payment is not updated in the portal at Academic Office.,please check the fee payment is not updated in the portal at academic office,Administration and Documents,Administrative Office,Medium,Office,Academic Office,0,
CMP-02104,AI Laboratory இல் ப்ரொஜெக்டர் காட்சி அளிக்கவில்லை. உடனடியாக நடவடிக்கை எடுக்கவும்.,ai laboratory இல ப ர ஜ க டர க ட ச அள க கவ ல ல உடனட ய க நடவட க க எட க கவ ம,Classroom and Laboratory,Academic Infrastructure,Critical,Laboratory,AI Laboratory,0,
CMP-00206,electrical panel pakkathula water leak aagudhu at Campus Road. Kindly action edunga.,electrical panel pakkathula water leak aagudhu at campus road kindly action edunga,Safety and Security,Security Office,Critical,Parking,Campus Road,0,
CMP-01778,"Central Library Reading Hall la ERP login aagala, immediate ah solve pannunga.",central library reading hall la erp login aagala immediate ah solve pannunga,Wi-Fi and IT Services,IT Support and Network Cell,Low,Hostel,Central Library Reading Hall,0,
CMP-02192,Route 2 Bus Stop la campus bus late ah vandhuchu. Please check pannunga.,route 2 bus stop la campus bus late ah vandhuchu please check pannunga,Transport and Parking,Transport Cell,Medium,Parking,Route 2 Bus Stop,0,
CMP-01688,நடைபாதை அழுக்காக உள்ளது பிரச்சனை Girls Hostel Washroom இடத்தில் உள்ளது.,நட ப த அழ க க க உள ளத ப ரச சன girls hostel washroom இடத த ல உள ளத,Cleanliness and Waste,Housekeeping and Sanitation,High,Washroom,Girls Hostel Washroom,0,
CMP-02638,Girls Hostel Block B la cupboard lock work aagala. Please check pannunga.,girls hostel block b la cupboard lock work aagala please check pannunga,Hostel and Accommodation,Hostel Administration,High,Hostel,Girls Hostel Block B,0,
CMP-02544,There is a problem because the campus street light is not working at Campus Road.,there is a problem because the campus street light is not working at campus road,Safety and Security,Security Office,Medium,Campus Road,Campus Road,0,
CMP-02301,I want to report that the food quality is poor in Hostel Mess.,i want to report that the food quality is poor in hostel mess,Food and Canteen,Canteen Committee,Medium,Canteen,Hostel Mess,0,
CMP-00468,"Girls Hostel Washroom la pipe la water leak aagudhu, immediate ah solve pannunga.",girls hostel washroom la pipe la water leak aagudhu immediate ah solve pannunga,Water and Plumbing,Plumbing and Civil Maintenance,High,Hostel,Girls Hostel Washroom,0,
CMP-02670,I want to report that the Wi-Fi is not working in Hostel Block B.,i want to report that the wi fi is not working in hostel block b,Wi-Fi and IT Services,IT Support and Network Cell,High,Library,Hostel Block B,0,
CMP-00588,There is a problem because the classroom has poor ventilation at C-305.,there is a problem because the classroom has poor ventilation at c 305,Classroom and Laboratory,Academic Infrastructure,Low,Classroom,C-305,0,
CMP-02392,I want to report that the student portal is not loading in Hostel Block A.,i want to report that the student portal is not loading in hostel block a,Wi-Fi and IT Services,IT Support and Network Cell,Medium,Laboratory,Hostel Block A,0,
CMP-01377,Girls Hostel Washroom பகுதியில் தண்ணீர் வழங்கல் இல்லை. தயவுசெய்து சரிசெய்யவும்.,girls hostel washroom பக த ய ல தண ண ர வழங கல இல ல தயவ ச ய த சர ச ய யவ ம,Water and Plumbing,Plumbing and Civil Maintenance,High,Canteen,Girls Hostel Washroom,0,
CMP-02256,Urgent attention is needed because the campus bus arrived late in Route 2 Bus Stop.,urgent attention is needed because the campus bus arrived late in route 2 bus stop,Transport and Parking,Transport Cell,Medium,Parking,Route 2 Bus Stop,0,
CMP-00996,I want to report that the toilet is blocked in Engineering Block.,i want to report that the toilet is blocked in engineering block,Water and Plumbing,Plumbing and Civil Maintenance,Medium,Campus Building,Engineering Block,0,
CMP-00895,I want to report that the drinking water dispenser is not working in Hostel Mess.,i want to report that the drinking water dispenser is not working in hostel mess,Food and Canteen,Canteen Committee,High,Canteen,Hostel Mess,0,
CMP-02752,I want to report that an unauthorized person entered the hostel area in Library Entrance.,i want to report that an unauthorized person entered the hostel area in library entrance,Safety and Security,Security Office,Critical,Parking,Library Entrance,0,
CMP-01086,Urgent attention is needed because the drinking water dispenser is not working in Hostel Mess.,urgent attention is needed because the drinking water dispenser is not working in hostel mess,Food and Canteen,Canteen Committee,Medium,Canteen,Hostel Mess,0,
CMP-00386,Urgent attention is needed because the fee payment is not updated in the portal in Scholarship Office.,urgent attention is needed because the fee payment is not updated in the portal in scholarship office,Administration and Documents,Administrative Office,Low,Office,Scholarship Office,0,
CMP-03447,Please check the cupboard lock is not working at Girls Hostel Block B.,please check the cupboard lock is not working at girls hostel block b,Hostel and Accommodation,Hostel Administration,High,Hostel,Girls Hostel Block B,1,CMP-02638
CMP-03365,"Girls Hostel Washroom la garbage accumulate aagiruku, immediate ah solve pannunga.",girls hostel washroom la garbage accumulate aagiruku immediate ah solve pannunga,Cleanliness and Waste,Housekeeping and Sanitation,High,Washroom,Girls Hostel Washroom,1,CMP-01688
CMP-00590,Hostel Mess la food quality poor ah iruku. Please check pannunga.,hostel mess la food quality poor ah iruku please check pannunga,Food and Canteen,Canteen Committee,Medium,Canteen,Hostel Mess,0,
CMP-00018,Urgent attention is needed because the campus street light is not working in Hostel Block B.,urgent attention is needed because the campus street light is not working in hostel block b,Safety and Security,Security Office,High,Campus Road,Hostel Block B,0,
CMP-01214,There is a problem because the washroom has not been cleaned at Main Canteen.,there is a problem because the washroom has not been cleaned at main canteen,Cleanliness and Waste,Housekeeping and Sanitation,Critical,Hostel,Main Canteen,0,
CMP-03009,Girls Hostel Washroom area la washroom tap broken ah iruku.,girls hostel washroom area la washroom tap broken ah iruku,Water and Plumbing,Plumbing and Civil Maintenance,High,Canteen,Girls Hostel Washroom,1,CMP-01377
CMP-03846,staircase railing loose ah iruku at Library Entrance. Kindly action edunga.,staircase railing loose ah iruku at library entrance kindly action edunga,Safety and Security,Security Office,Critical,Parking,Library Entrance,1,CMP-02752
CMP-02137,food price wrong ah iruku at Main Canteen. Kindly action edunga.,food price wrong ah iruku at main canteen kindly action edunga,Food and Canteen,Canteen Committee,High,Canteen,Main Canteen,0,
CMP-00049,I want to report that the student portal is not loading in Computer Laboratory.,i want to report that the student portal is not loading in computer laboratory,Wi-Fi and IT Services,IT Support and Network Cell,High,Laboratory,Computer Laboratory,0,
CMP-00059,உணவின் விலை தவறாக உள்ளது பிரச்சனை Hostel Mess இடத்தில் உள்ளது.,உணவ ன வ ல தவற க உள ளத ப ரச சன hostel mess இடத த ல உள ளத,Food and Canteen,Canteen Committee,High,Canteen,Hostel Mess,0,
CMP-03744,அடையாள அட்டை கோரிக்கை தாமதமாகிறது பிரச்சனை Scholarship Office இடத்தில் உள்ளது.,அட ய ள அட ட க ர க க த மதம க றத ப ரச சன scholarship office இடத த ல உள ளத,Administration and Documents,Administrative Office,Low,Office,Scholarship Office,1,CMP-00386
CMP-03075,Route 2 Bus Stop பகுதியில் வளாக பேருந்து தாமதமாக வந்தது. தயவுசெய்து சரிசெய்யவும்.,route 2 bus stop பக த ய ல வள க ப ர ந த த மதம க வந தத தயவ ச ய த சர ச ய யவ ம,Transport and Parking,Transport Cell,Medium,Parking,Route 2 Bus Stop,1,CMP-02256
CMP-03541,Computer Laboratory இல் ஈஆர்பி உள்நுழைவு தோல்வியடைந்தது. உடனடியாக நடவடிக்கை எடுக்கவும்.,computer laboratory இல ஈஆர ப உள ந ழ வ த ல வ யட ந தத உடனட ய க நடவட க க எட க கவ ம,Wi-Fi and IT Services,IT Support and Network Cell,High,Laboratory,Computer Laboratory,1,CMP-00049
CMP-01893,Please check water is leaking near an electrical panel at Campus Road.,please check water is leaking near an electrical panel at campus road,Safety and Security,Security Office,Medium,Campus Building,Campus Road,0,
CMP-01871,Please check the food quality is poor at Hostel Mess.,please check the food quality is poor at hostel mess,Food and Canteen,Canteen Committee,Low,Canteen,Hostel Mess,0,
CMP-03563,அறிவிப்பின்றி பேருந்து பாதை மாற்றப்பட்டது பிரச்சனை Route 1 Bus Stop இடத்தில் உள்ளது.,அற வ ப ப ன ற ப ர ந த ப த ம ற றப பட டத ப ரச சன route 1 bus stop இடத த ல உள ளத,Transport and Parking,Transport Cell,High,Campus Road,Route 1 Bus Stop,1,CMP-01936
CMP-02950,There is a problem because the toilet is blocked at Hostel Block C.,there is a problem because the toilet is blocked at hostel block c,Water and Plumbing,Plumbing and Civil Maintenance,Medium,Hostel,Hostel Block C,0,
CMP-03751,Hostel Mess இல் கேன்டீன் சேவை மிகவும் மெதுவாக உள்ளது. உடனடியாக நடவடிக்கை எடுக்கவும்.,hostel mess இல க ன ட ன ச வ ம கவ ம ம த வ க உள ளத உடனட ய க நடவட க க எட க கவ ம,Food and Canteen,Canteen Committee,Medium,Canteen,Hostel Mess,1,CMP-01086
CMP-03570,Girls Hostel Washroom பகுதியில் தண்ணீர் வழங்கல் இல்லை. தயவுசெய்து சரிசெய்யவும்.,girls hostel washroom பக த ய ல தண ண ர வழங கல இல ல தயவ ச ய த சர ச ய யவ ம,Water and Plumbing,Plumbing and Civil Maintenance,High,Hostel,Girls Hostel Washroom,1,CMP-00468
CMP-02054,window damage aagiruku at Hostel Room 312. Kindly action edunga.,window damage aagiruku at hostel room 312 kindly action edunga,Hostel and Accommodation,Hostel Administration,Low,Hostel,Hostel Room 312,0,
CMP-01631,Engineering Block area la staircase railing loose ah iruku.,engineering block area la staircase railing loose ah iruku,Safety and Security,Security Office,Critical,Parking,Engineering Block,0,
CMP-01941,Main Canteen area la drinking water dispenser work aagala.,main canteen area la drinking water dispenser work aagala,Food and Canteen,Canteen Committee,Critical,Canteen,Main Canteen,0,
CMP-00888,I want to report that the internet connection is very slow in Computer Laboratory.,i want to report that the internet connection is very slow in computer laboratory,Wi-Fi and IT Services,IT Support and Network Cell,Low,Library,Computer Laboratory,0,
CMP-03448,Please check the drinking water dispenser is not working at Main Canteen.,please check the drinking water dispenser is not working at main canteen,Food and Canteen,Canteen Committee,High,Canteen,Main Canteen,1,CMP-02137
CMP-03161,Campus Road பகுதியில் படிக்கட்டு கைப்பிடி தளர்வாக உள்ளது. தயவுசெய்து சரிசெய்யவும்.,campus road பக த ய ல பட க கட ட க ப ப ட தளர வ க உள ளத தயவ ச ய த சர ச ய யவ ம,Safety and Security,Security Office,Critical,Parking,Campus Road,1,CMP-00206
CMP-02300,There is a problem because the cupboard lock is not working at Girls Hostel Block A.,there is a problem because the cupboard lock is not working at girls hostel block a,Hostel and Accommodation,Hostel Administration,Medium,Hostel,Girls Hostel Block A,0,
CMP-03847,மாணவர் தளம் திறக்கவில்லை பிரச்சனை Hostel Block B இடத்தில் உள்ளது.,ம ணவர தளம த றக கவ ல ல ப ரச சன hostel block b இடத த ல உள ளத,Wi-Fi and IT Services,IT Support and Network Cell,High,Library,Hostel Block B,1,CMP-02670
CMP-03768,C-305 area la projector display varala.,c 305 area la projector display varala,Classroom and Laboratory,Academic Infrastructure,Low,Classroom,C-305,1,CMP-00588
CMP-01975,"Hostel Block B la corridor light eriyala, immediate ah solve pannunga.",hostel block b la corridor light eriyala immediate ah solve pannunga,Electrical and Power,Electrical Maintenance,High,Classroom,Hostel Block B,0,
CMP-03237,Engineering Block பகுதியில் கழிவறை குழாய் உடைந்துள்ளது. தயவுசெய்து சரிசெய்யவும்.,engineering block பக த ய ல கழ வற க ழ ய உட ந த ள ளத தயவ ச ய த சர ச ய யவ ம,Water and Plumbing,Plumbing and Civil Maintenance,Medium,Campus Building,Engineering Block,1,CMP-00996
CMP-03685,Engineering Block பகுதியில் மின்பலகையின் அருகில் தண்ணீர் கசிகிறது. தயவுசெய்து சரிசெய்யவும்.,engineering block பக த ய ல ம ன பலக ய ன அர க ல தண ண ர கச க றத தயவ ச ய த சர ச ய யவ ம,Safety and Security,Security Office,Critical,Parking,Engineering Block,1,CMP-01631
CMP-00173,மின்சார சுவிட்ச் சேதமடைந்துள்ளது பிரச்சனை Engineering Block இடத்தில் உள்ளது.,ம ன ச ர ச வ ட ச ச தமட ந த ள ளத ப ரச சன engineering block இடத த ல உள ளத,Electrical and Power,Electrical Maintenance,Medium,Classroom,Engineering Block,0,
CMP-00853,There is a problem because the Wi-Fi is not working at Hostel Block A.,there is a problem because the wi fi is not working at hostel block a,Wi-Fi and IT Services,IT Support and Network Cell,High,Classroom,Hostel Block A,0,
CMP-00130,washroom tap broken ah iruku at Hostel Block B. Kindly action edunga.,washroom tap broken ah iruku at hostel block b kindly action edunga,Water and Plumbing,Plumbing and Civil Maintenance,Medium,Washroom,Hostel Block B,0,
CMP-02622,food quality poor ah iruku at Hostel Mess. Kindly action edunga.,food quality poor ah iruku at hostel mess kindly action edunga,Food and Canteen,Canteen Committee,Medium,Canteen,Hostel Mess,0,
CMP-01020,Urgent attention is needed because the tube light is flickering in Hostel Block A.,urgent attention is needed because the tube light is flickering in hostel block a,Electrical and Power,Electrical Maintenance,Medium,Classroom,Hostel Block A,0,
CMP-01729,"Hostel Mess la food quality poor ah iruku, immediate ah solve pannunga.",hostel mess la food quality poor ah iruku immediate ah solve pannunga,Food and Canteen,Canteen Committee,High,Canteen,Hostel Mess,0,
CMP-02006,Student Service Centre la bonafide certificate request pending la iruku. Please check pannunga.,student service centre la bonafide certificate request pending la iruku please check pannunga,Administration and Documents,Administrative Office,High,Office,Student Service Centre,0,
CMP-00328,Please check the water tank is overflowing at Hostel Block C.,please check the water tank is overflowing at hostel block c,Water and Plumbing,Plumbing and Civil Maintenance,Medium,Campus Building,Hostel Block C,0,
CMP-01463,tube light flicker aagudhu at Hostel Block B. Kindly action edunga.,tube light flicker aagudhu at hostel block b kindly action edunga,Electrical and Power,Electrical Maintenance,Medium,Laboratory,Hostel Block B,0,
CMP-02044,corridor dirty ah iruku at Main Canteen. Kindly action edunga.,corridor dirty ah iruku at main canteen kindly action edunga,Cleanliness and Waste,Housekeeping and Sanitation,High,Washroom,Main Canteen,0,
CMP-01918,Route 3 Bus Stop பகுதியில் வாகனம் வளாக நுழைவாயிலை மறைத்துள்ளது. தயவுசெய்து சரிசெய்யவும்.,route 3 bus stop பக த ய ல வ கனம வள க ந ழ வ ய ல மற த த ள ளத தயவ ச ய த சர ச ய யவ ம,Transport and Parking,Transport Cell,Medium,Parking,Route 3 Bus Stop,0,
CMP-01791,Urgent attention is needed because the food price is incorrect in Hostel Mess.,urgent attention is needed because the food price is incorrect in hostel mess,Food and Canteen,Canteen Committee,High,Canteen,Hostel Mess,0,
CMP-02396,I want to report that there is a broken glass panel in Parking Area.,i want to report that there is a broken glass panel in parking area,Safety and Security,Security Office,High,Parking,Parking Area,0,
CMP-03601,Engineering Block la current supply illa. Please check pannunga.,engineering block la current supply illa please check pannunga,Electrical and Power,Electrical Maintenance,Medium,Classroom,Engineering Block,1,CMP-00173
CMP-02348,Academic Office la fee payment portal la update aagala. Please check pannunga.,academic office la fee payment portal la update aagala please check pannunga,Administration and Documents,Administrative Office,Low,Office,Academic Office,0,
CMP-01849,There is a problem because the cupboard lock is not working at Boys Hostel Block A.,there is a problem because the cupboard lock is not working at boys hostel block a,Hostel and Accommodation,Hostel Administration,Medium,Hostel,Boys Hostel Block A,0,
CMP-00768,அறை கதவு பூட்டு உடைந்துள்ளது பிரச்சனை Girls Hostel Block A இடத்தில் உள்ளது.,அற கதவ ப ட ட உட ந த ள ளத ப ரச சன girls hostel block a இடத த ல உள ளத,Hostel and Accommodation,Hostel Administration,High,Hostel,Girls Hostel Block A,0,
CMP-01449,Urgent attention is needed because there is no water supply in Girls Hostel Washroom.,urgent attention is needed because there is no water supply in girls hostel washroom,Water and Plumbing,Plumbing and Civil Maintenance,Medium,Washroom,Girls Hostel Washroom,0,
CMP-00148,I want to report that the fee payment is not updated in the portal in Academic Office.,i want to report that the fee payment is not updated in the portal in academic office,Administration and Documents,Administrative Office,Low,Office,Academic Office,0,
CMP-03736,மெத்தை சேதமடைந்துள்ளது பிரச்சனை Boys Hostel Block A இடத்தில் உள்ளது.,ம த த ச தமட ந த ள ளத ப ரச சன boys hostel block a இடத த ல உள ளத,Hostel and Accommodation,Hostel Administration,Medium,Hostel,Boys Hostel Block A,1,CMP-01849
CMP-02081,Student Service Centre la ID card request delay aagudhu. Please check pannunga.,student service centre la id card request delay aagudhu please check pannunga,Administration and Documents,Administrative Office,Low,Office,Student Service Centre,0,
CMP-01706,Engineering Block பகுதியில் கண்ணாடி பலகம் உடைந்துள்ளது. தயவுசெய்து சரிசெய்யவும்.,engineering block பக த ய ல கண ண ட பலகம உட ந த ள ளத தயவ ச ய த சர ச ய யவ ம,Safety and Security,Security Office,High,Campus Building,Engineering Block,0,
CMP-01130,corridor dirty ah iruku at Academic Block Corridor. Kindly action edunga.,corridor dirty ah iruku at academic block corridor kindly action edunga,Cleanliness and Waste,Housekeeping and Sanitation,High,Washroom,Academic Block Corridor,0,
CMP-00564,I want to report that the bus is overcrowded in Route 1 Bus Stop.,i want to report that the bus is overcrowded in route 1 bus stop,Transport and Parking,Transport Cell,Medium,Campus Road,Route 1 Bus Stop,0,
CMP-01725,bonafide certificate request pending la iruku at Examination Cell. Kindly action edunga.,bonafide certificate request pending la iruku at examination cell kindly action edunga,Administration and Documents,Administrative Office,Low,Office,Examination Cell,0,
CMP-03658,Please check there is a power outage at Hostel Block B.,please check there is a power outage at hostel block b,Electrical and Power,Electrical Maintenance,Medium,Laboratory,Hostel Block B,1,CMP-01463
CMP-01812,Route 2 Bus Stop இல் நிறுத்துமிடம் கிடைக்கவில்லை. உடனடியாக நடவடிக்கை எடுக்கவும்.,route 2 bus stop இல ந ற த த ம டம க ட க கவ ல ல உடனட ய க நடவட க க எட க கவ ம,Transport and Parking,Transport Cell,Medium,Campus Road,Route 2 Bus Stop,0,
CMP-02976,I want to report that the food price is incorrect in Hostel Mess.,i want to report that the food price is incorrect in hostel mess,Food and Canteen,Canteen Committee,Medium,Canteen,Hostel Mess,0,
CMP-02161,There is a problem because the canteen service is very slow at Main Canteen.,there is a problem because the canteen service is very slow at main canteen,Food and Canteen,Canteen Committee,Medium,Canteen,Main Canteen,0,
CMP-01477,Urgent attention is needed because the hostel room is not cleaned in Girls Hostel Block B.,urgent attention is needed because the hostel room is not cleaned in girls hostel block b,Hostel and Accommodation,Hostel Administration,High,Hostel,Girls Hostel Block B,0,
CMP-02052,Main Canteen area la toilet block aagiruku.,main canteen area la toilet block aagiruku,Water and Plumbing,Plumbing and Civil Maintenance,Low,Campus Building,Main Canteen,0,
CMP-02250,"Library Washroom la dustbin overflow aagudhu, immediate ah solve pannunga.",library washroom la dustbin overflow aagudhu immediate ah solve pannunga,Cleanliness and Waste,Housekeeping and Sanitation,High,Campus Road,Library Washroom,0,
CMP-03758,Library Washroom இல் கழிவறை சுத்தம் செய்யப்படவில்லை. உடனடியாக நடவடிக்கை எடுக்கவும்.,library washroom இல கழ வற ச த தம ச ய யப படவ ல ல உடனட ய க நடவட க க எட க கவ ம,Cleanliness and Waste,Housekeeping and Sanitation,High,Campus Road,Library Washroom,1,CMP-02250
CMP-02720,College Entrance பகுதியில் வளாக பேருந்து தாமதமாக வந்தது. தயவுசெய்து சரிசெய்யவும்.,college entrance பக த ய ல வள க ப ர ந த த மதம க வந தத தயவ ச ய த சர ச ய யவ ம,Transport and Parking,Transport Cell,Medium,Campus Road,College Entrance,0,
CMP-00862,Boys Hostel Block A இல் அறை சுத்தம் செய்யப்படவில்லை. உடனடியாக நடவடிக்கை எடுக்கவும்.,boys hostel block a இல அற ச த தம ச ய யப படவ ல ல உடனட ய க நடவட க க எட க கவ ம,Hostel and Accommodation,Hostel Administration,Low,Hostel,Boys Hostel Block A,0,
CMP-01972,Girls Hostel Block A பகுதியில் அறை சுத்தம் செய்யப்படவில்லை. தயவுசெய்து சரிசெய்யவும்.,girls hostel block a பக த ய ல அற ச த தம ச ய யப படவ ல ல தயவ ச ய த சர ச ய யவ ம,Hostel and Accommodation,Hostel Administration,Critical,Hostel,Girls Hostel Block A,0,
CMP-01985,Urgent attention is needed because the ceiling fan is not working in Hostel Block A.,urgent attention is needed because the ceiling fan is not working in hostel block a,Electrical and Power,Electrical Maintenance,Medium,Laboratory,Hostel Block A,0,
CMP-03276,Girls Hostel Block A la room door lock broken ah iruku. Please check pannunga.,girls hostel block a la room door lock broken ah iruku please check pannunga,Hostel and Accommodation,Hostel Administration,High,Hostel,Girls Hostel Block A,1,CMP-00768
CMP-03059,Please check garbage has accumulated at Main Canteen.,please check garbage has accumulated at main canteen,Cleanliness and Waste,Housekeeping and Sanitation,High,Washroom,Main Canteen,1,CMP-02044
CMP-03026,Hostel Mess la drinking water dispenser work aagala. Please check pannunga.,hostel mess la drinking water dispenser work aagala please check pannunga,Food and Canteen,Canteen Committee,High,Canteen,Hostel Mess,1,CMP-01791
CMP-02417,I want to report that the drinking water dispenser is not working in North Canteen.,i want to report that the drinking water dispenser is not working in north canteen,Food and Canteen,Canteen Committee,Medium,Canteen,North Canteen,0,
CMP-01226,I want to report that the bus route was changed without notice in College Entrance.,i want to report that the bus route was changed without notice in college entrance,Transport and Parking,Transport Cell,High,Parking,College Entrance,0,
CMP-03550,food price wrong ah iruku at Hostel Mess. Kindly action edunga.,food price wrong ah iruku at hostel mess kindly action edunga,Food and Canteen,Canteen Committee,Medium,Canteen,Hostel Mess,1,CMP-02976
CMP-02484,scholarship status update aagala at Scholarship Office. Kindly action edunga.,scholarship status update aagala at scholarship office kindly action edunga,Administration and Documents,Administrative Office,Medium,Office,Scholarship Office,0,
CMP-01358,There is a problem because the air conditioner is not working at C-305.,there is a problem because the air conditioner is not working at c 305,Classroom and Laboratory,Academic Infrastructure,Low,Classroom,C-305,0,
CMP-00734,குப்பை இடத்தின் அருகில் துர்நாற்றம் உள்ளது பிரச்சனை Main Canteen இடத்தில் உள்ளது.,க ப ப இடத த ன அர க ல த ர ந ற றம உள ளத ப ரச சன main canteen இடத த ல உள ளத,Cleanliness and Waste,Housekeeping and Sanitation,High,Washroom,Main Canteen,0,
CMP-01131,There is a problem because the tube light is flickering at Computer Laboratory.,there is a problem because the tube light is flickering at computer laboratory,Electrical and Power,Electrical Maintenance,Medium,Laboratory,Computer Laboratory,0,
CMP-01402,staircase railing loose ah iruku at Library Entrance. Kindly action edunga.,staircase railing loose ah iruku at library entrance kindly action edunga,Safety and Security,Security Office,Critical,Hostel,Library Entrance,0,
CMP-01280,Library Washroom area la corridor dirty ah iruku.,library washroom area la corridor dirty ah iruku,Cleanliness and Waste,Housekeeping and Sanitation,Low,Canteen,Library Washroom,0,
CMP-01875,"Engineering Block la water supply varala, immediate ah solve pannunga.",engineering block la water supply varala immediate ah solve pannunga,Water and Plumbing,Plumbing and Civil Maintenance,High,Washroom,Engineering Block,0,
CMP-00924,Urgent attention is needed because the ceiling fan is not working in C-305.,urgent attention is needed because the ceiling fan is not working in c 305,Electrical and Power,Electrical Maintenance,High,Laboratory,C-305,0,
CMP-03420,There is a problem because the bus route was changed without notice at Route 2 Bus Stop.,there is a problem because the bus route was changed without notice at route 2 bus stop,Transport and Parking,Transport Cell,Medium,Campus Road,Route 2 Bus Stop,1,CMP-01812
CMP-03053,Hostel Block A area la fan work aagala.,hostel block a area la fan work aagala,Electrical and Power,Electrical Maintenance,Medium,Laboratory,Hostel Block A,1,CMP-01985
CMP-02613,There is a problem because the laboratory computer cannot access the network at Hostel Block B.,there is a problem because the laboratory computer cannot access the network at hostel block b,Wi-Fi and IT Services,IT Support and Network Cell,Critical,Laboratory,Hostel Block B,0,
CMP-00218,Girls Hostel Block A la mattress damage aagiruku. Please check pannunga.,girls hostel block a la mattress damage aagiruku please check pannunga,Hostel and Accommodation,Hostel Administration,High,Hostel,Girls Hostel Block A,0,
CMP-02360,தண்ணீர் வழங்கல் இல்லை பிரச்சனை Engineering Block இடத்தில் உள்ளது.,தண ண ர வழங கல இல ல ப ரச சன engineering block இடத த ல உள ளத,Water and Plumbing,Plumbing and Civil Maintenance,Medium,Washroom,Engineering Block,0,
CMP-00122,food hygiene illa at Hostel Mess. Kindly action edunga.,food hygiene illa at hostel mess kindly action edunga,Food and Canteen,Canteen Committee,Medium,Canteen,Hostel Mess,0,
CMP-01962,There is a problem because the ID card request is delayed at Accounts Office.,there is a problem because the id card request is delayed at accounts office,Administration and Documents,Administrative Office,High,Office,Accounts Office,0,
CMP-00527,Hostel Block C இல் கழிவறை குழாய் உடைந்துள்ளது. உடனடியாக நடவடிக்கை எடுக்கவும்.,hostel block c இல கழ வற க ழ ய உட ந த ள ளத உடனட ய க நடவட க க எட க கவ ம,Water and Plumbing,Plumbing and Civil Maintenance,Medium,Hostel,Hostel Block C,0,
CMP-02117,Please check the internet connection is very slow at AI Laboratory.,please check the internet connection is very slow at ai laboratory,Wi-Fi and IT Services,IT Support and Network Cell,High,Laboratory,AI Laboratory,0,
CMP-01581,drinking water dispenser work aagala at Hostel Mess. Kindly action edunga.,drinking water dispenser work aagala at hostel mess kindly action edunga,Food and Canteen,Canteen Committee,High,Canteen,Hostel Mess,0,
CMP-02364,Boys Hostel Washroom area la pipe la water leak aagudhu.,boys hostel washroom area la pipe la water leak aagudhu,Water and Plumbing,Plumbing and Civil Maintenance,Critical,Canteen,Boys Hostel Washroom,0,
CMP-02305,Please check the bus is overcrowded at Route 1 Bus Stop.,please check the bus is overcrowded at route 1 bus stop,Transport and Parking,Transport Cell,Medium,Parking,Route 1 Bus Stop,0,
CMP-03791,Urgent attention is needed because the dustbin is overflowing in Library Washroom.,urgent attention is needed because the dustbin is overflowing in library washroom,Cleanliness and Waste,Housekeeping and Sanitation,Low,Canteen,Library Washroom,1,CMP-01280
CMP-03538,"Girls Hostel Block A la room door lock broken ah iruku, immediate ah solve pannunga.",girls hostel block a la room door lock broken ah iruku immediate ah solve pannunga,Hostel and Accommodation,Hostel Administration,Critical,Hostel,Girls Hostel Block A,1,CMP-01972
CMP-03431,Main Canteen இல் கழிவறை குழாய் உடைந்துள்ளது. உடனடியாக நடவடிக்கை எடுக்கவும்.,main canteen இல கழ வற க ழ ய உட ந த ள ளத உடனட ய க நடவட க க எட க கவ ம,Water and Plumbing,Plumbing and Civil Maintenance,Low,Campus Building,Main Canteen,1,CMP-02052
CMP-03465,Urgent attention is needed because there is no water supply in Hostel Block C.,urgent attention is needed because there is no water supply in hostel block c,Water and Plumbing,Plumbing and Civil Maintenance,Medium,Hostel,Hostel Block C,1,CMP-00527
CMP-02838,Hostel Mess பகுதியில் உணவு சுகாதாரமற்றதாக உள்ளது. தயவுசெய்து சரிசெய்யவும்.,hostel mess பக த ய ல உணவ ச க த ரமற றத க உள ளத தயவ ச ய த சர ச ய யவ ம,Food and Canteen,Canteen Committee,High,Canteen,Hostel Mess,0,
CMP-00291,drinking water dispenser work aagala at North Canteen. Kindly action edunga.,drinking water dispenser work aagala at north canteen kindly action edunga,Food and Canteen,Canteen Committee,Medium,Canteen,North Canteen,0,
CMP-02615,Route 2 Bus Stop area la campus bus late ah vandhuchu.,route 2 bus stop area la campus bus late ah vandhuchu,Transport and Parking,Transport Cell,Medium,Parking,Route 2 Bus Stop,0,
CMP-01770,There is a problem because there is no water supply at Main Canteen.,there is a problem because there is no water supply at main canteen,Water and Plumbing,Plumbing and Civil Maintenance,Low,Campus Building,Main Canteen,0,
CMP-03402,I want to report that the food quality is poor in Hostel Mess.,i want to report that the food quality is poor in hostel mess,Food and Canteen,Canteen Committee,High,Canteen,Hostel Mess,1,CMP-01581
CMP-01945,Please check the air conditioner is not working at AI Laboratory.,please check the air conditioner is not working at ai laboratory,Classroom and Laboratory,Academic Infrastructure,Critical,Classroom,AI Laboratory,0,
CMP-00244,Urgent attention is needed because the washroom has not been cleaned in Boys Hostel Washroom.,urgent attention is needed because the washroom has not been cleaned in boys hostel washroom,Cleanliness and Waste,Housekeeping and Sanitation,Medium,Hostel,Boys Hostel Washroom,0,
CMP-01773,Urgent attention is needed because the mattress is damaged in Girls Hostel Block A.,urgent attention is needed because the mattress is damaged in girls hostel block a,Hostel and Accommodation,Hostel Administration,High,Hostel,Girls Hostel Block A,0,
CMP-02762,மின்விசிறி வேலை செய்யவில்லை பிரச்சனை Computer Laboratory இடத்தில் உள்ளது.,ம ன வ ச ற வ ல ச ய யவ ல ல ப ரச சன computer laboratory இடத த ல உள ளத,Electrical and Power,Electrical Maintenance,Medium,Hostel,Computer Laboratory,0,
CMP-01146,There is a problem because the scholarship application status is not updated at Examination Cell.,there is a problem because the scholarship application status is not updated at examination cell,Administration and Documents,Administrative Office,Medium,Office,Examination Cell,0,
CMP-00668,Please check there is a broken glass panel at Library Entrance.,please check there is a broken glass panel at library entrance,Safety and Security,Security Office,Medium,Campus Building,Library Entrance,0,
CMP-01149,classroom ventilation poor ah iruku at C-101. Kindly action edunga.,classroom ventilation poor ah iruku at c 101 kindly action edunga,Classroom and Laboratory,Academic Infrastructure,Medium,Laboratory,C-101,0,
CMP-03398,student portal load aagala at AI Laboratory. Kindly action edunga.,student portal load aagala at ai laboratory kindly action edunga,Wi-Fi and IT Services,IT Support and Network Cell,High,Laboratory,AI Laboratory,1,CMP-02117
CMP-00397,Girls Hostel Washroom la water supply varala. Please check pannunga.,girls hostel washroom la water supply varala please check pannunga,Water and Plumbing,Plumbing and Civil Maintenance,High,Washroom,Girls Hostel Washroom,0,
CMP-02938,Hostel Block B la staircase railing loose ah iruku. Please check pannunga.,hostel block b la staircase railing loose ah iruku please check pannunga,Safety and Security,Security Office,Low,Campus Building,Hostel Block B,0,
CMP-00787,fee payment portal la update aagala at Academic Office. Kindly action edunga.,fee payment portal la update aagala at academic office kindly action edunga,Administration and Documents,Administrative Office,Low,Office,Academic Office,0,
CMP-03789,Urgent attention is needed because water is leaking from the pipe in Boys Hostel Washroom.,urgent attention is needed because water is leaking from the pipe in boys hostel washroom,Water and Plumbing,Plumbing and Civil Maintenance,Critical,Canteen,Boys Hostel Washroom,1,CMP-02364
CMP-01566,Urgent attention is needed because the hostel room is not cleaned in Boys Hostel Block A.,urgent attention is needed because the hostel room is not cleaned in boys hostel block a,Hostel and Accommodation,Hostel Administration,Medium,Hostel,Boys Hostel Block A,0,
CMP-01312,There is a problem because the internet connection is very slow at AI Laboratory.,there is a problem because the internet connection is very slow at ai laboratory,Wi-Fi and IT Services,IT Support and Network Cell,Medium,Laboratory,AI Laboratory,0,
CMP-03242,Accounts Office இல் உதவித்தொகை நிலை புதுப்பிக்கப்படவில்லை. உடனடியாக நடவடிக்கை எடுக்கவும்.,accounts office இல உதவ த த க ந ல ப த ப ப க கப படவ ல ல உடனட ய க நடவட க க எட க கவ ம,Administration and Documents,Administrative Office,High,Office,Accounts Office,1,CMP-01962
CMP-03552,Urgent attention is needed because there is a power outage in Computer Laboratory.,urgent attention is needed because there is a power outage in computer laboratory,Electrical and Power,Electrical Maintenance,Medium,Hostel,Computer Laboratory,1,CMP-02762
CMP-03524,projector display varala at AI Laboratory. Kindly action edunga.,projector display varala at ai laboratory kindly action edunga,Classroom and Laboratory,Academic Infrastructure,Critical,Classroom,AI Laboratory,1,CMP-01945
CMP-01160,Engineering Block பகுதியில் மின்பலகையின் அருகில் தண்ணீர் கசிகிறது. தயவுசெய்து சரிசெய்யவும்.,engineering block பக த ய ல ம ன பலக ய ன அர க ல தண ண ர கச க றத தயவ ச ய த சர ச ய யவ ம,Safety and Security,Security Office,High,Campus Road,Engineering Block,0,
CMP-02836,Urgent attention is needed because the food appears unhygienic in North Canteen.,urgent attention is needed because the food appears unhygienic in north canteen,Food and Canteen,Canteen Committee,Medium,Canteen,North Canteen,0,
CMP-02066,campus bus late ah vandhuchu at College Entrance. Kindly action edunga.,campus bus late ah vandhuchu at college entrance kindly action edunga,Transport and Parking,Transport Cell,Critical,Campus Road,College Entrance,0,
CMP-02056,There is a problem because the laboratory computer cannot access the network at Computer Laboratory.,there is a problem because the laboratory computer cannot access the network at computer laboratory,Wi-Fi and IT Services,IT Support and Network Cell,Medium,Hostel,Computer Laboratory,0,
CMP-02730,ERP login aagala at AI Laboratory. Kindly action edunga.,erp login aagala at ai laboratory kindly action edunga,Wi-Fi and IT Services,IT Support and Network Cell,High,Library,AI Laboratory,0,
CMP-00296,Urgent attention is needed because the electrical switch is damaged in Computer Laboratory.,urgent attention is needed because the electrical switch is damaged in computer laboratory,Electrical and Power,Electrical Maintenance,High,Hostel,Computer Laboratory,0,
CMP-03346,Please check the bus route was changed without notice at College Entrance.,please check the bus route was changed without notice at college entrance,Transport and Parking,Transport Cell,Critical,Campus Road,College Entrance,1,CMP-02066
CMP-02966,There is a problem because the corridor is dirty at Parking Area.,there is a problem because the corridor is dirty at parking area,Cleanliness and Waste,Housekeeping and Sanitation,Medium,Hostel,Parking Area,0,
CMP-02559,AI Laboratory பகுதியில் ப்ரொஜெக்டர் காட்சி அளிக்கவில்லை. தயவுசெய்து சரிசெய்யவும்.,ai laboratory பக த ய ல ப ர ஜ க டர க ட ச அள க கவ ல ல தயவ ச ய த சர ச ய யவ ம,Classroom and Laboratory,Academic Infrastructure,High,Laboratory,AI Laboratory,0,
CMP-03239,AI Laboratory பகுதியில் இணைய இணைப்பு மிகவும் மெதுவாக உள்ளது. தயவுசெய்து சரிசெய்யவும்.,ai laboratory பக த ய ல இண ய இண ப ப ம கவ ம ம த வ க உள ளத தயவ ச ய த சர ச ய யவ ம,Wi-Fi and IT Services,IT Support and Network Cell,Medium,Laboratory,AI Laboratory,1,CMP-01312
CMP-03007,AI Laboratory இல் வைஃபை வேலை செய்யவில்லை. உடனடியாக நடவடிக்கை எடுக்கவும்.,ai laboratory இல வ ஃப வ ல ச ய யவ ல ல உடனட ய க நடவட க க எட க கவ ம,Wi-Fi and IT Services,IT Support and Network Cell,High,Library,AI Laboratory,1,CMP-02730
CMP-03015,Hostel Mess area la food quality poor ah iruku.,hostel mess area la food quality poor ah iruku,Food and Canteen,Canteen Committee,High,Canteen,Hostel Mess,1,CMP-02838
CMP-02922,பொனஃபைடு சான்றிதழ் கோரிக்கை நிலுவையில் உள்ளது பிரச்சனை Academic Office இடத்தில் உள்ளது.,ப னஃப ட ச ன ற தழ க ர க க ந ல வ ய ல உள ளத ப ரச சன academic office இடத த ல உள ளத,Administration and Documents,Administrative Office,Medium,Office,Academic Office,0,
CMP-02793,Central Library Reading Hall la lab computer network connect aagala. Please check pannunga.,central library reading hall la lab computer network connect aagala please check pannunga,Wi-Fi and IT Services,IT Support and Network Cell,Medium,Classroom,Central Library Reading Hall,0,
CMP-00594,"Main Canteen la drinking water dispenser work aagala, immediate ah solve pannunga.",main canteen la drinking water dispenser work aagala immediate ah solve pannunga,Food and Canteen,Canteen Committee,Medium,Canteen,Main Canteen,0,
CMP-00624,I want to report that water is leaking near an electrical panel in Campus Road.,i want to report that water is leaking near an electrical panel in campus road,Safety and Security,Security Office,High,Campus Building,Campus Road,0,
CMP-01518,Scholarship Office area la marksheet correction pending la iruku.,scholarship office area la marksheet correction pending la iruku,Administration and Documents,Administrative Office,Medium,Office,Scholarship Office,0,
CMP-00964,There is a problem because the room has a damaged window at Boys Hostel Block B.,there is a problem because the room has a damaged window at boys hostel block b,Hostel and Accommodation,Hostel Administration,Medium,Hostel,Boys Hostel Block B,0,
CMP-02401,Please check the bonafide certificate request is pending at Academic Office.,please check the bonafide certificate request is pending at academic office,Administration and Documents,Administrative Office,Low,Office,Academic Office,0,
CMP-00023,Hostel Block A இல் குழாயில் தண்ணீர் கசிகிறது. உடனடியாக நடவடிக்கை எடுக்கவும்.,hostel block a இல க ழ ய ல தண ண ர கச க றத உடனட ய க நடவட க க எட க கவ ம,Water and Plumbing,Plumbing and Civil Maintenance,Critical,Canteen,Hostel Block A,0,
CMP-03508,Computer Laboratory area la student portal load aagala.,computer laboratory area la student portal load aagala,Wi-Fi and IT Services,IT Support and Network Cell,Medium,Hostel,Computer Laboratory,1,CMP-02056
CMP-00758,There is a problem because the drinking water dispenser is not working at North Canteen.,there is a problem because the drinking water dispenser is not working at north canteen,Food and Canteen,Canteen Committee,Medium,Canteen,North Canteen,0,
CMP-01751,Please check the electrical switch is damaged at Hostel Block B.,please check the electrical switch is damaged at hostel block b,Electrical and Power,Electrical Maintenance,Critical,Hostel,Hostel Block B,0,
CMP-01820,Please check the food appears unhygienic at Main Canteen.,please check the food appears unhygienic at main canteen,Food and Canteen,Canteen Committee,Critical,Canteen,Main Canteen,0,
CMP-02430,College Entrance இல் அறிவிப்பின்றி பேருந்து பாதை மாற்றப்பட்டது. உடனடியாக நடவடிக்கை எடுக்கவும்.,college entrance இல அற வ ப ப ன ற ப ர ந த ப த ம ற றப பட டத உடனட ய க நடவட க க எட க கவ ம,Transport and Parking,Transport Cell,High,Parking,College Entrance,0,
CMP-02563,ஜன்னல் சேதமடைந்துள்ளது பிரச்சனை Hostel Room 312 இடத்தில் உள்ளது.,ஜன னல ச தமட ந த ள ளத ப ரச சன hostel room 312 இடத த ல உள ளத,Hostel and Accommodation,Hostel Administration,High,Hostel,Hostel Room 312,0,
CMP-00070,Please check the bonafide certificate request is pending at Scholarship Office.,please check the bonafide certificate request is pending at scholarship office,Administration and Documents,Administrative Office,Critical,Office,Scholarship Office,0,
CMP-02978,பொனஃபைடு சான்றிதழ் கோரிக்கை நிலுவையில் உள்ளது பிரச்சனை Accounts Office இடத்தில் உள்ளது.,ப னஃப ட ச ன ற தழ க ர க க ந ல வ ய ல உள ளத ப ரச சன accounts office இடத த ல உள ளத,Administration and Documents,Administrative Office,Medium,Office,Accounts Office,0,
CMP-02625,There is a problem because the corridor is dirty at Academic Block Corridor.,there is a problem because the corridor is dirty at academic block corridor,Cleanliness and Waste,Housekeeping and Sanitation,Medium,Canteen,Academic Block Corridor,0,
CMP-01121,Campus Road இல் படிக்கட்டு கைப்பிடி தளர்வாக உள்ளது. உடனடியாக நடவடிக்கை எடுக்கவும்.,campus road இல பட க கட ட க ப ப ட தளர வ க உள ளத உடனட ய க நடவட க க எட க கவ ம,Safety and Security,Security Office,Critical,Parking,Campus Road,0,
CMP-02387,C-305 இல் ப்ரொஜெக்டர் காட்சி அளிக்கவில்லை. உடனடியாக நடவடிக்கை எடுக்கவும்.,c 305 இல ப ர ஜ க டர க ட ச அள க கவ ல ல உடனட ய க நடவட க க எட க கவ ம,Classroom and Laboratory,Academic Infrastructure,Medium,Laboratory,C-305,0,
CMP-02979,There is a problem because the food quality is poor at North Canteen.,there is a problem because the food quality is poor at north canteen,Food and Canteen,Canteen Committee,Medium,Canteen,North Canteen,0,
CMP-02313,dustbin overflow aagudhu at Main Canteen. Kindly action edunga.,dustbin overflow aagudhu at main canteen kindly action edunga,Cleanliness and Waste,Housekeeping and Sanitation,Medium,Campus Road,Main Canteen,0,
CMP-03130,உணவின் விலை தவறாக உள்ளது பிரச்சனை Main Canteen இடத்தில் உள்ளது.,உணவ ன வ ல தவற க உள ளத ப ரச சன main canteen இடத த ல உள ளத,Food and Canteen,Canteen Committee,Critical,Canteen,Main Canteen,1,CMP-01820
CMP-03304,North Canteen area la canteen service romba slow ah iruku.,north canteen area la canteen service romba slow ah iruku,Food and Canteen,Canteen Committee,Medium,Canteen,North Canteen,1,CMP-00758
CMP-02691,Parking Area area la waste area pakkathula bad smell iruku.,parking area area la waste area pakkathula bad smell iruku,Cleanliness and Waste,Housekeeping and Sanitation,Low,Canteen,Parking Area,0,
CMP-02772,Scholarship Office இல் கட்டண செலுத்துதல் தளத்தில் புதுப்பிக்கப்படவில்லை. உடனடியாக நடவடிக்கை எடுக்கவும்.,scholarship office இல கட டண ச ல த த தல தளத த ல ப த ப ப க கப படவ ல ல உடனட ய க நடவட க க எட க கவ ம,Administration and Documents,Administrative Office,Low,Office,Scholarship Office,0,
CMP-02842,I want to report that there is a power outage in Hostel Block B.,i want to report that there is a power outage in hostel block b,Electrical and Power,Electrical Maintenance,Low,Campus Building,Hostel Block B,0,
CMP-00729,Please check there is a power outage at Engineering Block.,please check there is a power outage at engineering block,Electrical and Power,Electrical Maintenance,Low,Hostel,Engineering Block,0,
CMP-01495,C-305 la projector display varala. Please check pannunga.,c 305 la projector display varala please check pannunga,Classroom and Laboratory,Academic Infrastructure,Critical,Laboratory,C-305,0,
CMP-01094,Parking Area இல் கண்ணாடி பலகம் உடைந்துள்ளது. உடனடியாக நடவடிக்கை எடுக்கவும்.,parking area இல கண ண ட பலகம உட ந த ள ளத உடனட ய க நடவட க க எட க கவ ம,Safety and Security,Security Office,High,Campus Building,Parking Area,0,
CMP-03569,fan work aagala at Hostel Block B. Kindly action edunga.,fan work aagala at hostel block b kindly action edunga,Electrical and Power,Electrical Maintenance,Low,Campus Building,Hostel Block B,1,CMP-02842
CMP-02429,dustbin overflow aagudhu at Boys Hostel Washroom. Kindly action edunga.,dustbin overflow aagudhu at boys hostel washroom kindly action edunga,Cleanliness and Waste,Housekeeping and Sanitation,Medium,Hostel,Boys Hostel Washroom,0,
CMP-01903,குப்பை குவிந்துள்ளது பிரச்சனை Library Washroom இடத்தில் உள்ளது.,க ப ப க வ ந த ள ளத ப ரச சன library washroom இடத த ல உள ளத,Cleanliness and Waste,Housekeeping and Sanitation,High,Hostel,Library Washroom,0,
CMP-01329,குழாயில் தண்ணீர் கசிகிறது பிரச்சனை Girls Hostel Washroom இடத்தில் உள்ளது.,க ழ ய ல தண ண ர கச க றத ப ரச சன girls hostel washroom இடத த ல உள ளத,Water and Plumbing,Plumbing and Civil Maintenance,High,Canteen,Girls Hostel Washroom,0,
CMP-01076,Electronics Laboratory பகுதியில் ஆய்வக உபகரணம் வேலை செய்யவில்லை. தயவுசெய்து சரிசெய்யவும்.,electronics laboratory பக த ய ல ஆய வக உபகரணம வ ல ச ய யவ ல ல தயவ ச ய த சர ச ய யவ ம,Classroom and Laboratory,Academic Infrastructure,Medium,Laboratory,Electronics Laboratory,0,
CMP-02069,வளாக தெருவிளக்கு வேலை செய்யவில்லை பிரச்சனை Engineering Block இடத்தில் உள்ளது.,வள க த ர வ ளக க வ ல ச ய யவ ல ல ப ரச சன engineering block இடத த ல உள ளத,Safety and Security,Security Office,Medium,Hostel,Engineering Block,0,
CMP-03759,lab equipment work aagala at Electronics Laboratory. Kindly action edunga.,lab equipment work aagala at electronics laboratory kindly action edunga,Classroom and Laboratory,Academic Infrastructure,Medium,Laboratory,Electronics Laboratory,1,CMP-01076
CMP-00670,lab computer network connect aagala at Central Library. Kindly action edunga.,lab computer network connect aagala at central library kindly action edunga,Wi-Fi and IT Services,IT Support and Network Cell,Low,Classroom,Central Library,0,
CMP-03207,Please check the air conditioner is not working at C-305.,please check the air conditioner is not working at c 305,Classroom and Laboratory,Academic Infrastructure,Critical,Laboratory,C-305,1,CMP-01495
CMP-02337,Boys Hostel Block A பகுதியில் அறை கதவு பூட்டு உடைந்துள்ளது. தயவுசெய்து சரிசெய்யவும்.,boys hostel block a பக த ய ல அற கதவ ப ட ட உட ந த ள ளத தயவ ச ய த சர ச ய யவ ம,Hostel and Accommodation,Hostel Administration,High,Hostel,Boys Hostel Block A,0,
CMP-02990,fee payment portal la update aagala at Accounts Office. Kindly action edunga.,fee payment portal la update aagala at accounts office kindly action edunga,Administration and Documents,Administrative Office,Low,Office,Accounts Office,0,
CMP-01559,C-305 பகுதியில் ப்ரொஜெக்டர் காட்சி அளிக்கவில்லை. தயவுசெய்து சரிசெய்யவும்.,c 305 பக த ய ல ப ர ஜ க டர க ட ச அள க கவ ல ல தயவ ச ய த சர ச ய யவ ம,Classroom and Laboratory,Academic Infrastructure,High,Laboratory,C-305,0,
CMP-01059,Please check there is no water supply at Main Canteen.,please check there is no water supply at main canteen,Water and Plumbing,Plumbing and Civil Maintenance,Medium,Washroom,Main Canteen,0,
CMP-01874,Academic Office la marksheet correction pending la iruku. Please check pannunga.,academic office la marksheet correction pending la iruku please check pannunga,Administration and Documents,Administrative Office,Low,Office,Academic Office,0,
CMP-02496,பொனஃபைடு சான்றிதழ் கோரிக்கை நிலுவையில் உள்ளது பிரச்சனை Academic Office இடத்தில் உள்ளது.,ப னஃப ட ச ன ற தழ க ர க க ந ல வ ய ல உள ளத ப ரச சன academic office இடத த ல உள ளத,Administration and Documents,Administrative Office,Low,Office,Academic Office,0,
CMP-03238,I want to report that the corridor is dirty in Main Canteen.,i want to report that the corridor is dirty in main canteen,Cleanliness and Waste,Housekeeping and Sanitation,Medium,Campus Road,Main Canteen,1,CMP-02313
CMP-00481,அடையாள அட்டை கோரிக்கை தாமதமாகிறது பிரச்சனை Examination Cell இடத்தில் உள்ளது.,அட ய ள அட ட க ர க க த மதம க றத ப ரச சன examination cell இடத த ல உள ளத,Administration and Documents,Administrative Office,High,Office,Examination Cell,0,
CMP-01720,Route 2 Bus Stop பகுதியில் நிறுத்துமிடம் கிடைக்கவில்லை. தயவுசெய்து சரிசெய்யவும்.,route 2 bus stop பக த ய ல ந ற த த ம டம க ட க கவ ல ல தயவ ச ய த சர ச ய யவ ம,Transport and Parking,Transport Cell,Medium,Campus Road,Route 2 Bus Stop,0,
CMP-01155,Examination Cell இல் பொனஃபைடு சான்றிதழ் கோரிக்கை நிலுவையில் உள்ளது. உடனடியாக நடவடிக்கை எடுக்கவும்.,examination cell இல ப னஃப ட ச ன ற தழ க ர க க ந ல வ ய ல உள ளத உடனட ய க நடவட க க எட க கவ ம,Administration and Documents,Administrative Office,Critical,Office,Examination Cell,0,
CMP-00075,உணவு சுகாதாரமற்றதாக உள்ளது பிரச்சனை North Canteen இடத்தில் உள்ளது.,உணவ ச க த ரமற றத க உள ளத ப ரச சன north canteen இடத த ல உள ளத,Food and Canteen,Canteen Committee,Medium,Canteen,North Canteen,0,
CMP-03329,Boys Hostel Block A area la mattress damage aagiruku.,boys hostel block a area la mattress damage aagiruku,Hostel and Accommodation,Hostel Administration,High,Hostel,Boys Hostel Block A,1,CMP-02337
CMP-02481,Computer Laboratory இல் குழல் விளக்கு மின்னுகிறது. உடனடியாக நடவடிக்கை எடுக்கவும்.,computer laboratory இல க ழல வ ளக க ம ன ன க றத உடனட ய க நடவட க க எட க கவ ம,Electrical and Power,Electrical Maintenance,Low,Campus Building,Computer Laboratory,0,
CMP-01640,Hostel Block B la electrical panel pakkathula water leak aagudhu. Please check pannunga.,hostel block b la electrical panel pakkathula water leak aagudhu please check pannunga,Safety and Security,Security Office,Critical,Parking,Hostel Block B,0,
CMP-01040,There is a problem because the classroom has poor ventilation at Electronics Laboratory.,there is a problem because the classroom has poor ventilation at electronics laboratory,Classroom and Laboratory,Academic Infrastructure,Low,Classroom,Electronics Laboratory,0,
CMP-01316,அடையாள அட்டை கோரிக்கை தாமதமாகிறது பிரச்சனை Student Service Centre இடத்தில் உள்ளது.,அட ய ள அட ட க ர க க த மதம க றத ப ரச சன student service centre இடத த ல உள ளத,Administration and Documents,Administrative Office,Low,Office,Student Service Centre,0,
CMP-02991,Hostel Block B area la glass panel broken ah iruku.,hostel block b area la glass panel broken ah iruku,Safety and Security,Security Office,Critical,Hostel,Hostel Block B,0,
CMP-01543,ப்ரொஜெக்டர் காட்சி அளிக்கவில்லை பிரச்சனை C-204 இடத்தில் உள்ளது.,ப ர ஜ க டர க ட ச அள க கவ ல ல ப ரச சன c 204 இடத த ல உள ளத,Classroom and Laboratory,Academic Infrastructure,Medium,Laboratory,C-204,0,
CMP-01061,There is a problem because the fee payment is not updated in the portal at Academic Office.,there is a problem because the fee payment is not updated in the portal at academic office,Administration and Documents,Administrative Office,Low,Office,Academic Office,0,
CMP-00042,There is a problem because the tube light is flickering at C-305.,there is a problem because the tube light is flickering at c 305,Electrical and Power,Electrical Maintenance,Medium,Classroom,C-305,0,
CMP-03671,corridor light eriyala at C-305. Kindly action edunga.,corridor light eriyala at c 305 kindly action edunga,Electrical and Power,Electrical Maintenance,Medium,Classroom,C-305,1,CMP-00042
CMP-00934,Boys Hostel Block B la room door lock broken ah iruku. Please check pannunga.,boys hostel block b la room door lock broken ah iruku please check pannunga,Hostel and Accommodation,Hostel Administration,Medium,Hostel,Boys Hostel Block B,0,
CMP-02858,Central Library இல் இணைய இணைப்பு மிகவும் மெதுவாக உள்ளது. உடனடியாக நடவடிக்கை எடுக்கவும்.,central library இல இண ய இண ப ப ம கவ ம ம த வ க உள ளத உடனட ய க நடவட க க எட க கவ ம,Wi-Fi and IT Services,IT Support and Network Cell,Low,Hostel,Central Library,0,
CMP-02869,North Canteen area la drinking water dispenser work aagala.,north canteen area la drinking water dispenser work aagala,Food and Canteen,Canteen Committee,High,Canteen,North Canteen,0,
CMP-02221,I want to report that the toilet is blocked in Hostel Block B.,i want to report that the toilet is blocked in hostel block b,Water and Plumbing,Plumbing and Civil Maintenance,Medium,Hostel,Hostel Block B,0,
CMP-02062,"Girls Hostel Washroom la washroom tap broken ah iruku, immediate ah solve pannunga.",girls hostel washroom la washroom tap broken ah iruku immediate ah solve pannunga,Water and Plumbing,Plumbing and Civil Maintenance,Critical,Hostel,Girls Hostel Washroom,0,
CMP-01783,Computer Laboratory இல் மின்விசிறி வேலை செய்யவில்லை. உடனடியாக நடவடிக்கை எடுக்கவும்.,computer laboratory இல ம ன வ ச ற வ ல ச ய யவ ல ல உடனட ய க நடவட க க எட க கவ ம,Electrical and Power,Electrical Maintenance,Medium,Laboratory,Computer Laboratory,0,
CMP-02877,There is a problem because the corridor is dirty at Girls Hostel Washroom.,there is a problem because the corridor is dirty at girls hostel washroom,Cleanliness and Waste,Housekeeping and Sanitation,Medium,Canteen,Girls Hostel Washroom,0,
CMP-02225,There is a problem because the campus bus arrived late at Main Parking Area.,there is a problem because the campus bus arrived late at main parking area,Transport and Parking,Transport Cell,High,Parking,Main Parking Area,0,
CMP-00096,Please check the food appears unhygienic at Main Canteen.,please check the food appears unhygienic at main canteen,Food and Canteen,Canteen Committee,High,Canteen,Main Canteen,0,
CMP-00648,Computer Laboratory இல் மின்விசிறி வேலை செய்யவில்லை. உடனடியாக நடவடிக்கை எடுக்கவும்.,computer laboratory இல ம ன வ ச ற வ ல ச ய யவ ல ல உடனட ய க நடவட க க எட க கவ ம,Electrical and Power,Electrical Maintenance,Low,Campus Building,Computer Laboratory,0,
CMP-03804,I want to report that the laboratory computer cannot access the network in Central Library.,i want to report that the laboratory computer cannot access the network in central library,Wi-Fi and IT Services,IT Support and Network Cell,Low,Hostel,Central Library,1,CMP-02858
CMP-01511,I want to report that the corridor is dirty in Academic Block Corridor.,i want to report that the corridor is dirty in academic block corridor,Cleanliness and Waste,Housekeeping and Sanitation,Medium,Campus Road,Academic Block Corridor,0,
CMP-00393,I want to report that the classroom bench is broken in C-204.,i want to report that the classroom bench is broken in c 204,Classroom and Laboratory,Academic Infrastructure,Medium,Classroom,C-204,0,
CMP-00510,Please check the tube light is flickering at Engineering Block.,please check the tube light is flickering at engineering block,Electrical and Power,Electrical Maintenance,Medium,Laboratory,Engineering Block,0,
CMP-01318,I want to report that the Wi-Fi is not working in Hostel Block A.,i want to report that the wi fi is not working in hostel block a,Wi-Fi and IT Services,IT Support and Network Cell,Medium,Laboratory,Hostel Block A,0,
CMP-02603,I want to report that the washroom tap is broken in Hostel Block A.,i want to report that the washroom tap is broken in hostel block a,Water and Plumbing,Plumbing and Civil Maintenance,Medium,Washroom,Hostel Block A,0,
CMP-01415,Please check water is leaking near an electrical panel at Campus Road.,please check water is leaking near an electrical panel at campus road,Safety and Security,Security Office,High,Campus Road,Campus Road,0,
CMP-01022,lab computer network connect aagala at AI Laboratory. Kindly action edunga.,lab computer network connect aagala at ai laboratory kindly action edunga,Wi-Fi and IT Services,IT Support and Network Cell,Medium,Laboratory,AI Laboratory,0,
CMP-01622,Urgent attention is needed because the room door lock is broken in Girls Hostel Block B.,urgent attention is needed because the room door lock is broken in girls hostel block b,Hostel and Accommodation,Hostel Administration,High,Hostel,Girls Hostel Block B,0,
CMP-03371,Girls Hostel Washroom இல் குழாயில் தண்ணீர் கசிகிறது. உடனடியாக நடவடிக்கை எடுக்கவும்.,girls hostel washroom இல க ழ ய ல தண ண ர கச க றத உடனட ய க நடவட க க எட க கவ ம,Water and Plumbing,Plumbing and Civil Maintenance,Critical,Hostel,Girls Hostel Washroom,1,CMP-02062
CMP-02757,I want to report that the ERP login is failing in Hostel Block B.,i want to report that the erp login is failing in hostel block b,Wi-Fi and IT Services,IT Support and Network Cell,Low,Library,Hostel Block B,0,
CMP-01605,Library Entrance area la glass panel broken ah iruku.,library entrance area la glass panel broken ah iruku,Safety and Security,Security Office,Critical,Campus Road,Library Entrance,0,
CMP-01024,I want to report that the internet connection is very slow in Hostel Block B.,i want to report that the internet connection is very slow in hostel block b,Wi-Fi and IT Services,IT Support and Network Cell,High,Laboratory,Hostel Block B,0,
CMP-00662,There is a problem because there is no water supply at Hostel Block C.,there is a problem because there is no water supply at hostel block c,Water and Plumbing,Plumbing and Civil Maintenance,Critical,Washroom,Hostel Block C,0,
CMP-02788,அறை கதவு பூட்டு உடைந்துள்ளது பிரச்சனை Boys Hostel Block B இடத்தில் உள்ளது.,அற கதவ ப ட ட உட ந த ள ளத ப ரச சன boys hostel block b இடத த ல உள ளத,Hostel and Accommodation,Hostel Administration,High,Hostel,Boys Hostel Block B,0,
CMP-00450,I want to report that the washroom tap is broken in Engineering Block.,i want to report that the washroom tap is broken in engineering block,Water and Plumbing,Plumbing and Civil Maintenance,Medium,Hostel,Engineering Block,0,
CMP-02913,There is a problem because there is a power outage at C-305.,there is a problem because there is a power outage at c 305,Electrical and Power,Electrical Maintenance,High,Campus Building,C-305,0,
CMP-01937,Campus Road பகுதியில் கண்ணாடி பலகம் உடைந்துள்ளது. தயவுசெய்து சரிசெய்யவும்.,campus road பக த ய ல கண ண ட பலகம உட ந த ள ளத தயவ ச ய த சர ச ய யவ ம,Safety and Security,Security Office,Low,Hostel,Campus Road,0,
CMP-02895,AI Laboratory பகுதியில் வைஃபை வேலை செய்யவில்லை. தயவுசெய்து சரிசெய்யவும்.,ai laboratory பக த ய ல வ ஃப வ ல ச ய யவ ல ல தயவ ச ய த சர ச ய யவ ம,Wi-Fi and IT Services,IT Support and Network Cell,Medium,Hostel,AI Laboratory,0,
CMP-00108,Main Canteen area la water tank overflow aagudhu.,main canteen area la water tank overflow aagudhu,Water and Plumbing,Plumbing and Civil Maintenance,Medium,Hostel,Main Canteen,0,
CMP-00009,Student Service Centre இல் பொனஃபைடு சான்றிதழ் கோரிக்கை நிலுவையில் உள்ளது. உடனடியாக நடவடிக்கை எடுக்கவும்.,student service centre இல ப னஃப ட ச ன ற தழ க ர க க ந ல வ ய ல உள ளத உடனட ய க நடவட க க எட க கவ ம,Administration and Documents,Administrative Office,Medium,Office,Student Service Centre,0,
CMP-03661,North Canteen la canteen service romba slow ah iruku. Please check pannunga.,north canteen la canteen service romba slow ah iruku please check pannunga,Food and Canteen,Canteen Committee,Medium,Canteen,North Canteen,1,CMP-00075
CMP-03672,There is a problem because the laboratory equipment is not functioning at C-204.,there is a problem because the laboratory equipment is not functioning at c 204,Classroom and Laboratory,Academic Infrastructure,Medium,Laboratory,C-204,1,CMP-01543
CMP-01083,There is a problem because the corridor is dirty at Library Washroom.,there is a problem because the corridor is dirty at library washroom,Cleanliness and Waste,Housekeeping and Sanitation,High,Campus Road,Library Washroom,0,
CMP-03111,fan work aagala at Computer Laboratory. Kindly action edunga.,fan work aagala at computer laboratory kindly action edunga,Electrical and Power,Electrical Maintenance,Medium,Laboratory,Computer Laboratory,1,CMP-01783
CMP-02279,Main Canteen பகுதியில் உணவு சுகாதாரமற்றதாக உள்ளது. தயவுசெய்து சரிசெய்யவும்.,main canteen பக த ய ல உணவ ச க த ரமற றத க உள ளத தயவ ச ய த சர ச ய யவ ம,Food and Canteen,Canteen Committee,Medium,Canteen,Main Canteen,0,
CMP-00917,There is a problem because the fee payment is not updated in the portal at Student Service Centre.,there is a problem because the fee payment is not updated in the portal at student service centre,Administration and Documents,Administrative Office,Low,Office,Student Service Centre,0,
CMP-03103,Urgent attention is needed because the mattress is damaged in Boys Hostel Block B.,urgent attention is needed because the mattress is damaged in boys hostel block b,Hostel and Accommodation,Hostel Administration,High,Hostel,Boys Hostel Block B,1,CMP-02788
CMP-02294,Urgent attention is needed because there is no parking space available in Main Parking Area.,urgent attention is needed because there is no parking space available in main parking area,Transport and Parking,Transport Cell,Low,Campus Road,Main Parking Area,0,
CMP-03699,C-204 area la projector display varala.,c 204 area la projector display varala,Classroom and Laboratory,Academic Infrastructure,Medium,Classroom,C-204,1,CMP-00393
CMP-00861,There is a problem because there is no parking space available at Route 1 Bus Stop.,there is a problem because there is no parking space available at route 1 bus stop,Transport and Parking,Transport Cell,Medium,Parking,Route 1 Bus Stop,0,
CMP-00146,Please check the classroom has poor ventilation at AI Laboratory.,please check the classroom has poor ventilation at ai laboratory,Classroom and Laboratory,Academic Infrastructure,High,Laboratory,AI Laboratory,0,
CMP-00445,"Main Canteen la washroom tap broken ah iruku, immediate ah solve pannunga.",main canteen la washroom tap broken ah iruku immediate ah solve pannunga,Water and Plumbing,Plumbing and Civil Maintenance,Critical,Campus Building,Main Canteen,0,
CMP-01920,There is a problem because garbage has accumulated at Parking Area.,there is a problem because garbage has accumulated at parking area,Cleanliness and Waste,Housekeeping and Sanitation,High,Washroom,Parking Area,0,
CMP-03040,Main Parking Area area la parking space illa.,main parking area area la parking space illa,Transport and Parking,Transport Cell,High,Parking,Main Parking Area,1,CMP-02225
CMP-03022,"Main Canteen la food quality poor ah iruku, immediate ah solve pannunga.",main canteen la food quality poor ah iruku immediate ah solve pannunga,Food and Canteen,Canteen Committee,Medium,Canteen,Main Canteen,1,CMP-02279
CMP-03330,Girls Hostel Block B பகுதியில் மெத்தை சேதமடைந்துள்ளது. தயவுசெய்து சரிசெய்யவும்.,girls hostel block b பக த ய ல ம த த ச தமட ந த ள ளத தயவ ச ய த சர ச ய யவ ம,Hostel and Accommodation,Hostel Administration,High,Hostel,Girls Hostel Block B,1,CMP-01622
CMP-00006,There is a problem because the bus is overcrowded at Route 3 Bus Stop.,there is a problem because the bus is overcrowded at route 3 bus stop,Transport and Parking,Transport Cell,High,Campus Road,Route 3 Bus Stop,0,
CMP-00270,Main Canteen area la washroom clean pannala.,main canteen area la washroom clean pannala,Cleanliness and Waste,Housekeeping and Sanitation,Medium,Campus Road,Main Canteen,0,
CMP-02149,I want to report that the room has a damaged window in Boys Hostel Block B.,i want to report that the room has a damaged window in boys hostel block b,Hostel and Accommodation,Hostel Administration,High,Hostel,Boys Hostel Block B,0,
CMP-02015,Hostel Mess la food hygiene illa. Please check pannunga.,hostel mess la food hygiene illa please check pannunga,Food and Canteen,Canteen Committee,Medium,Canteen,Hostel Mess,0,
CMP-00897,I want to report that the internet connection is very slow in Hostel Block B.,i want to report that the internet connection is very slow in hostel block b,Wi-Fi and IT Services,IT Support and Network Cell,Medium,Library,Hostel Block B,0,
CMP-02009,bus romba crowded ah iruku at Route 3 Bus Stop. Kindly action edunga.,bus romba crowded ah iruku at route 3 bus stop kindly action edunga,Transport and Parking,Transport Cell,Medium,Parking,Route 3 Bus Stop,0,
CMP-02661,Urgent attention is needed because the ID card request is delayed in Accounts Office.,urgent attention is needed because the id card request is delayed in accounts office,Administration and Documents,Administrative Office,Low,Office,Accounts Office,0,
CMP-01281,Computer Laboratory la tube light flicker aagudhu. Please check pannunga.,computer laboratory la tube light flicker aagudhu please check pannunga,Electrical and Power,Electrical Maintenance,High,Laboratory,Computer Laboratory,0,
CMP-00337,வளாக பேருந்து தாமதமாக வந்தது பிரச்சனை Route 2 Bus Stop இடத்தில் உள்ளது.,வள க ப ர ந த த மதம க வந தத ப ரச சன route 2 bus stop இடத த ல உள ளத,Transport and Parking,Transport Cell,High,Parking,Route 2 Bus Stop,0,
CMP-03277,There is a problem because the ERP login is failing at AI Laboratory.,there is a problem because the erp login is failing at ai laboratory,Wi-Fi and IT Services,IT Support and Network Cell,Medium,Hostel,AI Laboratory,1,CMP-02895
CMP-02695,I want to report that the food price is incorrect in Main Canteen.,i want to report that the food price is incorrect in main canteen,Food and Canteen,Canteen Committee,High,Canteen,Main Canteen,0,
CMP-02807,I want to report that there is a bad smell near the waste area in Academic Block Corridor.,i want to report that there is a bad smell near the waste area in academic block corridor,Cleanliness and Waste,Housekeeping and Sanitation,High,Campus Road,Academic Block Corridor,0,
CMP-03459,food price wrong ah iruku at Main Canteen. Kindly action edunga.,food price wrong ah iruku at main canteen kindly action edunga,Food and Canteen,Canteen Committee,High,Canteen,Main Canteen,1,CMP-02695
CMP-02921,food price wrong ah iruku at North Canteen. Kindly action edunga.,food price wrong ah iruku at north canteen kindly action edunga,Food and Canteen,Canteen Committee,Medium,Canteen,North Canteen,0,
CMP-02768,There is a problem because there is a power outage at Computer Laboratory.,there is a problem because there is a power outage at computer laboratory,Electrical and Power,Electrical Maintenance,Medium,Hostel,Computer Laboratory,0,
CMP-00340,Urgent attention is needed because the classroom bench is broken in Computer Laboratory.,urgent attention is needed because the classroom bench is broken in computer laboratory,Classroom and Laboratory,Academic Infrastructure,Medium,Classroom,Computer Laboratory,0,
CMP-01036,Please check there is no water supply at Girls Hostel Washroom.,please check there is no water supply at girls hostel washroom,Water and Plumbing,Plumbing and Civil Maintenance,High,Washroom,Girls Hostel Washroom,0,
CMP-00231,Hostel Block A area la pipe la water leak aagudhu.,hostel block a area la pipe la water leak aagudhu,Water and Plumbing,Plumbing and Civil Maintenance,Low,Hostel,Hostel Block A,0,
CMP-01565,Please check the classroom bench is broken at C-305.,please check the classroom bench is broken at c 305,Classroom and Laboratory,Academic Infrastructure,Medium,Classroom,C-305,0,
CMP-00261,I want to report that the toilet is blocked in Hostel Block B.,i want to report that the toilet is blocked in hostel block b,Water and Plumbing,Plumbing and Civil Maintenance,High,Hostel,Hostel Block B,0,
CMP-02870,Engineering Block பகுதியில் மின்பலகையின் அருகில் தண்ணீர் கசிகிறது. தயவுசெய்து சரிசெய்யவும்.,engineering block பக த ய ல ம ன பலக ய ன அர க ல தண ண ர கச க றத தயவ ச ய த சர ச ய யவ ம,Safety and Security,Security Office,Critical,Campus Road,Engineering Block,0,
CMP-01202,Please check the cupboard lock is not working at Boys Hostel Block B.,please check the cupboard lock is not working at boys hostel block b,Hostel and Accommodation,Hostel Administration,Low,Hostel,Boys Hostel Block B,0,
CMP-01676,குழாயில் தண்ணீர் கசிகிறது பிரச்சனை Hostel Block C இடத்தில் உள்ளது.,க ழ ய ல தண ண ர கச க றத ப ரச சன hostel block c இடத த ல உள ளத,Water and Plumbing,Plumbing and Civil Maintenance,Medium,Washroom,Hostel Block C,0,
CMP-00708,Student Service Centre இல் கட்டண செலுத்துதல் தளத்தில் புதுப்பிக்கப்படவில்லை. உடனடியாக நடவடிக்கை எடுக்கவும்.,student service centre இல கட டண ச ல த த தல தளத த ல ப த ப ப க கப படவ ல ல உடனட ய க நடவட க க எட க கவ ம,Administration and Documents,Administrative Office,Low,Office,Student Service Centre,0,
CMP-03898,Main Parking Area la bus romba crowded ah iruku. Please check pannunga.,main parking area la bus romba crowded ah iruku please check pannunga,Transport and Parking,Transport Cell,Low,Campus Road,Main Parking Area,1,CMP-02294
CMP-01611,College Entrance area la bus romba crowded ah iruku.,college entrance area la bus romba crowded ah iruku,Transport and Parking,Transport Cell,Medium,Parking,College Entrance,0,
CMP-01569,Urgent attention is needed because the room has a damaged window in Boys Hostel Block A.,urgent attention is needed because the room has a damaged window in boys hostel block a,Hostel and Accommodation,Hostel Administration,Medium,Hostel,Boys Hostel Block A,0,
CMP-00982,There is a problem because the laboratory equipment is not functioning at C-204.,there is a problem because the laboratory equipment is not functioning at c 204,Classroom and Laboratory,Academic Infrastructure,Medium,Laboratory,C-204,0,
CMP-02366,There is a problem because the projector is not displaying at C-204.,there is a problem because the projector is not displaying at c 204,Classroom and Laboratory,Academic Infrastructure,High,Classroom,C-204,0,
CMP-02805,There is a problem because the hostel room is not cleaned at Hostel Room 214.,there is a problem because the hostel room is not cleaned at hostel room 214,Hostel and Accommodation,Hostel Administration,Low,Hostel,Hostel Room 214,0,
CMP-00586,Urgent attention is needed because the fee payment is not updated in the portal in Student Service Centre.,urgent attention is needed because the fee payment is not updated in the portal in student service centre,Administration and Documents,Administrative Office,Critical,Office,Student Service Centre,0,
CMP-03696,Main Canteen பகுதியில் கழிவறை குழாய் உடைந்துள்ளது. தயவுசெய்து சரிசெய்யவும்.,main canteen பக த ய ல கழ வற க ழ ய உட ந த ள ளத தயவ ச ய த சர ச ய யவ ம,Water and Plumbing,Plumbing and Civil Maintenance,Critical,Campus Building,Main Canteen,1,CMP-00445
CMP-02567,There is a problem because the mattress is damaged at Girls Hostel Block B.,there is a problem because the mattress is damaged at girls hostel block b,Hostel and Accommodation,Hostel Administration,High,Hostel,Girls Hostel Block B,0,
CMP-03107,Hostel Mess இல் உணவு சுகாதாரமற்றதாக உள்ளது. உடனடியாக நடவடிக்கை எடுக்கவும்.,hostel mess இல உணவ ச க த ரமற றத க உள ளத உடனட ய க நடவட க க எட க கவ ம,Food and Canteen,Canteen Committee,Medium,Canteen,Hostel Mess,1,CMP-02015
CMP-00911,room clean pannala at Girls Hostel Block B. Kindly action edunga.,room clean pannala at girls hostel block b kindly action edunga,Hostel and Accommodation,Hostel Administration,Low,Hostel,Girls Hostel Block B,0,
CMP-01367,மின்விசிறி வேலை செய்யவில்லை பிரச்சனை Hostel Block B இடத்தில் உள்ளது.,ம ன வ ச ற வ ல ச ய யவ ல ல ப ரச சன hostel block b இடத த ல உள ளத,Electrical and Power,Electrical Maintenance,Critical,Laboratory,Hostel Block B,0,
CMP-02980,bus route notice illama change pannitanga at Route 2 Bus Stop. Kindly action edunga.,bus route notice illama change pannitanga at route 2 bus stop kindly action edunga,Transport and Parking,Transport Cell,Medium,Parking,Route 2 Bus Stop,0,
CMP-03478,Hostel Block B area la switch damage aagiruku.,hostel block b area la switch damage aagiruku,Electrical and Power,Electrical Maintenance,Critical,Laboratory,Hostel Block B,1,CMP-01367
CMP-02983,Hostel Block A la switch damage aagiruku. Please check pannunga.,hostel block a la switch damage aagiruku please check pannunga,Electrical and Power,Electrical Maintenance,Medium,Campus Building,Hostel Block A,0,
CMP-02849,washroom tap broken ah iruku at Engineering Block. Kindly action edunga.,washroom tap broken ah iruku at engineering block kindly action edunga,Water and Plumbing,Plumbing and Civil Maintenance,High,Hostel,Engineering Block,0,
CMP-01243,Urgent attention is needed because an unauthorized person entered the hostel area in Library Entrance.,urgent attention is needed because an unauthorized person entered the hostel area in library entrance,Safety and Security,Security Office,Critical,Campus Road,Library Entrance,0,
CMP-00676,Please check the bonafide certificate request is pending at Student Service Centre.,please check the bonafide certificate request is pending at student service centre,Administration and Documents,Administrative Office,Medium,Office,Student Service Centre,0,
CMP-03456,There is a problem because there is no parking space available at Route 2 Bus Stop.,there is a problem because there is no parking space available at route 2 bus stop,Transport and Parking,Transport Cell,High,Parking,Route 2 Bus Stop,1,CMP-00337
CMP-03254,Girls Hostel Block B இல் அறை கதவு பூட்டு உடைந்துள்ளது. உடனடியாக நடவடிக்கை எடுக்கவும்.,girls hostel block b இல அற கதவ ப ட ட உட ந த ள ளத உடனட ய க நடவட க க எட க கவ ம,Hostel and Accommodation,Hostel Administration,Low,Hostel,Girls Hostel Block B,1,CMP-00911
CMP-02384,Urgent attention is needed because the laboratory computer cannot access the network in Hostel Block A.,urgent attention is needed because the laboratory computer cannot access the network in hostel block a,Wi-Fi and IT Services,IT Support and Network Cell,Medium,Library,Hostel Block A,0,
CMP-02289,Main Canteen இல் குழாயில் தண்ணீர் கசிகிறது. உடனடியாக நடவடிக்கை எடுக்கவும்.,main canteen இல க ழ ய ல தண ண ர கச க றத உடனட ய க நடவட க க எட க கவ ம,Water and Plumbing,Plumbing and Civil Maintenance,High,Campus Building,Main Canteen,0,
CMP-02840,Please check the ID card request is delayed at Examination Cell.,please check the id card request is delayed at examination cell,Administration and Documents,Administrative Office,Low,Office,Examination Cell,0,
CMP-03023,There is a problem because the bus is overcrowded at Route 3 Bus Stop.,there is a problem because the bus is overcrowded at route 3 bus stop,Transport and Parking,Transport Cell,Medium,Parking,Route 3 Bus Stop,1,CMP-02009
CMP-02879,Boys Hostel Washroom பகுதியில் கழிவறை குழாய் உடைந்துள்ளது. தயவுசெய்து சரிசெய்யவும்.,boys hostel washroom பக த ய ல கழ வற க ழ ய உட ந த ள ளத தயவ ச ய த சர ச ய யவ ம,Water and Plumbing,Plumbing and Civil Maintenance,Critical,Campus Building,Boys Hostel Washroom,0,
CMP-01203,Boys Hostel Washroom இல் நடைபாதை அழுக்காக உள்ளது. உடனடியாக நடவடிக்கை எடுக்கவும்.,boys hostel washroom இல நட ப த அழ க க க உள ளத உடனட ய க நடவட க க எட க கவ ம,Cleanliness and Waste,Housekeeping and Sanitation,Low,Canteen,Boys Hostel Washroom,0,
CMP-01652,Accounts Office பகுதியில் கட்டண செலுத்துதல் தளத்தில் புதுப்பிக்கப்படவில்லை. தயவுசெய்து சரிசெய்யவும்.,accounts office பக த ய ல கட டண ச ல த த தல தளத த ல ப த ப ப க கப படவ ல ல தயவ ச ய த சர ச ய யவ ம,Administration and Documents,Administrative Office,Medium,Office,Accounts Office,0,
CMP-02843,Hostel Block B la student portal load aagala. Please check pannunga.,hostel block b la student portal load aagala please check pannunga,Wi-Fi and IT Services,IT Support and Network Cell,High,Library,Hostel Block B,0,
CMP-03780,Urgent attention is needed because water is leaking from the pipe in Engineering Block.,urgent attention is needed because water is leaking from the pipe in engineering block,Water and Plumbing,Plumbing and Civil Maintenance,High,Hostel,Engineering Block,1,CMP-02849
CMP-00380,Route 2 Bus Stop இல் வளாக பேருந்து தாமதமாக வந்தது. உடனடியாக நடவடிக்கை எடுக்கவும்.,route 2 bus stop இல வள க ப ர ந த த மதம க வந தத உடனட ய க நடவட க க எட க கவ ம,Transport and Parking,Transport Cell,Medium,Campus Road,Route 2 Bus Stop,0,
CMP-00307,Please check the food quality is poor at North Canteen.,please check the food quality is poor at north canteen,Food and Canteen,Canteen Committee,Low,Canteen,North Canteen,0,
CMP-02307,Please check the corridor is dirty at Boys Hostel Washroom.,please check the corridor is dirty at boys hostel washroom,Cleanliness and Waste,Housekeeping and Sanitation,High,Canteen,Boys Hostel Washroom,0,
CMP-00127,Boys Hostel Block A பகுதியில் அறை கதவு பூட்டு உடைந்துள்ளது. தயவுசெய்து சரிசெய்யவும்.,boys hostel block a பக த ய ல அற கதவ ப ட ட உட ந த ள ளத தயவ ச ய த சர ச ய யவ ம,Hostel and Accommodation,Hostel Administration,Critical,Hostel,Boys Hostel Block A,0,
CMP-02813,Urgent attention is needed because the corridor light is not working in Hostel Block B.,urgent attention is needed because the corridor light is not working in hostel block b,Electrical and Power,Electrical Maintenance,Low,Laboratory,Hostel Block B,0,
CMP-02201,Urgent attention is needed because the corridor light is not working in C-305.,urgent attention is needed because the corridor light is not working in c 305,Electrical and Power,Electrical Maintenance,Medium,Laboratory,C-305,0,
CMP-01349,I want to report that the classroom bench is broken in AI Laboratory.,i want to report that the classroom bench is broken in ai laboratory,Classroom and Laboratory,Academic Infrastructure,Medium,Classroom,AI Laboratory,0,
CMP-00423,Campus Road இல் மின்பலகையின் அருகில் தண்ணீர் கசிகிறது. உடனடியாக நடவடிக்கை எடுக்கவும்.,campus road இல ம ன பலக ய ன அர க ல தண ண ர கச க றத உடனட ய க நடவட க க எட க கவ ம,Safety and Security,Security Office,Critical,Campus Road,Campus Road,0,
CMP-00755,There is a problem because the ERP login is failing at Central Library.,there is a problem because the erp login is failing at central library,Wi-Fi and IT Services,IT Support and Network Cell,Low,Hostel,Central Library,0,
CMP-01336,Examination Cell la scholarship status update aagala. Please check pannunga.,examination cell la scholarship status update aagala please check pannunga,Administration and Documents,Administrative Office,Low,Office,Examination Cell,0,
CMP-03085,I want to report that the fee payment is not updated in the portal in Accounts Office.,i want to report that the fee payment is not updated in the portal in accounts office,Administration and Documents,Administrative Office,Medium,Office,Accounts Office,1,CMP-01652
CMP-03542,Please check the corridor is dirty at Boys Hostel Washroom.,please check the corridor is dirty at boys hostel washroom,Cleanliness and Waste,Housekeeping and Sanitation,Low,Canteen,Boys Hostel Washroom,1,CMP-01203
CMP-00456,I want to report that the dustbin is overflowing in Main Canteen.,i want to report that the dustbin is overflowing in main canteen,Cleanliness and Waste,Housekeeping and Sanitation,High,Washroom,Main Canteen,0,
CMP-03162,Route 2 Bus Stop இல் அறிவிப்பின்றி பேருந்து பாதை மாற்றப்பட்டது. உடனடியாக நடவடிக்கை எடுக்கவும்.,route 2 bus stop இல அற வ ப ப ன ற ப ர ந த ப த ம ற றப பட டத உடனட ய க நடவட க க எட க கவ ம,Transport and Parking,Transport Cell,Medium,Parking,Route 2 Bus Stop,1,CMP-02980
CMP-01187,There is a problem because the food price is incorrect at Main Canteen.,there is a problem because the food price is incorrect at main canteen,Food and Canteen,Canteen Committee,High,Canteen,Main Canteen,0,
CMP-00851,கழிவறை சுத்தம் செய்யப்படவில்லை பிரச்சனை Boys Hostel Washroom இடத்தில் உள்ளது.,கழ வற ச த தம ச ய யப படவ ல ல ப ரச சன boys hostel washroom இடத த ல உள ளத,Cleanliness and Waste,Housekeeping and Sanitation,Critical,Campus Road,Boys Hostel Washroom,0,
CMP-02598,Please check the food price is incorrect at Main Canteen.,please check the food price is incorrect at main canteen,Food and Canteen,Canteen Committee,Medium,Canteen,Main Canteen,0,
CMP-00675,North Canteen இல் உணவின் விலை தவறாக உள்ளது. உடனடியாக நடவடிக்கை எடுக்கவும்.,north canteen இல உணவ ன வ ல தவற க உள ளத உடனட ய க நடவட க க எட க கவ ம,Food and Canteen,Canteen Committee,High,Canteen,North Canteen,0,
CMP-00115,Please check the projector is not displaying at C-204.,please check the projector is not displaying at c 204,Classroom and Laboratory,Academic Infrastructure,Medium,Classroom,C-204,0,
CMP-01890,I want to report that the food price is incorrect in Main Canteen.,i want to report that the food price is incorrect in main canteen,Food and Canteen,Canteen Committee,Low,Canteen,Main Canteen,0,
CMP-00579,Route 1 Bus Stop la campus bus late ah vandhuchu. Please check pannunga.,route 1 bus stop la campus bus late ah vandhuchu please check pannunga,Transport and Parking,Transport Cell,Medium,Campus Road,Route 1 Bus Stop,0,
CMP-00308,corridor light eriyala at Hostel Block B. Kindly action edunga.,corridor light eriyala at hostel block b kindly action edunga,Electrical and Power,Electrical Maintenance,High,Classroom,Hostel Block B,0,
CMP-03739,There is a problem because water is leaking from the pipe at Main Canteen.,there is a problem because water is leaking from the pipe at main canteen,Water and Plumbing,Plumbing and Civil Maintenance,High,Campus Building,Main Canteen,1,CMP-02289
CMP-01760,There is a problem because the bus is overcrowded at Route 1 Bus Stop.,there is a problem because the bus is overcrowded at route 1 bus stop,Transport and Parking,Transport Cell,Medium,Parking,Route 1 Bus Stop,0,
CMP-01249,கட்டண செலுத்துதல் தளத்தில் புதுப்பிக்கப்படவில்லை பிரச்சனை Academic Office இடத்தில் உள்ளது.,கட டண ச ல த த தல தளத த ல ப த ப ப க கப படவ ல ல ப ரச சன academic office இடத த ல உள ளத,Administration and Documents,Administrative Office,High,Office,Academic Office,0,
CMP-02561,Urgent attention is needed because the ceiling fan is not working in C-305.,urgent attention is needed because the ceiling fan is not working in c 305,Electrical and Power,Electrical Maintenance,Medium,Classroom,C-305,0,
CMP-02647,Accounts Office la marksheet correction pending la iruku. Please check pannunga.,accounts office la marksheet correction pending la iruku please check pannunga,Administration and Documents,Administrative Office,High,Office,Accounts Office,0,
CMP-00281,Please check a vehicle is blocking the campus entrance at Main Parking Area.,please check a vehicle is blocking the campus entrance at main parking area,Transport and Parking,Transport Cell,Medium,Parking,Main Parking Area,0,
CMP-03435,classroom bench broken ah iruku at AI Laboratory. Kindly action edunga.,classroom bench broken ah iruku at ai laboratory kindly action edunga,Classroom and Laboratory,Academic Infrastructure,Medium,Classroom,AI Laboratory,1,CMP-01349
CMP-00435,Main Parking Area la vehicle campus entrance block pannudhu. Please check pannunga.,main parking area la vehicle campus entrance block pannudhu please check pannunga,Transport and Parking,Transport Cell,Medium,Parking,Main Parking Area,0,
CMP-02493,Urgent attention is needed because the room has a damaged window in Boys Hostel Block A.,urgent attention is needed because the room has a damaged window in boys hostel block a,Hostel and Accommodation,Hostel Administration,Medium,Hostel,Boys Hostel Block A,0,
CMP-02491,C-305 பகுதியில் ப்ரொஜெக்டர் காட்சி அளிக்கவில்லை. தயவுசெய்து சரிசெய்யவும்.,c 305 பக த ய ல ப ர ஜ க டர க ட ச அள க கவ ல ல தயவ ச ய த சர ச ய யவ ம,Classroom and Laboratory,Academic Infrastructure,High,Classroom,C-305,0,
CMP-02079,ஜன்னல் சேதமடைந்துள்ளது பிரச்சனை Boys Hostel Block A இடத்தில் உள்ளது.,ஜன னல ச தமட ந த ள ளத ப ரச சன boys hostel block a இடத த ல உள ளத,Hostel and Accommodation,Hostel Administration,Critical,Hostel,Boys Hostel Block A,0,
CMP-02332,C-204 la lab equipment work aagala. Please check pannunga.,c 204 la lab equipment work aagala please check pannunga,Classroom and Laboratory,Academic Infrastructure,High,Laboratory,C-204,0,
CMP-03166,Main Canteen இல் உணவின் தரம் மோசமாக உள்ளது. உடனடியாக நடவடிக்கை எடுக்கவும்.,main canteen இல உணவ ன தரம ம சம க உள ளத உடனட ய க நடவட க க எட க கவ ம,Food and Canteen,Canteen Committee,High,Canteen,Main Canteen,1,CMP-01187
CMP-03163,"North Canteen la food quality poor ah iruku, immediate ah solve pannunga.",north canteen la food quality poor ah iruku immediate ah solve pannunga,Food and Canteen,Canteen Committee,High,Canteen,North Canteen,1,CMP-00675
CMP-03309,Urgent attention is needed because the campus street light is not working in Campus Road.,urgent attention is needed because the campus street light is not working in campus road,Safety and Security,Security Office,Critical,Campus Road,Campus Road,1,CMP-00423
CMP-02605,There is a problem because the internet connection is very slow at AI Laboratory.,there is a problem because the internet connection is very slow at ai laboratory,Wi-Fi and IT Services,IT Support and Network Cell,Medium,Classroom,AI Laboratory,0,
CMP-01772,Please check the bonafide certificate request is pending at Accounts Office.,please check the bonafide certificate request is pending at accounts office,Administration and Documents,Administrative Office,Low,Office,Accounts Office,0,
CMP-01142,Urgent attention is needed because water is leaking near an electrical panel in Engineering Block.,urgent attention is needed because water is leaking near an electrical panel in engineering block,Safety and Security,Security Office,Critical,Hostel,Engineering Block,0,
CMP-00519,I want to report that the tube light is flickering in Hostel Block A.,i want to report that the tube light is flickering in hostel block a,Electrical and Power,Electrical Maintenance,Medium,Classroom,Hostel Block A,0,
CMP-00383,Computer Laboratory இல் மின்சாரம் இல்லை. உடனடியாக நடவடிக்கை எடுக்கவும்.,computer laboratory இல ம ன ச ரம இல ல உடனட ய க நடவட க க எட க கவ ம,Electrical and Power,Electrical Maintenance,High,Laboratory,Computer Laboratory,0,
CMP-01701,I want to report that there is a broken glass panel in Parking Area.,i want to report that there is a broken glass panel in parking area,Safety and Security,Security Office,Medium,Campus Road,Parking Area,0,
CMP-00543,Girls Hostel Washroom பகுதியில் கழிவறை சுத்தம் செய்யப்படவில்லை. தயவுசெய்து சரிசெய்யவும்.,girls hostel washroom பக த ய ல கழ வற ச த தம ச ய யப படவ ல ல தயவ ச ய த சர ச ய யவ ம,Cleanliness and Waste,Housekeeping and Sanitation,High,Washroom,Girls Hostel Washroom,0,
CMP-02536,Please check the marksheet correction request is pending at Academic Office.,please check the marksheet correction request is pending at academic office,Administration and Documents,Administrative Office,Low,Office,Academic Office,0,
CMP-02414,There is a problem because there is a power outage at Hostel Block A.,there is a problem because there is a power outage at hostel block a,Electrical and Power,Electrical Maintenance,Medium,Campus Building,Hostel Block A,0,
CMP-01228,அறை கதவு பூட்டு உடைந்துள்ளது பிரச்சனை Girls Hostel Block A இடத்தில் உள்ளது.,அற கதவ ப ட ட உட ந த ள ளத ப ரச சன girls hostel block a இடத த ல உள ளத,Hostel and Accommodation,Hostel Administration,Low,Hostel,Girls Hostel Block A,0,
CMP-03873,Route 1 Bus Stop இல் அறிவிப்பின்றி பேருந்து பாதை மாற்றப்பட்டது. உடனடியாக நடவடிக்கை எடுக்கவும்.,route 1 bus stop இல அற வ ப ப ன ற ப ர ந த ப த ம ற றப பட டத உடனட ய க நடவட க க எட க கவ ம,Transport and Parking,Transport Cell,Medium,Parking,Route 1 Bus Stop,1,CMP-01760
CMP-03092,Main Canteen பகுதியில் குப்பை குவிந்துள்ளது. தயவுசெய்து சரிசெய்யவும்.,main canteen பக த ய ல க ப ப க வ ந த ள ளத தயவ ச ய த சர ச ய யவ ம,Cleanliness and Waste,Housekeeping and Sanitation,High,Washroom,Main Canteen,1,CMP-00456
CMP-02923,ப்ரொஜெக்டர் காட்சி அளிக்கவில்லை பிரச்சனை Electronics Laboratory இடத்தில் உள்ளது.,ப ர ஜ க டர க ட ச அள க கவ ல ல ப ரச சன electronics laboratory இடத த ல உள ளத,Classroom and Laboratory,Academic Infrastructure,High,Laboratory,Electronics Laboratory,0,
CMP-00942,C-305 பகுதியில் மின்சார சுவிட்ச் சேதமடைந்துள்ளது. தயவுசெய்து சரிசெய்யவும்.,c 305 பக த ய ல ம ன ச ர ச வ ட ச ச தமட ந த ள ளத தயவ ச ய த சர ச ய யவ ம,Electrical and Power,Electrical Maintenance,Medium,Hostel,C-305,0,
CMP-02424,Urgent attention is needed because the ceiling fan is not working in Engineering Block.,urgent attention is needed because the ceiling fan is not working in engineering block,Electrical and Power,Electrical Maintenance,Low,Hostel,Engineering Block,0,
CMP-03033,Please check the projector is not displaying at Electronics Laboratory.,please check the projector is not displaying at electronics laboratory,Classroom and Laboratory,Academic Infrastructure,High,Laboratory,Electronics Laboratory,1,CMP-02923
CMP-00571,I want to report that the campus bus arrived late in Route 3 Bus Stop.,i want to report that the campus bus arrived late in route 3 bus stop,Transport and Parking,Transport Cell,Critical,Parking,Route 3 Bus Stop,0,
CMP-01301,தண்ணீர் வழங்கல் இல்லை பிரச்சனை Hostel Block A இடத்தில் உள்ளது.,தண ண ர வழங கல இல ல ப ரச சன hostel block a இடத த ல உள ளத,Water and Plumbing,Plumbing and Civil Maintenance,Medium,Hostel,Hostel Block A,0,
CMP-03367,There is a problem because the classroom has poor ventilation at C-204.,there is a problem because the classroom has poor ventilation at c 204,Classroom and Laboratory,Academic Infrastructure,High,Laboratory,C-204,1,CMP-02332
CMP-00485,Urgent attention is needed because the scholarship application status is not updated in Examination Cell.,urgent attention is needed because the scholarship application status is not updated in examination cell,Administration and Documents,Administrative Office,Low,Office,Examination Cell,0,
CMP-00820,Main Canteen la pipe la water leak aagudhu. Please check pannunga.,main canteen la pipe la water leak aagudhu please check pannunga,Water and Plumbing,Plumbing and Civil Maintenance,High,Campus Building,Main Canteen,0,
CMP-03468,Please check the washroom tap is broken at Hostel Block A.,please check the washroom tap is broken at hostel block a,Water and Plumbing,Plumbing and Civil Maintenance,Medium,Hostel,Hostel Block A,1,CMP-01301
CMP-03283,"Hostel Block A la switch damage aagiruku, immediate ah solve pannunga.",hostel block a la switch damage aagiruku immediate ah solve pannunga,Electrical and Power,Electrical Maintenance,Medium,Campus Building,Hostel Block A,1,CMP-02414
CMP-01694,Please check the classroom has poor ventilation at Electronics Laboratory.,please check the classroom has poor ventilation at electronics laboratory,Classroom and Laboratory,Academic Infrastructure,High,Laboratory,Electronics Laboratory,0,
CMP-01491,I want to report that the food price is incorrect in Hostel Mess.,i want to report that the food price is incorrect in hostel mess,Food and Canteen,Canteen Committee,High,Canteen,Hostel Mess,0,
CMP-00609,Urgent attention is needed because water is leaking from the pipe in Boys Hostel Washroom.,urgent attention is needed because water is leaking from the pipe in boys hostel washroom,Water and Plumbing,Plumbing and Civil Maintenance,Medium,Canteen,Boys Hostel Washroom,0,
CMP-03378,Hostel Mess la food price wrong ah iruku. Please check pannunga.,hostel mess la food price wrong ah iruku please check pannunga,Food and Canteen,Canteen Committee,High,Canteen,Hostel Mess,1,CMP-01491
CMP-00190,Scholarship Office பகுதியில் உதவித்தொகை நிலை புதுப்பிக்கப்படவில்லை. தயவுசெய்து சரிசெய்யவும்.,scholarship office பக த ய ல உதவ த த க ந ல ப த ப ப க கப படவ ல ல தயவ ச ய த சர ச ய யவ ம,Administration and Documents,Administrative Office,Medium,Office,Scholarship Office,0,
CMP-01283,I want to report that the dustbin is overflowing in Girls Hostel Washroom.,i want to report that the dustbin is overflowing in girls hostel washroom,Cleanliness and Waste,Housekeeping and Sanitation,Low,Washroom,Girls Hostel Washroom,0,
CMP-00620,window damage aagiruku at Hostel Room 312. Kindly action edunga.,window damage aagiruku at hostel room 312 kindly action edunga,Hostel and Accommodation,Hostel Administration,Low,Hostel,Hostel Room 312,0,
CMP-02452,Main Canteen பகுதியில் உணவின் தரம் மோசமாக உள்ளது. தயவுசெய்து சரிசெய்யவும்.,main canteen பக த ய ல உணவ ன தரம ம சம க உள ளத தயவ ச ய த சர ச ய யவ ம,Food and Canteen,Canteen Committee,Medium,Canteen,Main Canteen,0,
CMP-02302,classroom ventilation poor ah iruku at C-101. Kindly action edunga.,classroom ventilation poor ah iruku at c 101 kindly action edunga,Classroom and Laboratory,Academic Infrastructure,Medium,Laboratory,C-101,0,
CMP-01535,Academic Block Corridor பகுதியில் குப்பை குவிந்துள்ளது. தயவுசெய்து சரிசெய்யவும்.,academic block corridor பக த ய ல க ப ப க வ ந த ள ளத தயவ ச ய த சர ச ய யவ ம,Cleanliness and Waste,Housekeeping and Sanitation,Medium,Canteen,Academic Block Corridor,0,
CMP-03831,Urgent attention is needed because the washroom has not been cleaned in Girls Hostel Washroom.,urgent attention is needed because the washroom has not been cleaned in girls hostel washroom,Cleanliness and Waste,Housekeeping and Sanitation,High,Washroom,Girls Hostel Washroom,1,CMP-00543
CMP-03692,C-305 la switch damage aagiruku. Please check pannunga.,c 305 la switch damage aagiruku please check pannunga,Electrical and Power,Electrical Maintenance,Medium,Hostel,C-305,1,CMP-00942
CMP-02582,Hostel Block A இல் குழாயில் தண்ணீர் கசிகிறது. உடனடியாக நடவடிக்கை எடுக்கவும்.,hostel block a இல க ழ ய ல தண ண ர கச க றத உடனட ய க நடவட க க எட க கவ ம,Water and Plumbing,Plumbing and Civil Maintenance,Medium,Washroom,Hostel Block A,0,
CMP-01060,Computer Laboratory la switch damage aagiruku. Please check pannunga.,computer laboratory la switch damage aagiruku please check pannunga,Electrical and Power,Electrical Maintenance,High,Classroom,Computer Laboratory,0,
CMP-01846,Urgent attention is needed because the hostel room is not cleaned in Girls Hostel Block B.,urgent attention is needed because the hostel room is not cleaned in girls hostel block b,Hostel and Accommodation,Hostel Administration,Low,Hostel,Girls Hostel Block B,0,
CMP-02684,Girls Hostel Washroom area la washroom clean pannala.,girls hostel washroom area la washroom clean pannala,Cleanliness and Waste,Housekeeping and Sanitation,Medium,Washroom,Girls Hostel Washroom,0,
CMP-00822,Urgent attention is needed because the water tank is overflowing in Boys Hostel Washroom.,urgent attention is needed because the water tank is overflowing in boys hostel washroom,Water and Plumbing,Plumbing and Civil Maintenance,High,Washroom,Boys Hostel Washroom,0,
CMP-01866,வளாக பேருந்து தாமதமாக வந்தது பிரச்சனை Route 1 Bus Stop இடத்தில் உள்ளது.,வள க ப ர ந த த மதம க வந தத ப ரச சன route 1 bus stop இடத த ல உள ளத,Transport and Parking,Transport Cell,Critical,Campus Road,Route 1 Bus Stop,0,
CMP-01017,Hostel Block A la water supply varala. Please check pannunga.,hostel block a la water supply varala please check pannunga,Water and Plumbing,Plumbing and Civil Maintenance,High,Campus Building,Hostel Block A,0,
CMP-03049,I want to report that the food price is incorrect in Main Canteen.,i want to report that the food price is incorrect in main canteen,Food and Canteen,Canteen Committee,Medium,Canteen,Main Canteen,1,CMP-02452
CMP-00186,Library Washroom இல் குப்பை இடத்தின் அருகில் துர்நாற்றம் உள்ளது. உடனடியாக நடவடிக்கை எடுக்கவும்.,library washroom இல க ப ப இடத த ன அர க ல த ர ந ற றம உள ளத உடனட ய க நடவட க க எட க கவ ம,Cleanliness and Waste,Housekeeping and Sanitation,Medium,Canteen,Library Washroom,0,
CMP-02798,There is a problem because the mattress is damaged at Girls Hostel Block B.,there is a problem because the mattress is damaged at girls hostel block b,Hostel and Accommodation,Hostel Administration,Medium,Hostel,Girls Hostel Block B,0,
CMP-01213,கழிவறை சுத்தம் செய்யப்படவில்லை பிரச்சனை Library Washroom இடத்தில் உள்ளது.,கழ வற ச த தம ச ய யப படவ ல ல ப ரச சன library washroom இடத த ல உள ளத,Cleanliness and Waste,Housekeeping and Sanitation,Low,Washroom,Library Washroom,0,
CMP-03379,Scholarship Office la fee payment portal la update aagala. Please check pannunga.,scholarship office la fee payment portal la update aagala please check pannunga,Administration and Documents,Administrative Office,Medium,Office,Scholarship Office,1,CMP-00190
CMP-00824,I want to report that the marksheet correction request is pending in Academic Office.,i want to report that the marksheet correction request is pending in academic office,Administration and Documents,Administrative Office,Low,Office,Academic Office,0,
CMP-01077,Hostel Room 214 area la cupboard lock work aagala.,hostel room 214 area la cupboard lock work aagala,Hostel and Accommodation,Hostel Administration,Low,Hostel,Hostel Room 214,0,
CMP-02397,room clean pannala at Boys Hostel Block B. Kindly action edunga.,room clean pannala at boys hostel block b kindly action edunga,Hostel and Accommodation,Hostel Administration,Critical,Hostel,Boys Hostel Block B,0,
CMP-03437,Boys Hostel Washroom இல் கழிவறை குழாய் உடைந்துள்ளது. உடனடியாக நடவடிக்கை எடுக்கவும்.,boys hostel washroom இல கழ வற க ழ ய உட ந த ள ளத உடனட ய க நடவட க க எட க கவ ம,Water and Plumbing,Plumbing and Civil Maintenance,High,Washroom,Boys Hostel Washroom,1,CMP-00822
CMP-02157,அறை கதவு பூட்டு உடைந்துள்ளது பிரச்சனை Girls Hostel Block B இடத்தில் உள்ளது.,அற கதவ ப ட ட உட ந த ள ளத ப ரச சன girls hostel block b இடத த ல உள ளத,Hostel and Accommodation,Hostel Administration,Low,Hostel,Girls Hostel Block B,0,
CMP-02005,Please check the toilet is blocked at Engineering Block.,please check the toilet is blocked at engineering block,Water and Plumbing,Plumbing and Civil Maintenance,Medium,Canteen,Engineering Block,0,
CMP-03030,Please check the room has a damaged window at Hostel Room 312.,please check the room has a damaged window at hostel room 312,Hostel and Accommodation,Hostel Administration,Low,Hostel,Hostel Room 312,1,CMP-00620
CMP-00227,Parking Area la washroom clean pannala. Please check pannunga.,parking area la washroom clean pannala please check pannunga,Cleanliness and Waste,Housekeeping and Sanitation,Low,Hostel,Parking Area,0,
CMP-01000,Please check the food price is incorrect at North Canteen.,please check the food price is incorrect at north canteen,Food and Canteen,Canteen Committee,Low,Canteen,North Canteen,0,
CMP-03877,There is a problem because the hostel room is not cleaned at Boys Hostel Block B.,there is a problem because the hostel room is not cleaned at boys hostel block b,Hostel and Accommodation,Hostel Administration,Critical,Hostel,Boys Hostel Block B,1,CMP-02397
CMP-02708,Main Parking Area area la vehicle campus entrance block pannudhu.,main parking area area la vehicle campus entrance block pannudhu,Transport and Parking,Transport Cell,High,Parking,Main Parking Area,0,
CMP-01643,I want to report that garbage has accumulated in Parking Area.,i want to report that garbage has accumulated in parking area,Cleanliness and Waste,Housekeeping and Sanitation,High,Canteen,Parking Area,0,
CMP-01693,Please check the campus street light is not working at Engineering Block.,please check the campus street light is not working at engineering block,Safety and Security,Security Office,High,Campus Building,Engineering Block,0,
CMP-02259,Engineering Block area la current supply illa.,engineering block area la current supply illa,Electrical and Power,Electrical Maintenance,Low,Laboratory,Engineering Block,0,
CMP-01555,Route 3 Bus Stop இல் நிறுத்துமிடம் கிடைக்கவில்லை. உடனடியாக நடவடிக்கை எடுக்கவும்.,route 3 bus stop இல ந ற த த ம டம க ட க கவ ல ல உடனட ய க நடவட க க எட க கவ ம,Transport and Parking,Transport Cell,Medium,Campus Road,Route 3 Bus Stop,0,
CMP-03160,Girls Hostel Washroom area la corridor dirty ah iruku.,girls hostel washroom area la corridor dirty ah iruku,Cleanliness and Waste,Housekeeping and Sanitation,Low,Washroom,Girls Hostel Washroom,1,CMP-01283
CMP-03860,Urgent attention is needed because water is leaking from the pipe in Hostel Block A.,urgent attention is needed because water is leaking from the pipe in hostel block a,Water and Plumbing,Plumbing and Civil Maintenance,High,Campus Building,Hostel Block A,1,CMP-01017
CMP-03566,Urgent attention is needed because the room has a damaged window in Girls Hostel Block B.,urgent attention is needed because the room has a damaged window in girls hostel block b,Hostel and Accommodation,Hostel Administration,Low,Hostel,Girls Hostel Block B,1,CMP-02157
CMP-01645,மெத்தை சேதமடைந்துள்ளது பிரச்சனை Girls Hostel Block B இடத்தில் உள்ளது.,ம த த ச தமட ந த ள ளத ப ரச சன girls hostel block b இடத த ல உள ளத,Hostel and Accommodation,Hostel Administration,Medium,Hostel,Girls Hostel Block B,0,
CMP-01951,Parking Area area la dustbin overflow aagudhu.,parking area area la dustbin overflow aagudhu,Cleanliness and Waste,Housekeeping and Sanitation,Low,Washroom,Parking Area,0,
CMP-01197,Urgent attention is needed because the ID card request is delayed in Academic Office.,urgent attention is needed because the id card request is delayed in academic office,Administration and Documents,Administrative Office,Low,Office,Academic Office,0,
CMP-01835,There is a problem because there is a bad smell near the waste area at Academic Block Corridor.,there is a problem because there is a bad smell near the waste area at academic block corridor,Cleanliness and Waste,Housekeeping and Sanitation,High,Campus Road,Academic Block Corridor,0,
CMP-01137,Urgent attention is needed because the projector is not displaying in C-101.,urgent attention is needed because the projector is not displaying in c 101,Classroom and Laboratory,Academic Infrastructure,Medium,Classroom,C-101,0,
CMP-00425,Hostel Mess இல் உணவின் தரம் மோசமாக உள்ளது. உடனடியாக நடவடிக்கை எடுக்கவும்.,hostel mess இல உணவ ன தரம ம சம க உள ளத உடனட ய க நடவட க க எட க கவ ம,Food and Canteen,Canteen Committee,Medium,Canteen,Hostel Mess,0,
CMP-01442,There is a problem because the hostel room is not cleaned at Boys Hostel Block A.,there is a problem because the hostel room is not cleaned at boys hostel block a,Hostel and Accommodation,Hostel Administration,Medium,Hostel,Boys Hostel Block A,0,
CMP-01827,I want to report that the corridor light is not working in Hostel Block B.,i want to report that the corridor light is not working in hostel block b,Electrical and Power,Electrical Maintenance,High,Hostel,Hostel Block B,0,
CMP-00593,Route 1 Bus Stop இல் வளாக பேருந்து தாமதமாக வந்தது. உடனடியாக நடவடிக்கை எடுக்கவும்.,route 1 bus stop இல வள க ப ர ந த த மதம க வந தத உடனட ய க நடவட க க எட க கவ ம,Transport and Parking,Transport Cell,Low,Campus Road,Route 1 Bus Stop,0,
CMP-02955,Please check there is a power outage at Engineering Block.,please check there is a power outage at engineering block,Electrical and Power,Electrical Maintenance,Medium,Laboratory,Engineering Block,0,
CMP-03046,Academic Block Corridor area la washroom clean pannala.,academic block corridor area la washroom clean pannala,Cleanliness and Waste,Housekeeping and Sanitation,Medium,Canteen,Academic Block Corridor,1,CMP-01535
CMP-00303,Urgent attention is needed because the water tank is overflowing in Hostel Block A.,urgent attention is needed because the water tank is overflowing in hostel block a,Water and Plumbing,Plumbing and Civil Maintenance,Critical,Canteen,Hostel Block A,0,
CMP-02342,Engineering Block இல் மின்சார சுவிட்ச் சேதமடைந்துள்ளது. உடனடியாக நடவடிக்கை எடுக்கவும்.,engineering block இல ம ன ச ர ச வ ட ச ச தமட ந த ள ளத உடனட ய க நடவட க க எட க கவ ம,Electrical and Power,Electrical Maintenance,Medium,Classroom,Engineering Block,0,
CMP-02444,Engineering Block la tube light flicker aagudhu. Please check pannunga.,engineering block la tube light flicker aagudhu please check pannunga,Electrical and Power,Electrical Maintenance,Low,Hostel,Engineering Block,0,
CMP-03652,Urgent attention is needed because the mattress is damaged in Girls Hostel Block B.,urgent attention is needed because the mattress is damaged in girls hostel block b,Hostel and Accommodation,Hostel Administration,Medium,Hostel,Girls Hostel Block B,1,CMP-01645
CMP-01041,Please check the food price is incorrect at Main Canteen.,please check the food price is incorrect at main canteen,Food and Canteen,Canteen Committee,Medium,Canteen,Main Canteen,0,
CMP-02711,I want to report that the bonafide certificate request is pending in Student Service Centre.,i want to report that the bonafide certificate request is pending in student service centre,Administration and Documents,Administrative Office,Low,Office,Student Service Centre,0,
CMP-03315,Parking Area பகுதியில் நடைபாதை அழுக்காக உள்ளது. தயவுசெய்து சரிசெய்யவும்.,parking area பக த ய ல நட ப த அழ க க க உள ளத தயவ ச ய த சர ச ய யவ ம,Cleanliness and Waste,Housekeeping and Sanitation,Low,Hostel,Parking Area,1,CMP-00227
CMP-01768,AI Laboratory இல் வைஃபை வேலை செய்யவில்லை. உடனடியாக நடவடிக்கை எடுக்கவும்.,ai laboratory இல வ ஃப வ ல ச ய யவ ல ல உடனட ய க நடவட க க எட க கவ ம,Wi-Fi and IT Services,IT Support and Network Cell,Medium,Laboratory,AI Laboratory,0,
CMP-01395,I want to report that the room door lock is broken in Boys Hostel Block B.,i want to report that the room door lock is broken in boys hostel block b,Hostel and Accommodation,Hostel Administration,Medium,Hostel,Boys Hostel Block B,0,
CMP-01526,There is a problem because garbage has accumulated at Main Canteen.,there is a problem because garbage has accumulated at main canteen,Cleanliness and Waste,Housekeeping and Sanitation,Low,Washroom,Main Canteen,0,
CMP-02075,Urgent attention is needed because an unauthorized person entered the hostel area in Main Gate.,urgent attention is needed because an unauthorized person entered the hostel area in main gate,Safety and Security,Security Office,Critical,Hostel,Main Gate,0,
CMP-02681,C-305 area la current supply illa.,c 305 area la current supply illa,Electrical and Power,Electrical Maintenance,Medium,Classroom,C-305,0,
CMP-02600,There is a problem because garbage has accumulated at Girls Hostel Washroom.,there is a problem because garbage has accumulated at girls hostel washroom,Cleanliness and Waste,Housekeeping and Sanitation,Critical,Hostel,Girls Hostel Washroom,0,
CMP-00024,lab equipment work aagala at C-101. Kindly action edunga.,lab equipment work aagala at c 101 kindly action edunga,Classroom and Laboratory,Academic Infrastructure,Medium,Classroom,C-101,0,
CMP-02400,Hostel Room 214 area la room clean pannala.,hostel room 214 area la room clean pannala,Hostel and Accommodation,Hostel Administration,Critical,Hostel,Hostel Room 214,0,
CMP-02310,Hostel Block A la washroom tap broken ah iruku. Please check pannunga.,hostel block a la washroom tap broken ah iruku please check pannunga,Water and Plumbing,Plumbing and Civil Maintenance,Low,Hostel,Hostel Block A,0,
CMP-02021,food hygiene illa at Main Canteen. Kindly action edunga.,food hygiene illa at main canteen kindly action edunga,Food and Canteen,Canteen Committee,Medium,Canteen,Main Canteen,0,
CMP-00690,Student Service Centre area la scholarship status update aagala.,student service centre area la scholarship status update aagala,Administration and Documents,Administrative Office,Low,Office,Student Service Centre,0,
CMP-01327,There is a problem because the classroom has poor ventilation at AI Laboratory.,there is a problem because the classroom has poor ventilation at ai laboratory,Classroom and Laboratory,Academic Infrastructure,Medium,Classroom,AI Laboratory,0,
CMP-00092,"North Canteen la drinking water dispenser work aagala, immediate ah solve pannunga.",north canteen la drinking water dispenser work aagala immediate ah solve pannunga,Food and Canteen,Canteen Committee,Critical,Canteen,North Canteen,0,
CMP-01084,Hostel Block A area la water tank overflow aagudhu.,hostel block a area la water tank overflow aagudhu,Water and Plumbing,Plumbing and Civil Maintenance,Medium,Hostel,Hostel Block A,0,
CMP-03377,C-101 பகுதியில் ப்ரொஜெக்டர் காட்சி அளிக்கவில்லை. தயவுசெய்து சரிசெய்யவும்.,c 101 பக த ய ல ப ர ஜ க டர க ட ச அள க கவ ல ல தயவ ச ய த சர ச ய யவ ம,Classroom and Laboratory,Academic Infrastructure,Medium,Classroom,C-101,1,CMP-01137
CMP-03678,Academic Block Corridor இல் நடைபாதை அழுக்காக உள்ளது. உடனடியாக நடவடிக்கை எடுக்கவும்.,academic block corridor இல நட ப த அழ க க க உள ளத உடனட ய க நடவட க க எட க கவ ம,Cleanliness and Waste,Housekeeping and Sanitation,High,Campus Road,Academic Block Corridor,1,CMP-01835
CMP-03349,கழிவறை சுத்தம் செய்யப்படவில்லை பிரச்சனை Parking Area இடத்தில் உள்ளது.,கழ வற ச த தம ச ய யப படவ ல ல ப ரச சன parking area இடத த ல உள ளத,Cleanliness and Waste,Housekeeping and Sanitation,Low,Washroom,Parking Area,1,CMP-01951
CMP-02099,projector display varala at Computer Laboratory. Kindly action edunga.,projector display varala at computer laboratory kindly action edunga,Classroom and Laboratory,Academic Infrastructure,Medium,Laboratory,Computer Laboratory,0,
CMP-01325,Please check the marksheet correction request is pending at Examination Cell.,please check the marksheet correction request is pending at examination cell,Administration and Documents,Administrative Office,Low,Office,Examination Cell,0,
CMP-00812,அடையாள அட்டை கோரிக்கை தாமதமாகிறது பிரச்சனை Student Service Centre இடத்தில் உள்ளது.,அட ய ள அட ட க ர க க த மதம க றத ப ரச சன student service centre இடத த ல உள ளத,Administration and Documents,Administrative Office,Medium,Office,Student Service Centre,0,
CMP-00537,Urgent attention is needed because the projector is not displaying in AI Laboratory.,urgent attention is needed because the projector is not displaying in ai laboratory,Classroom and Laboratory,Academic Infrastructure,High,Classroom,AI Laboratory,0,
CMP-00039,Please check an unauthorized person entered the hostel area at Hostel Block B.,please check an unauthorized person entered the hostel area at hostel block b,Safety and Security,Security Office,Medium,Parking,Hostel Block B,0,
CMP-02833,Please check the toilet is blocked at Main Canteen.,please check the toilet is blocked at main canteen,Water and Plumbing,Plumbing and Civil Maintenance,Medium,Hostel,Main Canteen,0,
CMP-00022,குப்பை குவிந்துள்ளது பிரச்சனை Main Canteen இடத்தில் உள்ளது.,க ப ப க வ ந த ள ளத ப ரச சன main canteen இடத த ல உள ளத,Cleanliness and Waste,Housekeeping and Sanitation,Low,Canteen,Main Canteen,0,
CMP-00604,Hostel Block B area la current supply illa.,hostel block b area la current supply illa,Electrical and Power,Electrical Maintenance,Medium,Hostel,Hostel Block B,0,
CMP-02024,There is a problem because the food quality is poor at North Canteen.,there is a problem because the food quality is poor at north canteen,Food and Canteen,Canteen Committee,High,Canteen,North Canteen,0,
CMP-01478,There is a problem because there is no parking space available at Route 1 Bus Stop.,there is a problem because there is no parking space available at route 1 bus stop,Transport and Parking,Transport Cell,Medium,Parking,Route 1 Bus Stop,0,
CMP-01954,There is a problem because the room door lock is broken at Hostel Room 312.,there is a problem because the room door lock is broken at hostel room 312,Hostel and Accommodation,Hostel Administration,Medium,Hostel,Hostel Room 312,0,
CMP-00488,மின்சாரம் இல்லை பிரச்சனை C-204 இடத்தில் உள்ளது.,ம ன ச ரம இல ல ப ரச சன c 204 இடத த ல உள ளத,Electrical and Power,Electrical Maintenance,Critical,Laboratory,C-204,0,
CMP-00452,Please check an unauthorized person entered the hostel area at Hostel Block B.,please check an unauthorized person entered the hostel area at hostel block b,Safety and Security,Security Office,High,Campus Road,Hostel Block B,0,
CMP-03300,Engineering Block la fan work aagala. Please check pannunga.,engineering block la fan work aagala please check pannunga,Electrical and Power,Electrical Maintenance,Medium,Classroom,Engineering Block,1,CMP-02342
CMP-02091,Examination Cell இல் பொனஃபைடு சான்றிதழ் கோரிக்கை நிலுவையில் உள்ளது. உடனடியாக நடவடிக்கை எடுக்கவும்.,examination cell இல ப னஃப ட ச ன ற தழ க ர க க ந ல வ ய ல உள ளத உடனட ய க நடவட க க எட க கவ ம,Administration and Documents,Administrative Office,Medium,Office,Examination Cell,0,
CMP-00180,Hostel Block A area la washroom tap broken ah iruku.,hostel block a area la washroom tap broken ah iruku,Water and Plumbing,Plumbing and Civil Maintenance,Medium,Hostel,Hostel Block A,0,
CMP-01253,"North Canteen la food price wrong ah iruku, immediate ah solve pannunga.",north canteen la food price wrong ah iruku immediate ah solve pannunga,Food and Canteen,Canteen Committee,High,Canteen,North Canteen,0,
CMP-02243,Hostel Mess la food price wrong ah iruku. Please check pannunga.,hostel mess la food price wrong ah iruku please check pannunga,Food and Canteen,Canteen Committee,Medium,Canteen,Hostel Mess,0,
CMP-03028,Please check the classroom bench is broken at C-101.,please check the classroom bench is broken at c 101,Classroom and Laboratory,Academic Infrastructure,Medium,Classroom,C-101,1,CMP-00024
CMP-01514,Examination Cell இல் பொனஃபைடு சான்றிதழ் கோரிக்கை நிலுவையில் உள்ளது. உடனடியாக நடவடிக்கை எடுக்கவும்.,examination cell இல ப னஃப ட ச ன ற தழ க ர க க ந ல வ ய ல உள ளத உடனட ய க நடவட க க எட க கவ ம,Administration and Documents,Administrative Office,Low,Office,Examination Cell,0,
CMP-03501,Please check the corridor light is not working at C-305.,please check the corridor light is not working at c 305,Electrical and Power,Electrical Maintenance,Medium,Classroom,C-305,1,CMP-02681
CMP-01210,"Hostel Block A la tube light flicker aagudhu, immediate ah solve pannunga.",hostel block a la tube light flicker aagudhu immediate ah solve pannunga,Electrical and Power,Electrical Maintenance,Medium,Campus Building,Hostel Block A,0,
CMP-00060,washroom clean pannala at Girls Hostel Washroom. Kindly action edunga.,washroom clean pannala at girls hostel washroom kindly action edunga,Cleanliness and Waste,Housekeeping and Sanitation,Critical,Hostel,Girls Hostel Washroom,0,
CMP-02557,Girls Hostel Block A area la cupboard lock work aagala.,girls hostel block a area la cupboard lock work aagala,Hostel and Accommodation,Hostel Administration,Medium,Hostel,Girls Hostel Block A,0,
CMP-02933,அறிவிப்பின்றி பேருந்து பாதை மாற்றப்பட்டது பிரச்சனை Route 1 Bus Stop இடத்தில் உள்ளது.,அற வ ப ப ன ற ப ர ந த ப த ம ற றப பட டத ப ரச சன route 1 bus stop இடத த ல உள ளத,Transport and Parking,Transport Cell,High,Parking,Route 1 Bus Stop,0,
CMP-01119,Student Service Centre area la marksheet correction pending la iruku.,student service centre area la marksheet correction pending la iruku,Administration and Documents,Administrative Office,Medium,Office,Student Service Centre,0,
CMP-00238,tube light flicker aagudhu at Computer Laboratory. Kindly action edunga.,tube light flicker aagudhu at computer laboratory kindly action edunga,Electrical and Power,Electrical Maintenance,Critical,Classroom,Computer Laboratory,0,
CMP-01924,Central Library Reading Hall பகுதியில் வைஃபை வேலை செய்யவில்லை. தயவுசெய்து சரிசெய்யவும்.,central library reading hall பக த ய ல வ ஃப வ ல ச ய யவ ல ல தயவ ச ய த சர ச ய யவ ம,Wi-Fi and IT Services,IT Support and Network Cell,High,Classroom,Central Library Reading Hall,0,
CMP-01999,உணவு சுகாதாரமற்றதாக உள்ளது பிரச்சனை North Canteen இடத்தில் உள்ளது.,உணவ ச க த ரமற றத க உள ளத ப ரச சன north canteen இடத த ல உள ளத,Food and Canteen,Canteen Committee,Medium,Canteen,North Canteen,0,
CMP-00631,Examination Cell la scholarship status update aagala. Please check pannunga.,examination cell la scholarship status update aagala please check pannunga,Administration and Documents,Administrative Office,Medium,Office,Examination Cell,0,
CMP-01889,food price wrong ah iruku at Hostel Mess. Kindly action edunga.,food price wrong ah iruku at hostel mess kindly action edunga,Food and Canteen,Canteen Committee,Low,Canteen,Hostel Mess,0,
CMP-00771,Please check the classroom has poor ventilation at AI Laboratory.,please check the classroom has poor ventilation at ai laboratory,Classroom and Laboratory,Academic Infrastructure,Medium,Classroom,AI Laboratory,0,
CMP-02740,தண்ணீர் வழங்கல் இல்லை பிரச்சனை Hostel Block A இடத்தில் உள்ளது.,தண ண ர வழங கல இல ல ப ரச சன hostel block a இடத த ல உள ளத,Water and Plumbing,Plumbing and Civil Maintenance,High,Canteen,Hostel Block A,0,
CMP-01857,Academic Office இல் பொனஃபைடு சான்றிதழ் கோரிக்கை நிலுவையில் உள்ளது. உடனடியாக நடவடிக்கை எடுக்கவும்.,academic office இல ப னஃப ட ச ன ற தழ க ர க க ந ல வ ய ல உள ளத உடனட ய க நடவட க க எட க கவ ம,Administration and Documents,Administrative Office,Low,Office,Academic Office,0,
CMP-02878,அறை சுத்தம் செய்யப்படவில்லை பிரச்சனை Hostel Room 312 இடத்தில் உள்ளது.,அற ச த தம ச ய யப படவ ல ல ப ரச சன hostel room 312 இடத த ல உள ளத,Hostel and Accommodation,Hostel Administration,Medium,Hostel,Hostel Room 312,0,
CMP-01677,Please check the tube light is flickering at Engineering Block.,please check the tube light is flickering at engineering block,Electrical and Power,Electrical Maintenance,Medium,Laboratory,Engineering Block,0,
CMP-03416,washroom tap broken ah iruku at Main Canteen. Kindly action edunga.,washroom tap broken ah iruku at main canteen kindly action edunga,Water and Plumbing,Plumbing and Civil Maintenance,Medium,Hostel,Main Canteen,1,CMP-02833
CMP-03852,lab equipment work aagala at AI Laboratory. Kindly action edunga.,lab equipment work aagala at ai laboratory kindly action edunga,Classroom and Laboratory,Academic Infrastructure,Medium,Classroom,AI Laboratory,1,CMP-00771
CMP-00245,food hygiene illa at Hostel Mess. Kindly action edunga.,food hygiene illa at hostel mess kindly action edunga,Food and Canteen,Canteen Committee,Low,Canteen,Hostel Mess,0,
CMP-01971,"Main Parking Area la vehicle campus entrance block pannudhu, immediate ah solve pannunga.",main parking area la vehicle campus entrance block pannudhu immediate ah solve pannunga,Transport and Parking,Transport Cell,Low,Campus Road,Main Parking Area,0,
CMP-00688,Please check the Wi-Fi is not working at AI Laboratory.,please check the wi fi is not working at ai laboratory,Wi-Fi and IT Services,IT Support and Network Cell,High,Laboratory,AI Laboratory,0,
CMP-01896,I want to report that the fee payment is not updated in the portal in Academic Office.,i want to report that the fee payment is not updated in the portal in academic office,Administration and Documents,Administrative Office,Low,Office,Academic Office,0,
CMP-02860,Urgent attention is needed because the tube light is flickering in C-204.,urgent attention is needed because the tube light is flickering in c 204,Electrical and Power,Electrical Maintenance,High,Campus Building,C-204,0,
CMP-02776,Urgent attention is needed because the bonafide certificate request is pending in Academic Office.,urgent attention is needed because the bonafide certificate request is pending in academic office,Administration and Documents,Administrative Office,Critical,Office,Academic Office,0,
CMP-00833,Scholarship Office la bonafide certificate request pending la iruku. Please check pannunga.,scholarship office la bonafide certificate request pending la iruku please check pannunga,Administration and Documents,Administrative Office,Low,Office,Scholarship Office,0,
CMP-02591,மின்விசிறி வேலை செய்யவில்லை பிரச்சனை Engineering Block இடத்தில் உள்ளது.,ம ன வ ச ற வ ல ச ய யவ ல ல ப ரச சன engineering block இடத த ல உள ளத,Electrical and Power,Electrical Maintenance,High,Laboratory,Engineering Block,0,
CMP-00837,Hostel Block A area la lab computer network connect aagala.,hostel block a area la lab computer network connect aagala,Wi-Fi and IT Services,IT Support and Network Cell,High,Classroom,Hostel Block A,0,
CMP-01938,C-204 இல் மின்சாரம் இல்லை. உடனடியாக நடவடிக்கை எடுக்கவும்.,c 204 இல ம ன ச ரம இல ல உடனட ய க நடவட க க எட க கவ ம,Electrical and Power,Electrical Maintenance,High,Classroom,C-204,0,
CMP-00497,Main Canteen இல் உணவு சுகாதாரமற்றதாக உள்ளது. உடனடியாக நடவடிக்கை எடுக்கவும்.,main canteen இல உணவ ச க த ரமற றத க உள ளத உடனட ய க நடவட க க எட க கவ ம,Food and Canteen,Canteen Committee,Low,Canteen,Main Canteen,0,
CMP-01800,Please check the student portal is not loading at Hostel Block B.,please check the student portal is not loading at hostel block b,Wi-Fi and IT Services,IT Support and Network Cell,Low,Laboratory,Hostel Block B,0,
CMP-03281,உணவின் தரம் மோசமாக உள்ளது பிரச்சனை Hostel Mess இடத்தில் உள்ளது.,உணவ ன தரம ம சம க உள ளத ப ரச சன hostel mess இடத த ல உள ளத,Food and Canteen,Canteen Committee,Low,Canteen,Hostel Mess,1,CMP-00245
CMP-03470,Urgent attention is needed because the drinking water dispenser is not working in Hostel Mess.,urgent attention is needed because the drinking water dispenser is not working in hostel mess,Food and Canteen,Canteen Committee,Medium,Canteen,Hostel Mess,1,CMP-02243
CMP-01585,I want to report that the projector is not displaying in Computer Laboratory.,i want to report that the projector is not displaying in computer laboratory,Classroom and Laboratory,Academic Infrastructure,Critical,Classroom,Computer Laboratory,0,
CMP-01976,I want to report that the internet connection is very slow in Computer Laboratory.,i want to report that the internet connection is very slow in computer laboratory,Wi-Fi and IT Services,IT Support and Network Cell,Medium,Hostel,Computer Laboratory,0,
CMP-01238,Please check an unauthorized person entered the hostel area at Hostel Block B.,please check an unauthorized person entered the hostel area at hostel block b,Safety and Security,Security Office,Low,Hostel,Hostel Block B,0,
CMP-00017,Urgent attention is needed because the marksheet correction request is pending in Academic Office.,urgent attention is needed because the marksheet correction request is pending in academic office,Administration and Documents,Administrative Office,High,Office,Academic Office,0,
CMP-01464,I want to report that the ceiling fan is not working in C-204.,i want to report that the ceiling fan is not working in c 204,Electrical and Power,Electrical Maintenance,Medium,Laboratory,C-204,0,
CMP-01852,Please check the washroom tap is broken at Engineering Block.,please check the washroom tap is broken at engineering block,Water and Plumbing,Plumbing and Civil Maintenance,Low,Hostel,Engineering Block,0,
CMP-00884,I want to report that the fee payment is not updated in the portal in Scholarship Office.,i want to report that the fee payment is not updated in the portal in scholarship office,Administration and Documents,Administrative Office,Medium,Office,Scholarship Office,0,
CMP-00693,Please check the canteen service is very slow at Hostel Mess.,please check the canteen service is very slow at hostel mess,Food and Canteen,Canteen Committee,High,Canteen,Hostel Mess,0,
CMP-01681,Route 3 Bus Stop இல் நிறுத்துமிடம் கிடைக்கவில்லை. உடனடியாக நடவடிக்கை எடுக்கவும்.,route 3 bus stop இல ந ற த த ம டம க ட க கவ ல ல உடனட ய க நடவட க க எட க கவ ம,Transport and Parking,Transport Cell,High,Parking,Route 3 Bus Stop,0,
CMP-02639,North Canteen இல் உணவின் தரம் மோசமாக உள்ளது. உடனடியாக நடவடிக்கை எடுக்கவும்.,north canteen இல உணவ ன தரம ம சம க உள ளத உடனட ய க நடவட க க எட க கவ ம,Food and Canteen,Canteen Committee,Medium,Canteen,North Canteen,0,
CMP-00483,Central Library பகுதியில் மாணவர் தளம் திறக்கவில்லை. தயவுசெய்து சரிசெய்யவும்.,central library பக த ய ல ம ணவர தளம த றக கவ ல ல தயவ ச ய த சர ச ய யவ ம,Wi-Fi and IT Services,IT Support and Network Cell,Low,Library,Central Library,0,
CMP-00778,"Examination Cell la ID card request delay aagudhu, immediate ah solve pannunga.",examination cell la id card request delay aagudhu immediate ah solve pannunga,Administration and Documents,Administrative Office,Medium,Office,Examination Cell,0,
CMP-03830,Student Service Centre பகுதியில் கட்டண செலுத்துதல் தளத்தில் புதுப்பிக்கப்படவில்லை. தயவுசெய்து சரிசெய்யவும்.,student service centre பக த ய ல கட டண ச ல த த தல தளத த ல ப த ப ப க கப படவ ல ல தயவ ச ய த சர ச ய யவ ம,Administration and Documents,Administrative Office,Medium,Office,Student Service Centre,1,CMP-01119
CMP-02926,உணவு சுகாதாரமற்றதாக உள்ளது பிரச்சனை North Canteen இடத்தில் உள்ளது.,உணவ ச க த ரமற றத க உள ளத ப ரச சன north canteen இடத த ல உள ளத,Food and Canteen,Canteen Committee,High,Canteen,North Canteen,0,
CMP-01108,Library Entrance la campus street light work aagala. Please check pannunga.,library entrance la campus street light work aagala please check pannunga,Safety and Security,Security Office,Critical,Campus Building,Library Entrance,0,
CMP-03438,drinking water dispenser work aagala at North Canteen. Kindly action edunga.,drinking water dispenser work aagala at north canteen kindly action edunga,Food and Canteen,Canteen Committee,High,Canteen,North Canteen,1,CMP-02926
CMP-00872,Electronics Laboratory area la classroom bench broken ah iruku.,electronics laboratory area la classroom bench broken ah iruku,Classroom and Laboratory,Academic Infrastructure,High,Laboratory,Electronics Laboratory,0,
CMP-03417,There is a problem because the marksheet correction request is pending at Scholarship Office.,there is a problem because the marksheet correction request is pending at scholarship office,Administration and Documents,Administrative Office,Low,Office,Scholarship Office,1,CMP-00833
CMP-03089,Academic Office la fee payment portal la update aagala. Please check pannunga.,academic office la fee payment portal la update aagala please check pannunga,Administration and Documents,Administrative Office,Critical,Office,Academic Office,1,CMP-02776
CMP-02439,Computer Laboratory பகுதியில் மின்விசிறி வேலை செய்யவில்லை. தயவுசெய்து சரிசெய்யவும்.,computer laboratory பக த ய ல ம ன வ ச ற வ ல ச ய யவ ல ல தயவ ச ய த சர ச ய யவ ம,Electrical and Power,Electrical Maintenance,Medium,Classroom,Computer Laboratory,0,
CMP-02216,There is a problem because the projector is not displaying at C-101.,there is a problem because the projector is not displaying at c 101,Classroom and Laboratory,Academic Infrastructure,Critical,Classroom,C-101,0,
CMP-00726,I want to report that garbage has accumulated in Library Washroom.,i want to report that garbage has accumulated in library washroom,Cleanliness and Waste,Housekeeping and Sanitation,Low,Canteen,Library Washroom,0,
CMP-02850,Please check the toilet is blocked at Hostel Block B.,please check the toilet is blocked at hostel block b,Water and Plumbing,Plumbing and Civil Maintenance,Medium,Canteen,Hostel Block B,0,
CMP-02236,Main Canteen பகுதியில் கேன்டீன் சேவை மிகவும் மெதுவாக உள்ளது. தயவுசெய்து சரிசெய்யவும்.,main canteen பக த ய ல க ன ட ன ச வ ம கவ ம ம த வ க உள ளத தயவ ச ய த சர ச ய யவ ம,Food and Canteen,Canteen Committee,High,Canteen,Main Canteen,0,
CMP-01598,AI Laboratory la classroom bench broken ah iruku. Please check pannunga.,ai laboratory la classroom bench broken ah iruku please check pannunga,Classroom and Laboratory,Academic Infrastructure,Critical,Laboratory,AI Laboratory,0,
CMP-03509,Hostel Block A இல் மாணவர் தளம் திறக்கவில்லை. உடனடியாக நடவடிக்கை எடுக்கவும்.,hostel block a இல ம ணவர தளம த றக கவ ல ல உடனட ய க நடவட க க எட க கவ ம,Wi-Fi and IT Services,IT Support and Network Cell,High,Classroom,Hostel Block A,1,CMP-00837
CMP-01531,Parking Area இல் நடைபாதை அழுக்காக உள்ளது. உடனடியாக நடவடிக்கை எடுக்கவும்.,parking area இல நட ப த அழ க க க உள ளத உடனட ய க நடவட க க எட க கவ ம,Cleanliness and Waste,Housekeeping and Sanitation,High,Campus Road,Parking Area,0,
CMP-01870,pipe la water leak aagudhu at Main Canteen. Kindly action edunga.,pipe la water leak aagudhu at main canteen kindly action edunga,Water and Plumbing,Plumbing and Civil Maintenance,Low,Canteen,Main Canteen,0,
CMP-03503,Scholarship Office இல் அடையாள அட்டை கோரிக்கை தாமதமாகிறது. உடனடியாக நடவடிக்கை எடுக்கவும்.,scholarship office இல அட ய ள அட ட க ர க க த மதம க றத உடனட ய க நடவட க க எட க கவ ம,Administration and Documents,Administrative Office,Medium,Office,Scholarship Office,1,CMP-00884
CMP-03457,Please check the fee payment is not updated in the portal at Examination Cell.,please check the fee payment is not updated in the portal at examination cell,Administration and Documents,Administrative Office,Medium,Office,Examination Cell,1,CMP-00778
CMP-00983,"Accounts Office la scholarship status update aagala, immediate ah solve pannunga.",accounts office la scholarship status update aagala immediate ah solve pannunga,Administration and Documents,Administrative Office,Medium,Office,Accounts Office,0,
CMP-01506,There is a problem because the internet connection is very slow at Hostel Block B.,there is a problem because the internet connection is very slow at hostel block b,Wi-Fi and IT Services,IT Support and Network Cell,High,Classroom,Hostel Block B,0,
CMP-02142,Computer Laboratory பகுதியில் வைஃபை வேலை செய்யவில்லை. தயவுசெய்து சரிசெய்யவும்.,computer laboratory பக த ய ல வ ஃப வ ல ச ய யவ ல ல தயவ ச ய த சர ச ய யவ ம,Wi-Fi and IT Services,IT Support and Network Cell,Medium,Hostel,Computer Laboratory,0,
CMP-00737,Urgent attention is needed because garbage has accumulated in Main Canteen.,urgent attention is needed because garbage has accumulated in main canteen,Cleanliness and Waste,Housekeeping and Sanitation,Medium,Canteen,Main Canteen,0,
CMP-03005,C-204 la current supply illa. Please check pannunga.,c 204 la current supply illa please check pannunga,Electrical and Power,Electrical Maintenance,High,Classroom,C-204,1,CMP-01938
CMP-00346,Scholarship Office la ID card request delay aagudhu. Please check pannunga.,scholarship office la id card request delay aagudhu please check pannunga,Administration and Documents,Administrative Office,Low,Office,Scholarship Office,0,
CMP-00971,I want to report that the fee payment is not updated in the portal in Accounts Office.,i want to report that the fee payment is not updated in the portal in accounts office,Administration and Documents,Administrative Office,Medium,Office,Accounts Office,0,
CMP-02365,Hostel Block B la glass panel broken ah iruku. Please check pannunga.,hostel block b la glass panel broken ah iruku please check pannunga,Safety and Security,Security Office,Medium,Hostel,Hostel Block B,0,
CMP-01233,North Canteen area la food quality poor ah iruku.,north canteen area la food quality poor ah iruku,Food and Canteen,Canteen Committee,High,Canteen,North Canteen,0,
CMP-00438,I want to report that the room has a damaged window in Boys Hostel Block B.,i want to report that the room has a damaged window in boys hostel block b,Hostel and Accommodation,Hostel Administration,High,Hostel,Boys Hostel Block B,0,
CMP-00517,Urgent attention is needed because the bus route was changed without notice in Main Parking Area.,urgent attention is needed because the bus route was changed without notice in main parking area,Transport and Parking,Transport Cell,Medium,Parking,Main Parking Area,0,
CMP-00343,switch damage aagiruku at C-204. Kindly action edunga.,switch damage aagiruku at c 204 kindly action edunga,Electrical and Power,Electrical Maintenance,Medium,Hostel,C-204,0,
CMP-00014,I want to report that the ceiling fan is not working in Hostel Block A.,i want to report that the ceiling fan is not working in hostel block a,Electrical and Power,Electrical Maintenance,High,Classroom,Hostel Block A,0,
CMP-01235,"Engineering Block la switch damage aagiruku, immediate ah solve pannunga.",engineering block la switch damage aagiruku immediate ah solve pannunga,Electrical and Power,Electrical Maintenance,Medium,Classroom,Engineering Block,0,
CMP-02008,Please check the Wi-Fi is not working at Central Library.,please check the wi fi is not working at central library,Wi-Fi and IT Services,IT Support and Network Cell,Medium,Library,Central Library,0,
CMP-00342,Campus Road area la unauthorized person hostel area la vandhirukanga.,campus road area la unauthorized person hostel area la vandhirukanga,Safety and Security,Security Office,High,Hostel,Campus Road,0,
CMP-00282,"Hostel Mess la food hygiene illa, immediate ah solve pannunga.",hostel mess la food hygiene illa immediate ah solve pannunga,Food and Canteen,Canteen Committee,High,Canteen,Hostel Mess,0,
CMP-01219,கட்டண செலுத்துதல் தளத்தில் புதுப்பிக்கப்படவில்லை பிரச்சனை Scholarship Office இடத்தில் உள்ளது.,கட டண ச ல த த தல தளத த ல ப த ப ப க கப படவ ல ல ப ரச சன scholarship office இடத த ல உள ளத,Administration and Documents,Administrative Office,Low,Office,Scholarship Office,0,
CMP-00990,I want to report that the student portal is not loading in Hostel Block B.,i want to report that the student portal is not loading in hostel block b,Wi-Fi and IT Services,IT Support and Network Cell,Low,Hostel,Hostel Block B,0,
CMP-01192,Please check the washroom has not been cleaned at Academic Block Corridor.,please check the washroom has not been cleaned at academic block corridor,Cleanliness and Waste,Housekeeping and Sanitation,High,Hostel,Academic Block Corridor,0,
CMP-03606,உணவின் விலை தவறாக உள்ளது பிரச்சனை North Canteen இடத்தில் உள்ளது.,உணவ ன வ ல தவற க உள ளத ப ரச சன north canteen இடத த ல உள ளத,Food and Canteen,Canteen Committee,High,Canteen,North Canteen,1,CMP-01233
CMP-02028,Examination Cell இல் அடையாள அட்டை கோரிக்கை தாமதமாகிறது. உடனடியாக நடவடிக்கை எடுக்கவும்.,examination cell இல அட ய ள அட ட க ர க க த மதம க றத உடனட ய க நடவட க க எட க கவ ம,Administration and Documents,Administrative Office,Medium,Office,Examination Cell,0,
CMP-00170,Library Washroom பகுதியில் நடைபாதை அழுக்காக உள்ளது. தயவுசெய்து சரிசெய்யவும்.,library washroom பக த ய ல நட ப த அழ க க க உள ளத தயவ ச ய த சர ச ய யவ ம,Cleanliness and Waste,Housekeeping and Sanitation,Low,Canteen,Library Washroom,0,
CMP-03602,Library Washroom area la dustbin overflow aagudhu.,library washroom area la dustbin overflow aagudhu,Cleanliness and Waste,Housekeeping and Sanitation,Low,Canteen,Library Washroom,1,CMP-00170
CMP-01851,Academic Office பகுதியில் அடையாள அட்டை கோரிக்கை தாமதமாகிறது. தயவுசெய்து சரிசெய்யவும்.,academic office பக த ய ல அட ய ள அட ட க ர க க த மதம க றத தயவ ச ய த சர ச ய யவ ம,Administration and Documents,Administrative Office,High,Office,Academic Office,0,
CMP-02058,AI Laboratory பகுதியில் வைஃபை வேலை செய்யவில்லை. தயவுசெய்து சரிசெய்யவும்.,ai laboratory பக த ய ல வ ஃப வ ல ச ய யவ ல ல தயவ ச ய த சர ச ய யவ ம,Wi-Fi and IT Services,IT Support and Network Cell,Medium,Classroom,AI Laboratory,0,
CMP-02800,garbage accumulate aagiruku at Academic Block Corridor. Kindly action edunga.,garbage accumulate aagiruku at academic block corridor kindly action edunga,Cleanliness and Waste,Housekeeping and Sanitation,Medium,Canteen,Academic Block Corridor,0,
CMP-01009,There is a problem because the canteen service is very slow at North Canteen.,there is a problem because the canteen service is very slow at north canteen,Food and Canteen,Canteen Committee,Medium,Canteen,North Canteen,0,
CMP-00413,பொனஃபைடு சான்றிதழ் கோரிக்கை நிலுவையில் உள்ளது பிரச்சனை Accounts Office இடத்தில் உள்ளது.,ப னஃப ட ச ன ற தழ க ர க க ந ல வ ய ல உள ளத ப ரச சன accounts office இடத த ல உள ளத,Administration and Documents,Administrative Office,Medium,Office,Accounts Office,0,
CMP-03248,கட்டண செலுத்துதல் தளத்தில் புதுப்பிக்கப்படவில்லை பிரச்சனை Accounts Office இடத்தில் உள்ளது.,கட டண ச ல த த தல தளத த ல ப த ப ப க கப படவ ல ல ப ரச சன accounts office இடத த ல உள ளத,Administration and Documents,Administrative Office,Medium,Office,Accounts Office,1,CMP-00971
CMP-03138,Please check an unauthorized person entered the hostel area at Hostel Block B.,please check an unauthorized person entered the hostel area at hostel block b,Safety and Security,Security Office,Medium,Hostel,Hostel Block B,1,CMP-02365
CMP-03489,Scholarship Office பகுதியில் பொனஃபைடு சான்றிதழ் கோரிக்கை நிலுவையில் உள்ளது. தயவுசெய்து சரிசெய்யவும்.,scholarship office பக த ய ல ப னஃப ட ச ன ற தழ க ர க க ந ல வ ய ல உள ளத தயவ ச ய த சர ச ய யவ ம,Administration and Documents,Administrative Office,Low,Office,Scholarship Office,1,CMP-00346
CMP-00378,குழல் விளக்கு மின்னுகிறது பிரச்சனை C-305 இடத்தில் உள்ளது.,க ழல வ ளக க ம ன ன க றத ப ரச சன c 305 இடத த ல உள ளத,Electrical and Power,Electrical Maintenance,Medium,Laboratory,C-305,0,
CMP-00738,Boys Hostel Block A area la mattress damage aagiruku.,boys hostel block a area la mattress damage aagiruku,Hostel and Accommodation,Hostel Administration,Low,Hostel,Boys Hostel Block A,0,
CMP-02599,I want to report that the student portal is not loading in Central Library.,i want to report that the student portal is not loading in central library,Wi-Fi and IT Services,IT Support and Network Cell,High,Classroom,Central Library,0,
CMP-03339,Central Library பகுதியில் வைஃபை வேலை செய்யவில்லை. தயவுசெய்து சரிசெய்யவும்.,central library பக த ய ல வ ஃப வ ல ச ய யவ ல ல தயவ ச ய த சர ச ய யவ ம,Wi-Fi and IT Services,IT Support and Network Cell,Medium,Library,Central Library,1,CMP-02008
CMP-00937,dustbin overflow aagudhu at Academic Block Corridor. Kindly action edunga.,dustbin overflow aagudhu at academic block corridor kindly action edunga,Cleanliness and Waste,Housekeeping and Sanitation,Medium,Canteen,Academic Block Corridor,0,
CMP-02889,Urgent attention is needed because the scholarship application status is not updated in Scholarship Office.,urgent attention is needed because the scholarship application status is not updated in scholarship office,Administration and Documents,Administrative Office,Medium,Office,Scholarship Office,0,
CMP-02472,There is a problem because the washroom tap is broken at Hostel Block B.,there is a problem because the washroom tap is broken at hostel block b,Water and Plumbing,Plumbing and Civil Maintenance,High,Canteen,Hostel Block B,0,
CMP-03467,Boys Hostel Block B பகுதியில் மெத்தை சேதமடைந்துள்ளது. தயவுசெய்து சரிசெய்யவும்.,boys hostel block b பக த ய ல ம த த ச தமட ந த ள ளத தயவ ச ய த சர ச ய யவ ம,Hostel and Accommodation,Hostel Administration,High,Hostel,Boys Hostel Block B,1,CMP-00438
CMP-03803,Hostel Block A la current supply illa. Please check pannunga.,hostel block a la current supply illa please check pannunga,Electrical and Power,Electrical Maintenance,High,Classroom,Hostel Block A,1,CMP-00014
CMP-00659,electrical panel pakkathula water leak aagudhu at Engineering Block. Kindly action edunga.,electrical panel pakkathula water leak aagudhu at engineering block kindly action edunga,Safety and Security,Security Office,Critical,Campus Road,Engineering Block,0,
CMP-02803,Urgent attention is needed because the food appears unhygienic in Hostel Mess.,urgent attention is needed because the food appears unhygienic in hostel mess,Food and Canteen,Canteen Committee,High,Canteen,Hostel Mess,0,
CMP-00961,C-305 பகுதியில் குழல் விளக்கு மின்னுகிறது. தயவுசெய்து சரிசெய்யவும்.,c 305 பக த ய ல க ழல வ ளக க ம ன ன க றத தயவ ச ய த சர ச ய யவ ம,Electrical and Power,Electrical Maintenance,Low,Hostel,C-305,0,
CMP-01098,"Scholarship Office la bonafide certificate request pending la iruku, immediate ah solve pannunga.",scholarship office la bonafide certificate request pending la iruku immediate ah solve pannunga,Administration and Documents,Administrative Office,High,Office,Scholarship Office,0,
CMP-03895,"Examination Cell la bonafide certificate request pending la iruku, immediate ah solve pannunga.",examination cell la bonafide certificate request pending la iruku immediate ah solve pannunga,Administration and Documents,Administrative Office,Medium,Office,Examination Cell,1,CMP-02028
CMP-03077,Hostel Mess இல் உணவு சுகாதாரமற்றதாக உள்ளது. உடனடியாக நடவடிக்கை எடுக்கவும்.,hostel mess இல உணவ ச க த ரமற றத க உள ளத உடனட ய க நடவட க க எட க கவ ம,Food and Canteen,Canteen Committee,High,Canteen,Hostel Mess,1,CMP-02803
CMP-01050,There is a problem because garbage has accumulated at Academic Block Corridor.,there is a problem because garbage has accumulated at academic block corridor,Cleanliness and Waste,Housekeeping and Sanitation,Medium,Canteen,Academic Block Corridor,0,
CMP-02093,Academic Office பகுதியில் உதவித்தொகை நிலை புதுப்பிக்கப்படவில்லை. தயவுசெய்து சரிசெய்யவும்.,academic office பக த ய ல உதவ த த க ந ல ப த ப ப க கப படவ ல ல தயவ ச ய த சர ச ய யவ ம,Administration and Documents,Administrative Office,Medium,Office,Academic Office,0,
CMP-01923,Urgent attention is needed because the corridor is dirty in Girls Hostel Washroom.,urgent attention is needed because the corridor is dirty in girls hostel washroom,Cleanliness and Waste,Housekeeping and Sanitation,Medium,Hostel,Girls Hostel Washroom,0,
CMP-02571,I want to report that the projector is not displaying in C-305.,i want to report that the projector is not displaying in c 305,Classroom and Laboratory,Academic Infrastructure,High,Classroom,C-305,0,
CMP-00430,Please check the mattress is damaged at Girls Hostel Block B.,please check the mattress is damaged at girls hostel block b,Hostel and Accommodation,Hostel Administration,Low,Hostel,Girls Hostel Block B,0,
CMP-00550,"Hostel Mess la food price wrong ah iruku, immediate ah solve pannunga.",hostel mess la food price wrong ah iruku immediate ah solve pannunga,Food and Canteen,Canteen Committee,Critical,Canteen,Hostel Mess,0,
CMP-03252,Scholarship Office area la fee payment portal la update aagala.,scholarship office area la fee payment portal la update aagala,Administration and Documents,Administrative Office,Medium,Office,Scholarship Office,1,CMP-02889
CMP-02716,There is a problem because the ERP login is failing at Hostel Block A.,there is a problem because the erp login is failing at hostel block a,Wi-Fi and IT Services,IT Support and Network Cell,Medium,Classroom,Hostel Block A,0,
CMP-00389,There is a problem because the classroom has poor ventilation at C-101.,there is a problem because the classroom has poor ventilation at c 101,Classroom and Laboratory,Academic Infrastructure,Medium,Laboratory,C-101,0,
CMP-00351,Please check the toilet is blocked at Hostel Block A.,please check the toilet is blocked at hostel block a,Water and Plumbing,Plumbing and Civil Maintenance,Low,Hostel,Hostel Block A,0,
CMP-03760,"Girls Hostel Block B la mattress damage aagiruku, immediate ah solve pannunga.",girls hostel block b la mattress damage aagiruku immediate ah solve pannunga,Hostel and Accommodation,Hostel Administration,Low,Hostel,Girls Hostel Block B,1,CMP-00430
CMP-03711,Academic Block Corridor பகுதியில் கழிவறை சுத்தம் செய்யப்படவில்லை. தயவுசெய்து சரிசெய்யவும்.,academic block corridor பக த ய ல கழ வற ச த தம ச ய யப படவ ல ல தயவ ச ய த சர ச ய யவ ம,Cleanliness and Waste,Housekeeping and Sanitation,Medium,Canteen,Academic Block Corridor,1,CMP-02800
CMP-01853,Library Entrance பகுதியில் வளாக தெருவிளக்கு வேலை செய்யவில்லை. தயவுசெய்து சரிசெய்யவும்.,library entrance பக த ய ல வள க த ர வ ளக க வ ல ச ய யவ ல ல தயவ ச ய த சர ச ய யவ ம,Safety and Security,Security Office,Critical,Hostel,Library Entrance,0,
CMP-02892,I want to report that the bus is overcrowded in Main Parking Area.,i want to report that the bus is overcrowded in main parking area,Transport and Parking,Transport Cell,Medium,Parking,Main Parking Area,0,
CMP-03573,Hostel Block A இல் கழிவறை அடைத்துள்ளது. உடனடியாக நடவடிக்கை எடுக்கவும்.,hostel block a இல கழ வற அட த த ள ளத உடனட ய க நடவட க க எட க கவ ம,Water and Plumbing,Plumbing and Civil Maintenance,Low,Hostel,Hostel Block A,1,CMP-00351
CMP-02653,"AI Laboratory la wifi work aagala, immediate ah solve pannunga.",ai laboratory la wifi work aagala immediate ah solve pannunga,Wi-Fi and IT Services,IT Support and Network Cell,High,Classroom,AI Laboratory,0,
CMP-01207,Please check the water tank is overflowing at Girls Hostel Washroom.,please check the water tank is overflowing at girls hostel washroom,Water and Plumbing,Plumbing and Civil Maintenance,Medium,Campus Building,Girls Hostel Washroom,0,
CMP-02612,Hostel Block A இல் மின்விசிறி வேலை செய்யவில்லை. உடனடியாக நடவடிக்கை எடுக்கவும்.,hostel block a இல ம ன வ ச ற வ ல ச ய யவ ல ல உடனட ய க நடவட க க எட க கவ ம,Electrical and Power,Electrical Maintenance,Medium,Classroom,Hostel Block A,0,
CMP-00392,There is a problem because the dustbin is overflowing at Girls Hostel Washroom.,there is a problem because the dustbin is overflowing at girls hostel washroom,Cleanliness and Waste,Housekeeping and Sanitation,Medium,Hostel,Girls Hostel Washroom,0,
CMP-01250,North Canteen la canteen service romba slow ah iruku. Please check pannunga.,north canteen la canteen service romba slow ah iruku please check pannunga,Food and Canteen,Canteen Committee,Low,Canteen,North Canteen,0,
CMP-00691,"Accounts Office la bonafide certificate request pending la iruku, immediate ah solve pannunga.",accounts office la bonafide certificate request pending la iruku immediate ah solve pannunga,Administration and Documents,Administrative Office,Medium,Office,Accounts Office,0,
CMP-01988,Please check the laboratory computer cannot access the network at Hostel Block B.,please check the laboratory computer cannot access the network at hostel block b,Wi-Fi and IT Services,IT Support and Network Cell,High,Library,Hostel Block B,0,
CMP-03779,C-305 இல் ப்ரொஜெக்டர் காட்சி அளிக்கவில்லை. உடனடியாக நடவடிக்கை எடுக்கவும்.,c 305 இல ப ர ஜ க டர க ட ச அள க கவ ல ல உடனட ய க நடவட க க எட க கவ ம,Classroom and Laboratory,Academic Infrastructure,High,Classroom,C-305,1,CMP-02571
CMP-03308,Girls Hostel Washroom area la corridor dirty ah iruku.,girls hostel washroom area la corridor dirty ah iruku,Cleanliness and Waste,Housekeeping and Sanitation,Medium,Hostel,Girls Hostel Washroom,1,CMP-01923
CMP-00301,There is a problem because the cupboard lock is not working at Boys Hostel Block A.,there is a problem because the cupboard lock is not working at boys hostel block a,Hostel and Accommodation,Hostel Administration,Medium,Hostel,Boys Hostel Block A,0,
CMP-02042,water supply varala at Hostel Block B. Kindly action edunga.,water supply varala at hostel block b kindly action edunga,Water and Plumbing,Plumbing and Civil Maintenance,High,Campus Building,Hostel Block B,0,
CMP-00025,Route 1 Bus Stop la vehicle campus entrance block pannudhu. Please check pannunga.,route 1 bus stop la vehicle campus entrance block pannudhu please check pannunga,Transport and Parking,Transport Cell,Low,Campus Road,Route 1 Bus Stop,0,
CMP-02074,I want to report that the projector is not displaying in Electronics Laboratory.,i want to report that the projector is not displaying in electronics laboratory,Classroom and Laboratory,Academic Infrastructure,Critical,Laboratory,Electronics Laboratory,0,
CMP-03623,classroom ventilation poor ah iruku at Electronics Laboratory. Kindly action edunga.,classroom ventilation poor ah iruku at electronics laboratory kindly action edunga,Classroom and Laboratory,Academic Infrastructure,Critical,Laboratory,Electronics Laboratory,1,CMP-02074
CMP-00375,Computer Laboratory பகுதியில் மின்விசிறி வேலை செய்யவில்லை. தயவுசெய்து சரிசெய்யவும்.,computer laboratory பக த ய ல ம ன வ ச ற வ ல ச ய யவ ல ல தயவ ச ய த சர ச ய யவ ம,Electrical and Power,Electrical Maintenance,Low,Hostel,Computer Laboratory,0,
CMP-00541,Please check the room door lock is broken at Girls Hostel Block B.,please check the room door lock is broken at girls hostel block b,Hostel and Accommodation,Hostel Administration,High,Hostel,Girls Hostel Block B,0,
CMP-01306,Computer Laboratory la internet romba slow ah iruku. Please check pannunga.,computer laboratory la internet romba slow ah iruku please check pannunga,Wi-Fi and IT Services,IT Support and Network Cell,High,Classroom,Computer Laboratory,0,
CMP-00494,"Hostel Block B la tube light flicker aagudhu, immediate ah solve pannunga.",hostel block b la tube light flicker aagudhu immediate ah solve pannunga,Electrical and Power,Electrical Maintenance,High,Laboratory,Hostel Block B,0,
CMP-00426,Please check water is leaking near an electrical panel at Main Gate.,please check water is leaking near an electrical panel at main gate,Safety and Security,Security Office,Critical,Hostel,Main Gate,0,
CMP-02893,I want to report that the projector is not displaying in C-204.,i want to report that the projector is not displaying in c 204,Classroom and Laboratory,Academic Infrastructure,High,Laboratory,C-204,0,
CMP-00695,Please check the air conditioner is not working at C-305.,please check the air conditioner is not working at c 305,Classroom and Laboratory,Academic Infrastructure,Medium,Laboratory,C-305,0,
CMP-02586,மின்விசிறி வேலை செய்யவில்லை பிரச்சனை Hostel Block A இடத்தில் உள்ளது.,ம ன வ ச ற வ ல ச ய யவ ல ல ப ரச சன hostel block a இடத த ல உள ளத,Electrical and Power,Electrical Maintenance,High,Classroom,Hostel Block A,0,
CMP-02431,Urgent attention is needed because water is leaking near an electrical panel in Hostel Block B.,urgent attention is needed because water is leaking near an electrical panel in hostel block b,Safety and Security,Security Office,High,Campus Building,Hostel Block B,0,
CMP-00560,Girls Hostel Washroom இல் நடைபாதை அழுக்காக உள்ளது. உடனடியாக நடவடிக்கை எடுக்கவும்.,girls hostel washroom இல நட ப த அழ க க க உள ளத உடனட ய க நடவட க க எட க கவ ம,Cleanliness and Waste,Housekeeping and Sanitation,High,Washroom,Girls Hostel Washroom,0,
CMP-00038,I want to report that there is no parking space available in Route 3 Bus Stop.,i want to report that there is no parking space available in route 3 bus stop,Transport and Parking,Transport Cell,Medium,Campus Road,Route 3 Bus Stop,0,
CMP-00339,I want to report that garbage has accumulated in Main Canteen.,i want to report that garbage has accumulated in main canteen,Cleanliness and Waste,Housekeeping and Sanitation,Medium,Campus Road,Main Canteen,0,
CMP-02374,I want to report that the washroom has not been cleaned in Parking Area.,i want to report that the washroom has not been cleaned in parking area,Cleanliness and Waste,Housekeeping and Sanitation,High,Washroom,Parking Area,0,
CMP-00264,"Electronics Laboratory la lab equipment work aagala, immediate ah solve pannunga.",electronics laboratory la lab equipment work aagala immediate ah solve pannunga,Classroom and Laboratory,Academic Infrastructure,High,Laboratory,Electronics Laboratory,0,
CMP-01052,Girls Hostel Block B area la room door lock broken ah iruku.,girls hostel block b area la room door lock broken ah iruku,Hostel and Accommodation,Hostel Administration,Medium,Hostel,Girls Hostel Block B,0,
CMP-00035,Library Entrance area la staircase railing loose ah iruku.,library entrance area la staircase railing loose ah iruku,Safety and Security,Security Office,Critical,Campus Building,Library Entrance,0,
CMP-03537,Hostel Block A area la switch damage aagiruku.,hostel block a area la switch damage aagiruku,Electrical and Power,Electrical Maintenance,High,Classroom,Hostel Block A,1,CMP-02586
CMP-03045,Main Gate la campus street light work aagala. Please check pannunga.,main gate la campus street light work aagala please check pannunga,Safety and Security,Security Office,Critical,Hostel,Main Gate,1,CMP-00426
CMP-02713,There is a problem because the internet connection is very slow at Central Library Reading Hall.,there is a problem because the internet connection is very slow at central library reading hall,Wi-Fi and IT Services,IT Support and Network Cell,High,Library,Central Library Reading Hall,0,
CMP-01712,Please check the food appears unhygienic at Main Canteen.,please check the food appears unhygienic at main canteen,Food and Canteen,Canteen Committee,Low,Canteen,Main Canteen,0,
CMP-01656,Urgent attention is needed because the dustbin is overflowing in Main Canteen.,urgent attention is needed because the dustbin is overflowing in main canteen,Cleanliness and Waste,Housekeeping and Sanitation,Medium,Campus Road,Main Canteen,0,
CMP-00462,There is a problem because the room door lock is broken at Hostel Room 214.,there is a problem because the room door lock is broken at hostel room 214,Hostel and Accommodation,Hostel Administration,Low,Hostel,Hostel Room 214,0,
CMP-02320,There is a problem because the bonafide certificate request is pending at Examination Cell.,there is a problem because the bonafide certificate request is pending at examination cell,Administration and Documents,Administrative Office,Medium,Office,Examination Cell,0,
CMP-00819,There is a problem because the mattress is damaged at Boys Hostel Block A.,there is a problem because the mattress is damaged at boys hostel block a,Hostel and Accommodation,Hostel Administration,Medium,Hostel,Boys Hostel Block A,0,
CMP-01632,Hostel Block A இல் ஈஆர்பி உள்நுழைவு தோல்வியடைந்தது. உடனடியாக நடவடிக்கை எடுக்கவும்.,hostel block a இல ஈஆர ப உள ந ழ வ த ல வ யட ந தத உடனட ய க நடவட க க எட க கவ ம,Wi-Fi and IT Services,IT Support and Network Cell,Low,Classroom,Hostel Block A,0,
CMP-02186,குழல் விளக்கு மின்னுகிறது பிரச்சனை C-204 இடத்தில் உள்ளது.,க ழல வ ளக க ம ன ன க றத ப ரச சன c 204 இடத த ல உள ளத,Electrical and Power,Electrical Maintenance,Low,Hostel,C-204,0,
CMP-02057,I want to report that the student portal is not loading in Central Library.,i want to report that the student portal is not loading in central library,Wi-Fi and IT Services,IT Support and Network Cell,Low,Laboratory,Central Library,0,
CMP-03657,C-204 area la classroom ventilation poor ah iruku.,c 204 area la classroom ventilation poor ah iruku,Classroom and Laboratory,Academic Infrastructure,High,Laboratory,C-204,1,CMP-02893
CMP-03498,Examination Cell la scholarship status update aagala. Please check pannunga.,examination cell la scholarship status update aagala please check pannunga,Administration and Documents,Administrative Office,Medium,Office,Examination Cell,1,CMP-02320
CMP-00223,ப்ரொஜெக்டர் காட்சி அளிக்கவில்லை பிரச்சனை C-101 இடத்தில் உள்ளது.,ப ர ஜ க டர க ட ச அள க கவ ல ல ப ரச சன c 101 இடத த ல உள ளத,Classroom and Laboratory,Academic Infrastructure,Medium,Laboratory,C-101,0,
CMP-01482,Library Entrance இல் மின்பலகையின் அருகில் தண்ணீர் கசிகிறது. உடனடியாக நடவடிக்கை எடுக்கவும்.,library entrance இல ம ன பலக ய ன அர க ல தண ண ர கச க றத உடனட ய க நடவட க க எட க கவ ம,Safety and Security,Security Office,Critical,Hostel,Library Entrance,0,
CMP-00746,"Engineering Block la glass panel broken ah iruku, immediate ah solve pannunga.",engineering block la glass panel broken ah iruku immediate ah solve pannunga,Safety and Security,Security Office,Medium,Campus Building,Engineering Block,0,
CMP-00989,There is a problem because an unauthorized person entered the hostel area at Library Entrance.,there is a problem because an unauthorized person entered the hostel area at library entrance,Safety and Security,Security Office,High,Parking,Library Entrance,0,
CMP-02312,Urgent attention is needed because the food quality is poor in North Canteen.,urgent attention is needed because the food quality is poor in north canteen,Food and Canteen,Canteen Committee,Low,Canteen,North Canteen,0,
CMP-00391,Scholarship Office area la fee payment portal la update aagala.,scholarship office area la fee payment portal la update aagala,Administration and Documents,Administrative Office,Medium,Office,Scholarship Office,0,
CMP-02608,Please check the water tank is overflowing at Main Canteen.,please check the water tank is overflowing at main canteen,Water and Plumbing,Plumbing and Civil Maintenance,High,Canteen,Main Canteen,0,
CMP-02278,Hostel Mess இல் கேன்டீன் சேவை மிகவும் மெதுவாக உள்ளது. உடனடியாக நடவடிக்கை எடுக்கவும்.,hostel mess இல க ன ட ன ச வ ம கவ ம ம த வ க உள ளத உடனட ய க நடவட க க எட க கவ ம,Food and Canteen,Canteen Committee,Medium,Canteen,Hostel Mess,0,
CMP-02975,கட்டண செலுத்துதல் தளத்தில் புதுப்பிக்கப்படவில்லை பிரச்சனை Scholarship Office இடத்தில் உள்ளது.,கட டண ச ல த த தல தளத த ல ப த ப ப க கப படவ ல ல ப ரச சன scholarship office இடத த ல உள ளத,Administration and Documents,Administrative Office,Medium,Office,Scholarship Office,0,
CMP-00141,Please check the ceiling fan is not working at Computer Laboratory.,please check the ceiling fan is not working at computer laboratory,Electrical and Power,Electrical Maintenance,Medium,Campus Building,Computer Laboratory,0,
CMP-03102,Urgent attention is needed because the canteen service is very slow in Hostel Mess.,urgent attention is needed because the canteen service is very slow in hostel mess,Food and Canteen,Canteen Committee,Medium,Canteen,Hostel Mess,1,CMP-02278
CMP-03494,மின்பலகையின் அருகில் தண்ணீர் கசிகிறது பிரச்சனை Library Entrance இடத்தில் உள்ளது.,ம ன பலக ய ன அர க ல தண ண ர கச க றத ப ரச சன library entrance இடத த ல உள ளத,Safety and Security,Security Office,High,Parking,Library Entrance,1,CMP-00989
CMP-01685,I want to report that the ERP login is failing in Hostel Block B.,i want to report that the erp login is failing in hostel block b,Wi-Fi and IT Services,IT Support and Network Cell,High,Classroom,Hostel Block B,0,
CMP-01956,Route 3 Bus Stop area la campus bus late ah vandhuchu.,route 3 bus stop area la campus bus late ah vandhuchu,Transport and Parking,Transport Cell,High,Campus Road,Route 3 Bus Stop,0,
CMP-03144,Central Library பகுதியில் வைஃபை வேலை செய்யவில்லை. தயவுசெய்து சரிசெய்யவும்.,central library பக த ய ல வ ஃப வ ல ச ய யவ ல ல தயவ ச ய த சர ச ய யவ ம,Wi-Fi and IT Services,IT Support and Network Cell,Low,Laboratory,Central Library,1,CMP-02057
CMP-03244,Route 3 Bus Stop பகுதியில் வளாக பேருந்து தாமதமாக வந்தது. தயவுசெய்து சரிசெய்யவும்.,route 3 bus stop பக த ய ல வள க ப ர ந த த மதம க வந தத தயவ ச ய த சர ச ய யவ ம,Transport and Parking,Transport Cell,High,Campus Road,Route 3 Bus Stop,1,CMP-01956
CMP-01980,Hostel Room 214 area la room door lock broken ah iruku.,hostel room 214 area la room door lock broken ah iruku,Hostel and Accommodation,Hostel Administration,Low,Hostel,Hostel Room 214,0,
CMP-03392,Engineering Block பகுதியில் படிக்கட்டு கைப்பிடி தளர்வாக உள்ளது. தயவுசெய்து சரிசெய்யவும்.,engineering block பக த ய ல பட க கட ட க ப ப ட தளர வ க உள ளத தயவ ச ய த சர ச ய யவ ம,Safety and Security,Security Office,Medium,Campus Building,Engineering Block,1,CMP-00746
CMP-02451,மின்பலகையின் அருகில் தண்ணீர் கசிகிறது பிரச்சனை Library Entrance இடத்தில் உள்ளது.,ம ன பலக ய ன அர க ல தண ண ர கச க றத ப ரச சன library entrance இடத த ல உள ளத,Safety and Security,Security Office,High,Hostel,Library Entrance,0,
CMP-01596,Hostel Room 312 area la room door lock broken ah iruku.,hostel room 312 area la room door lock broken ah iruku,Hostel and Accommodation,Hostel Administration,High,Hostel,Hostel Room 312,0,
CMP-00076,Electronics Laboratory இல் ப்ரொஜெக்டர் காட்சி அளிக்கவில்லை. உடனடியாக நடவடிக்கை எடுக்கவும்.,electronics laboratory இல ப ர ஜ க டர க ட ச அள க கவ ல ல உடனட ய க நடவட க க எட க கவ ம,Classroom and Laboratory,Academic Infrastructure,Low,Laboratory,Electronics Laboratory,0,
CMP-02796,I want to report that garbage has accumulated in Library Washroom.,i want to report that garbage has accumulated in library washroom,Cleanliness and Waste,Housekeeping and Sanitation,Low,Hostel,Library Washroom,0,
CMP-02275,Main Parking Area la bus romba crowded ah iruku. Please check pannunga.,main parking area la bus romba crowded ah iruku please check pannunga,Transport and Parking,Transport Cell,Low,Campus Road,Main Parking Area,0,
CMP-02702,Urgent attention is needed because the campus street light is not working in Main Gate.,urgent attention is needed because the campus street light is not working in main gate,Safety and Security,Security Office,Critical,Parking,Main Gate,0,
CMP-00041,Campus Road la campus street light work aagala. Please check pannunga.,campus road la campus street light work aagala please check pannunga,Safety and Security,Security Office,High,Campus Building,Campus Road,0,
CMP-01680,"Hostel Block B la glass panel broken ah iruku, immediate ah solve pannunga.",hostel block b la glass panel broken ah iruku immediate ah solve pannunga,Safety and Security,Security Office,High,Campus Building,Hostel Block B,0,
CMP-01278,Urgent attention is needed because there is a power outage in Computer Laboratory.,urgent attention is needed because there is a power outage in computer laboratory,Electrical and Power,Electrical Maintenance,Critical,Classroom,Computer Laboratory,0,
CMP-02790,Urgent attention is needed because a vehicle is blocking the campus entrance in Route 3 Bus Stop.,urgent attention is needed because a vehicle is blocking the campus entrance in route 3 bus stop,Transport and Parking,Transport Cell,Low,Campus Road,Route 3 Bus Stop,0,
CMP-01872,Hostel Block A இல் மின்விசிறி வேலை செய்யவில்லை. உடனடியாக நடவடிக்கை எடுக்கவும்.,hostel block a இல ம ன வ ச ற வ ல ச ய யவ ல ல உடனட ய க நடவட க க எட க கவ ம,Electrical and Power,Electrical Maintenance,Medium,Laboratory,Hostel Block A,0,
CMP-02390,Main Gate area la unauthorized person hostel area la vandhirukanga.,main gate area la unauthorized person hostel area la vandhirukanga,Safety and Security,Security Office,High,Campus Building,Main Gate,0,
CMP-03429,corridor light eriyala at Computer Laboratory. Kindly action edunga.,corridor light eriyala at computer laboratory kindly action edunga,Electrical and Power,Electrical Maintenance,Medium,Campus Building,Computer Laboratory,1,CMP-00141
CMP-01990,Urgent attention is needed because the corridor is dirty in Boys Hostel Washroom.,urgent attention is needed because the corridor is dirty in boys hostel washroom,Cleanliness and Waste,Housekeeping and Sanitation,Critical,Hostel,Boys Hostel Washroom,0,
CMP-03051,Hostel Block B இல் கண்ணாடி பலகம் உடைந்துள்ளது. உடனடியாக நடவடிக்கை எடுக்கவும்.,hostel block b இல கண ண ட பலகம உட ந த ள ளத உடனட ய க நடவட க க எட க கவ ம,Safety and Security,Security Office,High,Campus Building,Hostel Block B,1,CMP-01680
CMP-02230,Engineering Block இல் குழாயில் தண்ணீர் கசிகிறது. உடனடியாக நடவடிக்கை எடுக்கவும்.,engineering block இல க ழ ய ல தண ண ர கச க றத உடனட ய க நடவட க க எட க கவ ம,Water and Plumbing,Plumbing and Civil Maintenance,Medium,Canteen,Engineering Block,0,
CMP-01732,C-204 இல் ப்ரொஜெக்டர் காட்சி அளிக்கவில்லை. உடனடியாக நடவடிக்கை எடுக்கவும்.,c 204 இல ப ர ஜ க டர க ட ச அள க கவ ல ல உடனட ய க நடவட க க எட க கவ ம,Classroom and Laboratory,Academic Infrastructure,High,Classroom,C-204,0,
CMP-03621,"Scholarship Office la ID card request delay aagudhu, immediate ah solve pannunga.",scholarship office la id card request delay aagudhu immediate ah solve pannunga,Administration and Documents,Administrative Office,Medium,Office,Scholarship Office,1,CMP-02975
CMP-00617,There is a problem because the classroom has poor ventilation at Electronics Laboratory.,there is a problem because the classroom has poor ventilation at electronics laboratory,Classroom and Laboratory,Academic Infrastructure,High,Classroom,Electronics Laboratory,0,
CMP-00874,There is a problem because the Wi-Fi is not working at Computer Laboratory.,there is a problem because the wi fi is not working at computer laboratory,Wi-Fi and IT Services,IT Support and Network Cell,Medium,Library,Computer Laboratory,0,
CMP-03073,Urgent attention is needed because water is leaking near an electrical panel in Campus Road.,urgent attention is needed because water is leaking near an electrical panel in campus road,Safety and Security,Security Office,High,Campus Building,Campus Road,1,CMP-00041
CMP-02339,"Route 2 Bus Stop la campus bus late ah vandhuchu, immediate ah solve pannunga.",route 2 bus stop la campus bus late ah vandhuchu immediate ah solve pannunga,Transport and Parking,Transport Cell,Low,Campus Road,Route 2 Bus Stop,0,
CMP-01373,There is a problem because the projector is not displaying at Computer Laboratory.,there is a problem because the projector is not displaying at computer laboratory,Classroom and Laboratory,Academic Infrastructure,High,Laboratory,Computer Laboratory,0,
CMP-01003,Urgent attention is needed because the drinking water dispenser is not working in North Canteen.,urgent attention is needed because the drinking water dispenser is not working in north canteen,Food and Canteen,Canteen Committee,High,Canteen,North Canteen,0,
CMP-00638,குப்பை இடத்தின் அருகில் துர்நாற்றம் உள்ளது பிரச்சனை Main Canteen இடத்தில் உள்ளது.,க ப ப இடத த ன அர க ல த ர ந ற றம உள ளத ப ரச சன main canteen இடத த ல உள ளத,Cleanliness and Waste,Housekeeping and Sanitation,Low,Hostel,Main Canteen,0,
CMP-02078,Please check the scholarship application status is not updated at Examination Cell.,please check the scholarship application status is not updated at examination cell,Administration and Documents,Administrative Office,Medium,Office,Examination Cell,0,
CMP-01943,Route 1 Bus Stop பகுதியில் நிறுத்துமிடம் கிடைக்கவில்லை. தயவுசெய்து சரிசெய்யவும்.,route 1 bus stop பக த ய ல ந ற த த ம டம க ட க கவ ல ல தயவ ச ய த சர ச ய யவ ம,Transport and Parking,Transport Cell,High,Parking,Route 1 Bus Stop,0,
CMP-03603,Computer Laboratory இல் குழல் விளக்கு மின்னுகிறது. உடனடியாக நடவடிக்கை எடுக்கவும்.,computer laboratory இல க ழல வ ளக க ம ன ன க றத உடனட ய க நடவட க க எட க கவ ம,Electrical and Power,Electrical Maintenance,Critical,Classroom,Computer Laboratory,1,CMP-01278
CMP-01691,Central Library இல் இணைய இணைப்பு மிகவும் மெதுவாக உள்ளது. உடனடியாக நடவடிக்கை எடுக்கவும்.,central library இல இண ய இண ப ப ம கவ ம ம த வ க உள ளத உடனட ய க நடவட க க எட க கவ ம,Wi-Fi and IT Services,IT Support and Network Cell,Medium,Classroom,Central Library,0,
CMP-02327,உணவு சுகாதாரமற்றதாக உள்ளது பிரச்சனை Hostel Mess இடத்தில் உள்ளது.,உணவ ச க த ரமற றத க உள ளத ப ரச சன hostel mess இடத த ல உள ளத,Food and Canteen,Canteen Committee,Critical,Canteen,Hostel Mess,0,
CMP-03246,Please check the hostel room is not cleaned at Hostel Room 214.,please check the hostel room is not cleaned at hostel room 214,Hostel and Accommodation,Hostel Administration,Low,Hostel,Hostel Room 214,1,CMP-01980
CMP-01113,குழல் விளக்கு மின்னுகிறது பிரச்சனை Hostel Block B இடத்தில் உள்ளது.,க ழல வ ளக க ம ன ன க றத ப ரச சன hostel block b இடத த ல உள ளத,Electrical and Power,Electrical Maintenance,Low,Hostel,Hostel Block B,0,
CMP-02497,Route 2 Bus Stop இல் வளாக பேருந்து தாமதமாக வந்தது. உடனடியாக நடவடிக்கை எடுக்கவும்.,route 2 bus stop இல வள க ப ர ந த த மதம க வந தத உடனட ய க நடவட க க எட க கவ ம,Transport and Parking,Transport Cell,High,Parking,Route 2 Bus Stop,0,
CMP-00881,There is a problem because the student portal is not loading at Central Library.,there is a problem because the student portal is not loading at central library,Wi-Fi and IT Services,IT Support and Network Cell,High,Laboratory,Central Library,0,
CMP-02155,உணவு சுகாதாரமற்றதாக உள்ளது பிரச்சனை Main Canteen இடத்தில் உள்ளது.,உணவ ச க த ரமற றத க உள ளத ப ரச சன main canteen இடத த ல உள ளத,Food and Canteen,Canteen Committee,High,Canteen,Main Canteen,0,
CMP-02993,There is a problem because the laboratory computer cannot access the network at Central Library Reading Hall.,there is a problem because the laboratory computer cannot access the network at central library reading hall,Wi-Fi and IT Services,IT Support and Network Cell,High,Classroom,Central Library Reading Hall,0,
CMP-00335,Main Canteen இல் தண்ணீர் வழங்கல் இல்லை. உடனடியாக நடவடிக்கை எடுக்கவும்.,main canteen இல தண ண ர வழங கல இல ல உடனட ய க நடவட க க எட க கவ ம,Water and Plumbing,Plumbing and Civil Maintenance,High,Canteen,Main Canteen,0,
CMP-01788,Please check an unauthorized person entered the hostel area at Library Entrance.,please check an unauthorized person entered the hostel area at library entrance,Safety and Security,Security Office,Critical,Campus Building,Library Entrance,0,
CMP-00253,Computer Laboratory இல் இணைய இணைப்பு மிகவும் மெதுவாக உள்ளது. உடனடியாக நடவடிக்கை எடுக்கவும்.,computer laboratory இல இண ய இண ப ப ம கவ ம ம த வ க உள ளத உடனட ய க நடவட க க எட க கவ ம,Wi-Fi and IT Services,IT Support and Network Cell,High,Laboratory,Computer Laboratory,0,
CMP-01143,I want to report that the corridor is dirty in Academic Block Corridor.,i want to report that the corridor is dirty in academic block corridor,Cleanliness and Waste,Housekeeping and Sanitation,Medium,Campus Road,Academic Block Corridor,0,
CMP-02865,corridor light eriyala at C-204. Kindly action edunga.,corridor light eriyala at c 204 kindly action edunga,Electrical and Power,Electrical Maintenance,Medium,Laboratory,C-204,0,
CMP-03225,North Canteen பகுதியில் கேன்டீன் சேவை மிகவும் மெதுவாக உள்ளது. தயவுசெய்து சரிசெய்யவும்.,north canteen பக த ய ல க ன ட ன ச வ ம கவ ம ம த வ க உள ளத தயவ ச ய த சர ச ய யவ ம,Food and Canteen,Canteen Committee,High,Canteen,North Canteen,1,CMP-01003
CMP-01798,scholarship status update aagala at Student Service Centre. Kindly action edunga.,scholarship status update aagala at student service centre kindly action edunga,Administration and Documents,Administrative Office,High,Office,Student Service Centre,0,
CMP-00192,I want to report that the bonafide certificate request is pending in Academic Office.,i want to report that the bonafide certificate request is pending in academic office,Administration and Documents,Administrative Office,Low,Office,Academic Office,0,
CMP-00849,Route 1 Bus Stop area la vehicle campus entrance block pannudhu.,route 1 bus stop area la vehicle campus entrance block pannudhu,Transport and Parking,Transport Cell,High,Parking,Route 1 Bus Stop,0,
CMP-01428,Please check the ceiling fan is not working at Computer Laboratory.,please check the ceiling fan is not working at computer laboratory,Electrical and Power,Electrical Maintenance,High,Campus Building,Computer Laboratory,0,
CMP-00921,garbage accumulate aagiruku at Library Washroom. Kindly action edunga.,garbage accumulate aagiruku at library washroom kindly action edunga,Cleanliness and Waste,Housekeeping and Sanitation,Critical,Washroom,Library Washroom,0,
CMP-02549,electrical panel pakkathula water leak aagudhu at Campus Road. Kindly action edunga.,electrical panel pakkathula water leak aagudhu at campus road kindly action edunga,Safety and Security,Security Office,High,Campus Building,Campus Road,0,
CMP-00256,Please check there is a broken glass panel at Engineering Block.,please check there is a broken glass panel at engineering block,Safety and Security,Security Office,Critical,Campus Building,Engineering Block,0,
CMP-00649,Hostel Block B la switch damage aagiruku. Please check pannunga.,hostel block b la switch damage aagiruku please check pannunga,Electrical and Power,Electrical Maintenance,Medium,Classroom,Hostel Block B,0,
CMP-00596,ID card request delay aagudhu at Accounts Office. Kindly action edunga.,id card request delay aagudhu at accounts office kindly action edunga,Administration and Documents,Administrative Office,Low,Office,Accounts Office,0,
CMP-00842,fan work aagala at Computer Laboratory. Kindly action edunga.,fan work aagala at computer laboratory kindly action edunga,Electrical and Power,Electrical Maintenance,High,Classroom,Computer Laboratory,0,
CMP-00028,I want to report that there is no water supply in Hostel Block B.,i want to report that there is no water supply in hostel block b,Water and Plumbing,Plumbing and Civil Maintenance,Medium,Campus Building,Hostel Block B,0,
CMP-02746,Route 2 Bus Stop பகுதியில் வளாக பேருந்து தாமதமாக வந்தது. தயவுசெய்து சரிசெய்யவும்.,route 2 bus stop பக த ய ல வள க ப ர ந த த மதம க வந தத தயவ ச ய த சர ச ய யவ ம,Transport and Parking,Transport Cell,Medium,Parking,Route 2 Bus Stop,0,
CMP-01807,"Computer Laboratory la internet romba slow ah iruku, immediate ah solve pannunga.",computer laboratory la internet romba slow ah iruku immediate ah solve pannunga,Wi-Fi and IT Services,IT Support and Network Cell,Medium,Hostel,Computer Laboratory,0,
CMP-02623,tube light flicker aagudhu at Engineering Block. Kindly action edunga.,tube light flicker aagudhu at engineering block kindly action edunga,Electrical and Power,Electrical Maintenance,Medium,Hostel,Engineering Block,0,
CMP-03373,Computer Laboratory இல் ப்ரொஜெக்டர் காட்சி அளிக்கவில்லை. உடனடியாக நடவடிக்கை எடுக்கவும்.,computer laboratory இல ப ர ஜ க டர க ட ச அள க கவ ல ல உடனட ய க நடவட க க எட க கவ ம,Classroom and Laboratory,Academic Infrastructure,High,Laboratory,Computer Laboratory,1,CMP-01373
CMP-03041,Student Service Centre பகுதியில் அடையாள அட்டை கோரிக்கை தாமதமாகிறது. தயவுசெய்து சரிசெய்யவும்.,student service centre பக த ய ல அட ய ள அட ட க ர க க த மதம க றத தயவ ச ய த சர ச ய யவ ம,Administration and Documents,Administrative Office,High,Office,Student Service Centre,1,CMP-01798
CMP-02520,I want to report that the washroom has not been cleaned in Academic Block Corridor.,i want to report that the washroom has not been cleaned in academic block corridor,Cleanliness and Waste,Housekeeping and Sanitation,Medium,Washroom,Academic Block Corridor,0,
CMP-00621,Urgent attention is needed because the marksheet correction request is pending in Student Service Centre.,urgent attention is needed because the marksheet correction request is pending in student service centre,Administration and Documents,Administrative Office,Medium,Office,Student Service Centre,0,
CMP-01613,Urgent attention is needed because there is no parking space available in Route 1 Bus Stop.,urgent attention is needed because there is no parking space available in route 1 bus stop,Transport and Parking,Transport Cell,Low,Campus Road,Route 1 Bus Stop,0,
CMP-00945,I want to report that the washroom tap is broken in Girls Hostel Washroom.,i want to report that the washroom tap is broken in girls hostel washroom,Water and Plumbing,Plumbing and Civil Maintenance,Medium,Canteen,Girls Hostel Washroom,0,
CMP-01486,Urgent attention is needed because the corridor light is not working in Computer Laboratory.,urgent attention is needed because the corridor light is not working in computer laboratory,Electrical and Power,Electrical Maintenance,Medium,Campus Building,Computer Laboratory,0,
CMP-03483,"Main Canteen la dustbin overflow aagudhu, immediate ah solve pannunga.",main canteen la dustbin overflow aagudhu immediate ah solve pannunga,Cleanliness and Waste,Housekeeping and Sanitation,Low,Hostel,Main Canteen,1,CMP-00638
CMP-00027,ஜன்னல் சேதமடைந்துள்ளது பிரச்சனை Boys Hostel Block A இடத்தில் உள்ளது.,ஜன னல ச தமட ந த ள ளத ப ரச சன boys hostel block a இடத த ல உள ளத,Hostel and Accommodation,Hostel Administration,Low,Hostel,Boys Hostel Block A,0,
CMP-02335,scholarship status update aagala at Student Service Centre. Kindly action edunga.,scholarship status update aagala at student service centre kindly action edunga,Administration and Documents,Administrative Office,Low,Office,Student Service Centre,0,
CMP-01150,lab computer network connect aagala at Central Library. Kindly action edunga.,lab computer network connect aagala at central library kindly action edunga,Wi-Fi and IT Services,IT Support and Network Cell,High,Laboratory,Central Library,0,
CMP-00382,Urgent attention is needed because the bonafide certificate request is pending in Examination Cell.,urgent attention is needed because the bonafide certificate request is pending in examination cell,Administration and Documents,Administrative Office,Low,Office,Examination Cell,0,
CMP-01054,dustbin overflow aagudhu at Academic Block Corridor. Kindly action edunga.,dustbin overflow aagudhu at academic block corridor kindly action edunga,Cleanliness and Waste,Housekeeping and Sanitation,Low,Washroom,Academic Block Corridor,0,
CMP-02174,There is a problem because the drinking water dispenser is not working at North Canteen.,there is a problem because the drinking water dispenser is not working at north canteen,Food and Canteen,Canteen Committee,Critical,Canteen,North Canteen,0,
CMP-02281,Urgent attention is needed because there is a broken glass panel in Campus Road.,urgent attention is needed because there is a broken glass panel in campus road,Safety and Security,Security Office,Critical,Parking,Campus Road,0,
CMP-03387,"Main Canteen la pipe la water leak aagudhu, immediate ah solve pannunga.",main canteen la pipe la water leak aagudhu immediate ah solve pannunga,Water and Plumbing,Plumbing and Civil Maintenance,High,Canteen,Main Canteen,1,CMP-00335
CMP-02531,Examination Cell இல் பொனஃபைடு சான்றிதழ் கோரிக்கை நிலுவையில் உள்ளது. உடனடியாக நடவடிக்கை எடுக்கவும்.,examination cell இல ப னஃப ட ச ன ற தழ க ர க க ந ல வ ய ல உள ளத உடனட ய க நடவட க க எட க கவ ம,Administration and Documents,Administrative Office,High,Office,Examination Cell,0,
CMP-02427,"C-305 la current supply illa, immediate ah solve pannunga.",c 305 la current supply illa immediate ah solve pannunga,Electrical and Power,Electrical Maintenance,Medium,Classroom,C-305,0,
CMP-03440,lab computer network connect aagala at Central Library Reading Hall. Kindly action edunga.,lab computer network connect aagala at central library reading hall kindly action edunga,Wi-Fi and IT Services,IT Support and Network Cell,High,Classroom,Central Library Reading Hall,1,CMP-02993
CMP-03861,Student Service Centre area la scholarship status update aagala.,student service centre area la scholarship status update aagala,Administration and Documents,Administrative Office,Medium,Office,Student Service Centre,1,CMP-00621
CMP-03504,Campus Road இல் கண்ணாடி பலகம் உடைந்துள்ளது. உடனடியாக நடவடிக்கை எடுக்கவும்.,campus road இல கண ண ட பலகம உட ந த ள ளத உடனட ய க நடவட க க எட க கவ ம,Safety and Security,Security Office,High,Campus Building,Campus Road,1,CMP-02549
CMP-01856,Urgent attention is needed because water is leaking from the pipe in Girls Hostel Washroom.,urgent attention is needed because water is leaking from the pipe in girls hostel washroom,Water and Plumbing,Plumbing and Civil Maintenance,High,Hostel,Girls Hostel Washroom,0,
CMP-00370,Please check the washroom has not been cleaned at Girls Hostel Washroom.,please check the washroom has not been cleaned at girls hostel washroom,Cleanliness and Waste,Housekeeping and Sanitation,High,Hostel,Girls Hostel Washroom,0,
CMP-01199,There is a problem because the bonafide certificate request is pending at Scholarship Office.,there is a problem because the bonafide certificate request is pending at scholarship office,Administration and Documents,Administrative Office,Medium,Office,Scholarship Office,0,
CMP-03199,கண்ணாடி பலகம் உடைந்துள்ளது பிரச்சனை Campus Road இடத்தில் உள்ளது.,கண ண ட பலகம உட ந த ள ளத ப ரச சன campus road இடத த ல உள ளத,Safety and Security,Security Office,Critical,Parking,Campus Road,1,CMP-02281
CMP-03840,ERP login aagala at Computer Laboratory. Kindly action edunga.,erp login aagala at computer laboratory kindly action edunga,Wi-Fi and IT Services,IT Support and Network Cell,High,Laboratory,Computer Laboratory,1,CMP-00253
CMP-00894,Main Canteen la waste area pakkathula bad smell iruku. Please check pannunga.,main canteen la waste area pakkathula bad smell iruku please check pannunga,Cleanliness and Waste,Housekeeping and Sanitation,Low,Campus Road,Main Canteen,0,
CMP-00011,Examination Cell பகுதியில் பொனஃபைடு சான்றிதழ் கோரிக்கை நிலுவையில் உள்ளது. தயவுசெய்து சரிசெய்யவும்.,examination cell பக த ய ல ப னஃப ட ச ன ற தழ க ர க க ந ல வ ய ல உள ளத தயவ ச ய த சர ச ய யவ ம,Administration and Documents,Administrative Office,Low,Office,Examination Cell,0,
CMP-00539,There is a problem because a vehicle is blocking the campus entrance at Route 1 Bus Stop.,there is a problem because a vehicle is blocking the campus entrance at route 1 bus stop,Transport and Parking,Transport Cell,Critical,Parking,Route 1 Bus Stop,0,
CMP-03836,Hostel Block B area la toilet block aagiruku.,hostel block b area la toilet block aagiruku,Water and Plumbing,Plumbing and Civil Maintenance,Medium,Campus Building,Hostel Block B,1,CMP-00028
CMP-03399,குழல் விளக்கு மின்னுகிறது பிரச்சனை Hostel Block B இடத்தில் உள்ளது.,க ழல வ ளக க ம ன ன க றத ப ரச சன hostel block b இடத த ல உள ளத,Electrical and Power,Electrical Maintenance,Medium,Classroom,Hostel Block B,1,CMP-00649
CMP-00395,C-204 இல் வகுப்பறை மேசை உடைந்துள்ளது. உடனடியாக நடவடிக்கை எடுக்கவும்.,c 204 இல வக ப பற ம ச உட ந த ள ளத உடனட ய க நடவட க க எட க கவ ம,Classroom and Laboratory,Academic Infrastructure,Low,Classroom,C-204,0,
CMP-00796,"Engineering Block la glass panel broken ah iruku, immediate ah solve pannunga.",engineering block la glass panel broken ah iruku immediate ah solve pannunga,Safety and Security,Security Office,High,Campus Road,Engineering Block,0,
CMP-01490,Girls Hostel Block A la room door lock broken ah iruku. Please check pannunga.,girls hostel block a la room door lock broken ah iruku please check pannunga,Hostel and Accommodation,Hostel Administration,High,Hostel,Girls Hostel Block A,0,
CMP-03502,North Canteen பகுதியில் உணவின் தரம் மோசமாக உள்ளது. தயவுசெய்து சரிசெய்யவும்.,north canteen பக த ய ல உணவ ன தரம ம சம க உள ளத தயவ ச ய த சர ச ய யவ ம,Food and Canteen,Canteen Committee,Critical,Canteen,North Canteen,1,CMP-02174
CMP-03200,பொனஃபைடு சான்றிதழ் கோரிக்கை நிலுவையில் உள்ளது பிரச்சனை Examination Cell இடத்தில் உள்ளது.,ப னஃப ட ச ன ற தழ க ர க க ந ல வ ய ல உள ளத ப ரச சன examination cell இடத த ல உள ளத,Administration and Documents,Administrative Office,Low,Office,Examination Cell,1,CMP-00382
CMP-03710,I want to report that the corridor light is not working in C-305.,i want to report that the corridor light is not working in c 305,Electrical and Power,Electrical Maintenance,Medium,Classroom,C-305,1,CMP-02427
CMP-01296,C-204 இல் வகுப்பறை மேசை உடைந்துள்ளது. உடனடியாக நடவடிக்கை எடுக்கவும்.,c 204 இல வக ப பற ம ச உட ந த ள ளத உடனட ய க நடவட க க எட க கவ ம,Classroom and Laboratory,Academic Infrastructure,Critical,Classroom,C-204,0,
CMP-01479,There is a problem because a vehicle is blocking the campus entrance at Route 3 Bus Stop.,there is a problem because a vehicle is blocking the campus entrance at route 3 bus stop,Transport and Parking,Transport Cell,Medium,Campus Road,Route 3 Bus Stop,0,
CMP-02837,"Academic Office la scholarship status update aagala, immediate ah solve pannunga.",academic office la scholarship status update aagala immediate ah solve pannunga,Administration and Documents,Administrative Office,Medium,Office,Academic Office,0,
CMP-01593,Main Canteen la garbage accumulate aagiruku. Please check pannunga.,main canteen la garbage accumulate aagiruku please check pannunga,Cleanliness and Waste,Housekeeping and Sanitation,Low,Campus Road,Main Canteen,0,
CMP-03250,Please check there is a power outage at Engineering Block.,please check there is a power outage at engineering block,Electrical and Power,Electrical Maintenance,Medium,Hostel,Engineering Block,1,CMP-02623
CMP-02146,Urgent attention is needed because the food price is incorrect in Main Canteen.,urgent attention is needed because the food price is incorrect in main canteen,Food and Canteen,Canteen Committee,Medium,Canteen,Main Canteen,0,
CMP-01321,Scholarship Office area la ID card request delay aagudhu.,scholarship office area la id card request delay aagudhu,Administration and Documents,Administrative Office,Low,Office,Scholarship Office,0,
CMP-03853,மின்விசிறி வேலை செய்யவில்லை பிரச்சனை Computer Laboratory இடத்தில் உள்ளது.,ம ன வ ச ற வ ல ச ய யவ ல ல ப ரச சன computer laboratory இடத த ல உள ளத,Electrical and Power,Electrical Maintenance,High,Classroom,Computer Laboratory,1,CMP-00842
CMP-01669,Urgent attention is needed because the food quality is poor in Hostel Mess.,urgent attention is needed because the food quality is poor in hostel mess,Food and Canteen,Canteen Committee,Critical,Canteen,Hostel Mess,0,
CMP-02676,C-204 area la lab equipment work aagala.,c 204 area la lab equipment work aagala,Classroom and Laboratory,Academic Infrastructure,High,Laboratory,C-204,0,
CMP-02673,I want to report that the room door lock is broken in Boys Hostel Block B.,i want to report that the room door lock is broken in boys hostel block b,Hostel and Accommodation,Hostel Administration,High,Hostel,Boys Hostel Block B,0,
CMP-01151,I want to report that water is leaking from the pipe in Hostel Block A.,i want to report that water is leaking from the pipe in hostel block a,Water and Plumbing,Plumbing and Civil Maintenance,Low,Campus Building,Hostel Block A,0,
CMP-03626,Route 1 Bus Stop இல் நிறுத்துமிடம் கிடைக்கவில்லை. உடனடியாக நடவடிக்கை எடுக்கவும்.,route 1 bus stop இல ந ற த த ம டம க ட க கவ ல ல உடனட ய க நடவட க க எட க கவ ம,Transport and Parking,Transport Cell,Low,Campus Road,Route 1 Bus Stop,1,CMP-01613
CMP-03495,I want to report that the scholarship application status is not updated in Examination Cell.,i want to report that the scholarship application status is not updated in examination cell,Administration and Documents,Administrative Office,Low,Office,Examination Cell,1,CMP-00011
CMP-03668,AC work aagala at C-204. Kindly action edunga.,ac work aagala at c 204 kindly action edunga,Classroom and Laboratory,Academic Infrastructure,Critical,Classroom,C-204,1,CMP-01296
CMP-00021,Please check there is a broken glass panel at Parking Area.,please check there is a broken glass panel at parking area,Safety and Security,Security Office,Critical,Parking,Parking Area,0,
CMP-00759,உதவித்தொகை நிலை புதுப்பிக்கப்படவில்லை பிரச்சனை Academic Office இடத்தில் உள்ளது.,உதவ த த க ந ல ப த ப ப க கப படவ ல ல ப ரச சன academic office இடத த ல உள ளத,Administration and Documents,Administrative Office,Low,Office,Academic Office,0,
CMP-01102,Engineering Block இல் வளாக தெருவிளக்கு வேலை செய்யவில்லை. உடனடியாக நடவடிக்கை எடுக்கவும்.,engineering block இல வள க த ர வ ளக க வ ல ச ய யவ ல ல உடனட ய க நடவட க க எட க கவ ம,Safety and Security,Security Office,Medium,Hostel,Engineering Block,0,
CMP-02023,I want to report that the mattress is damaged in Girls Hostel Block B.,i want to report that the mattress is damaged in girls hostel block b,Hostel and Accommodation,Hostel Administration,Medium,Hostel,Girls Hostel Block B,0,
CMP-02068,Please check the projector is not displaying at C-305.,please check the projector is not displaying at c 305,Classroom and Laboratory,Academic Infrastructure,High,Laboratory,C-305,0,
CMP-02614,Central Library Reading Hall பகுதியில் இணைய இணைப்பு மிகவும் மெதுவாக உள்ளது. தயவுசெய்து சரிசெய்யவும்.,central library reading hall பக த ய ல இண ய இண ப ப ம கவ ம ம த வ க உள ளத தயவ ச ய த சர ச ய யவ ம,Wi-Fi and IT Services,IT Support and Network Cell,Medium,Hostel,Central Library Reading Hall,0,
CMP-03205,There is a problem because the corridor is dirty at Main Canteen.,there is a problem because the corridor is dirty at main canteen,Cleanliness and Waste,Housekeeping and Sanitation,Low,Campus Road,Main Canteen,1,CMP-01593
CMP-00524,Academic Block Corridor பகுதியில் கழிவறை சுத்தம் செய்யப்படவில்லை. தயவுசெய்து சரிசெய்யவும்.,academic block corridor பக த ய ல கழ வற ச த தம ச ய யப படவ ல ல தயவ ச ய த சர ச ய யவ ம,Cleanliness and Waste,Housekeeping and Sanitation,High,Hostel,Academic Block Corridor,0,
CMP-00032,I want to report that the corridor is dirty in Girls Hostel Washroom.,i want to report that the corridor is dirty in girls hostel washroom,Cleanliness and Waste,Housekeeping and Sanitation,Medium,Washroom,Girls Hostel Washroom,0,
CMP-00647,Examination Cell area la ID card request delay aagudhu.,examination cell area la id card request delay aagudhu,Administration and Documents,Administrative Office,High,Office,Examination Cell,0,
CMP-02541,Girls Hostel Washroom area la water tank overflow aagudhu.,girls hostel washroom area la water tank overflow aagudhu,Water and Plumbing,Plumbing and Civil Maintenance,Medium,Washroom,Girls Hostel Washroom,0,
CMP-01696,Hostel Mess பகுதியில் உணவு சுகாதாரமற்றதாக உள்ளது. தயவுசெய்து சரிசெய்யவும்.,hostel mess பக த ய ல உணவ ச க த ரமற றத க உள ளத தயவ ச ய த சர ச ய யவ ம,Food and Canteen,Canteen Committee,Low,Canteen,Hostel Mess,0,
CMP-01259,Girls Hostel Washroom area la corridor dirty ah iruku.,girls hostel washroom area la corridor dirty ah iruku,Cleanliness and Waste,Housekeeping and Sanitation,High,Hostel,Girls Hostel Washroom,0,
CMP-02846,I want to report that the campus street light is not working in Hostel Block B.,i want to report that the campus street light is not working in hostel block b,Safety and Security,Security Office,Critical,Campus Building,Hostel Block B,0,
CMP-02988,Engineering Block la pipe la water leak aagudhu. Please check pannunga.,engineering block la pipe la water leak aagudhu please check pannunga,Water and Plumbing,Plumbing and Civil Maintenance,Medium,Hostel,Engineering Block,0,
CMP-01863,I want to report that the ceiling fan is not working in C-305.,i want to report that the ceiling fan is not working in c 305,Electrical and Power,Electrical Maintenance,Medium,Laboratory,C-305,0,
CMP-02166,There is a problem because the food appears unhygienic at Hostel Mess.,there is a problem because the food appears unhygienic at hostel mess,Food and Canteen,Canteen Committee,Medium,Canteen,Hostel Mess,0,
CMP-03141,Urgent attention is needed because the marksheet correction request is pending in Academic Office.,urgent attention is needed because the marksheet correction request is pending in academic office,Administration and Documents,Administrative Office,Medium,Office,Academic Office,1,CMP-02837
CMP-03698,Hostel Block B பகுதியில் மின்பலகையின் அருகில் தண்ணீர் கசிகிறது. தயவுசெய்து சரிசெய்யவும்.,hostel block b பக த ய ல ம ன பலக ய ன அர க ல தண ண ர கச க றத தயவ ச ய த சர ச ய யவ ம,Safety and Security,Security Office,Critical,Campus Building,Hostel Block B,1,CMP-02846
CMP-03724,I want to report that the washroom tap is broken in Girls Hostel Washroom.,i want to report that the washroom tap is broken in girls hostel washroom,Water and Plumbing,Plumbing and Civil Maintenance,Medium,Washroom,Girls Hostel Washroom,1,CMP-02541
CMP-03251,Examination Cell பகுதியில் உதவித்தொகை நிலை புதுப்பிக்கப்படவில்லை. தயவுசெய்து சரிசெய்யவும்.,examination cell பக த ய ல உதவ த த க ந ல ப த ப ப க கப படவ ல ல தயவ ச ய த சர ச ய யவ ம,Administration and Documents,Administrative Office,High,Office,Examination Cell,1,CMP-00647
CMP-03212,Hostel Mess இல் உணவு சுகாதாரமற்றதாக உள்ளது. உடனடியாக நடவடிக்கை எடுக்கவும்.,hostel mess இல உணவ ச க த ரமற றத க உள ளத உடனட ய க நடவட க க எட க கவ ம,Food and Canteen,Canteen Committee,Medium,Canteen,Hostel Mess,1,CMP-02166
